Card Name,Front Face Name,Color,Color Code,Color Identity,Mana Cost,Mana Value,Rarity,Card Type,Cast Bucket,Required Colors,Hybrid Colors,Archetype Size Min,Archetypes,J2SJosh Rating,Rating Note,Second Half,Second Half Cost,Layout,Scryfall URL,Image URL,Collector Number
"Emrakul, the Exigent Doom","Emrakul, the Exigent Doom",Colorless,C,C,{10},10,Mythic,Legendary Creature — Eldrazi,Colorless,,,0,|White||Blue||Black||Red||Green||White/Blue||White/Black||White/Red||White/Green||Blue/Black||Blue/Red||Blue/Green||Black/Red||Black/Green||Red/Green||White/Blue/Black||White/Blue/Red||White/Blue/Green||White/Black/Red||White/Black/Green||White/Red/Green||Blue/Black/Red||Blue/Black/Green||Blue/Red/Green||Black/Red/Green||White/Blue/Black/Red||White/Blue/Black/Green||White/Blue/Red/Green||White/Black/Red/Green||Blue/Black/Red/Green||White/Blue/Black/Red/Green|,1.5,,,,normal,https://scryfall.com/card/fra/1/emrakul-the-exigent-doom,https://cards.scryfall.io/normal/front/c/3/c3ff8dd3-88a8-49dc-a59b-e2748680623c.jpg?1789060137,1
Academic Ascent,Academic Ascent,White,W,W,{1}{W},2,Common,Instant,Mono White,W,,1,|White||White/Blue||White/Black||White/Red||White/Green||White/Blue/Black||White/Blue/Red||White/Blue/Green||White/Black/Red||White/Black/Green||White/Red/Green||White/Blue/Black/Red||White/Blue/Black/Green||White/Blue/Red/Green||White/Black/Red/Green||White/Blue/Black/Red/Green|,1.5,,,,normal,https://scryfall.com/card/fra/2/academic-ascent,https://cards.scryfall.io/normal/front/7/3/730d8c28-1e58-4b8e-89e9-445d154d2e83.jpg?1788878081,2
Blossom-Blessed Angel // Seed Suture,Blossom-Blessed Angel,White,W,WG,{3}{W},4,Common,Creature — Angel Cleric,Mono White,W,WG,1,|White||White/Blue||White/Black||White/Red||White/Green||White/Blue/Black||White/Blue/Red||White/Blue/Green||White/Black/Red||White/Black/Green||White/Red/Green||White/Blue/Black/Red||White/Blue/Black/Green||White/Blue/Red/Green||White/Black/Red/Green||White/Blue/Black/Red/Green|,2.0,,Seed Suture,{G/W},prepare,https://scryfall.com/card/fra/3/blossom-blessed-angel-seed-suture,https://cards.scryfall.io/normal/front/5/e/5e77fbf0-9d1f-4e7d-a02e-43065d11b0d9.jpg?1789692643,3
Campus Crier,Campus Crier,White,W,W,{1}{W},2,Common,Creature — Human Advisor,Mono White,W,,1,|White||White/Blue||White/Black||White/Red||White/Green||White/Blue/Black||White/Blue/Red||White/Blue/Green||White/Black/Red||White/Black/Green||White/Red/Green||White/Blue/Black/Red||White/Blue/Black/Green||White/Blue/Red/Green||White/Black/Red/Green||White/Blue/Black/Red/Green|,2.0,,,,normal,https://scryfall.com/card/fra/4/campus-crier,https://cards.scryfall.io/normal/front/6/0/6047b14c-91d5-4f8e-af3f-057a541e2546.jpg?1788878120,4
Enlightened Confidant,Enlightened Confidant,White,W,W,{1}{W},2,Mythic,Creature — Kor Cleric,Mono White,W,,1,|White||White/Blue||White/Black||White/Red||White/Green||White/Blue/Black||White/Blue/Red||White/Blue/Green||White/Black/Red||White/Black/Green||White/Red/Green||White/Blue/Black/Red||White/Blue/Black/Green||White/Blue/Red/Green||White/Black/Red/Green||White/Blue/Black/Red/Green|,3.5,,,,normal,https://scryfall.com/card/fra/5/enlightened-confidant,https://cards.scryfall.io/normal/front/4/8/483fcc58-cc6e-4452-a696-7b38e117c837.jpg?1788329184,5
Fateshaper Aspirant,Fateshaper Aspirant,White,W,W,{4}{W},5,Common,Creature — Rhino Cleric,Mono White,W,,1,|White||White/Blue||White/Black||White/Red||White/Green||White/Blue/Black||White/Blue/Red||White/Blue/Green||White/Black/Red||White/Black/Green||White/Red/Green||White/Blue/Black/Red||White/Blue/Black/Green||White/Blue/Red/Green||White/Black/Red/Green||White/Blue/Black/Red/Green|,1.5,,,,normal,https://scryfall.com/card/fra/6/fateshaper-aspirant,https://cards.scryfall.io/normal/front/f/0/f0c8400d-824f-4d79-84bc-7615a0deb831.jpg?1789556683,6
Flickering Hound,Flickering Hound,White,W,W,{3}{W},4,Rare,Creature — Dog,Mono White,W,,1,|White||White/Blue||White/Black||White/Red||White/Green||White/Blue/Black||White/Blue/Red||White/Blue/Green||White/Black/Red||White/Black/Green||White/Red/Green||White/Blue/Black/Red||White/Blue/Black/Green||White/Blue/Red/Green||White/Black/Red/Green||White/Blue/Black/Red/Green|,3.5,,,,normal,https://scryfall.com/card/fra/7/flickering-hound,https://cards.scryfall.io/normal/front/6/8/686f3a25-305d-4f02-8972-eba7b8e9635f.jpg?1789470769,7
Generous Revival,Generous Revival,White,W,W,{2}{W},3,Uncommon,Sorcery,Mono White,W,,1,|White||White/Blue||White/Black||White/Red||White/Green||White/Blue/Black||White/Blue/Red||White/Blue/Green||White/Black/Red||White/Black/Green||White/Red/Green||White/Blue/Black/Red||White/Blue/Black/Green||White/Blue/Red/Green||White/Black/Red/Green||White/Blue/Black/Red/Green|,2.5,,,,normal,https://scryfall.com/card/fra/8/generous-revival,https://cards.scryfall.io/normal/front/f/8/f82f181b-a43b-4cec-b8f6-f6c1dd4c64fd.jpg?1788433351,8
Germinate Recruits,Germinate Recruits,White,W,W,{2}{W},3,Rare,Instant,Mono White,W,,1,|White||White/Blue||White/Black||White/Red||White/Green||White/Blue/Black||White/Blue/Red||White/Blue/Green||White/Black/Red||White/Black/Green||White/Red/Green||White/Blue/Black/Red||White/Blue/Black/Green||White/Blue/Red/Green||White/Black/Red/Green||White/Blue/Black/Red/Green|,1.0,,,,normal,https://scryfall.com/card/fra/9/germinate-recruits,https://cards.scryfall.io/normal/front/1/b/1b5d7d19-b32a-4786-ae9a-00da5e6658ad.jpg?1789644810,9
Graft Surgeon,Graft Surgeon,White,W,W,{2}{W},3,Common,Creature — Human Cleric,Mono White,W,,1,|White||White/Blue||White/Black||White/Red||White/Green||White/Blue/Black||White/Blue/Red||White/Blue/Green||White/Black/Red||White/Black/Green||White/Red/Green||White/Blue/Black/Red||White/Blue/Black/Green||White/Blue/Red/Green||White/Black/Red/Green||White/Blue/Black/Red/Green|,1.5,,,,normal,https://scryfall.com/card/fra/10/graft-surgeon,https://cards.scryfall.io/normal/front/3/2/32a7a905-11bf-4b66-a28e-1066a0e372b8.jpg?1789644811,10
Guiding Hydra,Guiding Hydra,White,W,W,{X}{W},1,Rare,Creature — Hydra Horror,Mono White,W,,1,|White||White/Blue||White/Black||White/Red||White/Green||White/Blue/Black||White/Blue/Red||White/Blue/Green||White/Black/Red||White/Black/Green||White/Red/Green||White/Blue/Black/Red||White/Blue/Black/Green||White/Blue/Red/Green||White/Black/Red/Green||White/Blue/Black/Red/Green|,4.0,,,,normal,https://scryfall.com/card/fra/11/guiding-hydra,https://cards.scryfall.io/normal/front/a/5/a53eb840-039d-4c45-b701-d58cb26b1a6c.jpg?1789644816,11
Hexhaven Battalion,Hexhaven Battalion,White,W,W,{4}{W}{W},6,Common,Sorcery,Mono White,W,,1,|White||White/Blue||White/Black||White/Red||White/Green||White/Blue/Black||White/Blue/Red||White/Blue/Green||White/Black/Red||White/Black/Green||White/Red/Green||White/Blue/Black/Red||White/Blue/Black/Green||White/Blue/Red/Green||White/Black/Red/Green||White/Blue/Black/Red/Green|,3.5,,,,normal,https://scryfall.com/card/fra/12/hexhaven-battalion,https://cards.scryfall.io/normal/front/3/b/3b6ac80e-c726-4bd0-893a-e666041a04a6.jpg?1789556695,12
Kindred Judgment,Kindred Judgment,White,W,W,{5}{W}{W},7,Rare,Sorcery,Mono White,W,,1,|White||White/Blue||White/Black||White/Red||White/Green||White/Blue/Black||White/Blue/Red||White/Blue/Green||White/Black/Red||White/Black/Green||White/Red/Green||White/Blue/Black/Red||White/Blue/Black/Green||White/Blue/Red/Green||White/Black/Red/Green||White/Blue/Black/Red/Green|,3.5,,,,normal,https://scryfall.com/card/fra/13/kindred-judgment,https://cards.scryfall.io/normal/front/6/f/6f9f814b-8249-4e48-a05e-4c84060fe6fb.jpg?1789470776,13
Loyal Tutor,Loyal Tutor,White,W,W,{W},1,Rare,Instant,Mono White,W,,1,|White||White/Blue||White/Black||White/Red||White/Green||White/Blue/Black||White/Blue/Red||White/Blue/Green||White/Black/Red||White/Black/Green||White/Red/Green||White/Blue/Black/Red||White/Blue/Black/Green||White/Blue/Red/Green||White/Black/Red/Green||White/Blue/Black/Red/Green|,1.0,,,,normal,https://scryfall.com/card/fra/14/loyal-tutor,https://cards.scryfall.io/normal/front/4/9/490dae91-94ce-42a9-a11f-6c5e77c4e486.jpg?1788878096,14
Memory Trap,Memory Trap,White,W,W,{2}{W},3,Common,Enchantment,Mono White,W,,1,|White||White/Blue||White/Black||White/Red||White/Green||White/Blue/Black||White/Blue/Red||White/Blue/Green||White/Black/Red||White/Black/Green||White/Red/Green||White/Blue/Black/Red||White/Blue/Black/Green||White/Blue/Red/Green||White/Black/Red/Green||White/Blue/Black/Red/Green|,3.0,,,,normal,https://scryfall.com/card/fra/15/memory-trap,https://cards.scryfall.io/normal/front/2/f/2f5345ae-4489-4d05-b2d5-c71285254f05.jpg?1788866058,15
Predictive Preparations,Predictive Preparations,White,W,W,{1}{W},2,Common,Sorcery,Mono White,W,,1,|White||White/Blue||White/Black||White/Red||White/Green||White/Blue/Black||White/Blue/Red||White/Blue/Green||White/Black/Red||White/Black/Green||White/Red/Green||White/Blue/Black/Red||White/Blue/Black/Green||White/Blue/Red/Green||White/Black/Red/Green||White/Blue/Black/Red/Green|,1.5,,,,normal,https://scryfall.com/card/fra/16/predictive-preparations,https://cards.scryfall.io/normal/front/5/0/50a0e5f0-3c39-4f16-9a73-eec8ef71f12e.jpg?1789556696,16
Prophesied End,Prophesied End,White,W,W,{1}{W},2,Uncommon,Instant,Mono White,W,,1,|White||White/Blue||White/Black||White/Red||White/Green||White/Blue/Black||White/Blue/Red||White/Blue/Green||White/Black/Red||White/Black/Green||White/Red/Green||White/Blue/Black/Red||White/Blue/Black/Green||White/Blue/Red/Green||White/Black/Red/Green||White/Blue/Black/Red/Green|,2.0,,,,normal,https://scryfall.com/card/fra/17/prophesied-end,https://cards.scryfall.io/normal/front/1/f/1f95399a-9766-4f3d-aa6a-ece55e0530d9.jpg?1788951920,17
Refute Destiny,Refute Destiny,White,W,W,{1}{W},2,Uncommon,Sorcery,Mono White,W,,1,|White||White/Blue||White/Black||White/Red||White/Green||White/Blue/Black||White/Blue/Red||White/Blue/Green||White/Black/Red||White/Black/Green||White/Red/Green||White/Blue/Black/Red||White/Blue/Black/Green||White/Blue/Red/Green||White/Black/Red/Green||White/Blue/Black/Red/Green|,0.5,,,,normal,https://scryfall.com/card/fra/18/refute-destiny,https://cards.scryfall.io/normal/front/2/c/2c588954-c6eb-4aae-a2fa-0651ccf2d90a.jpg?1789470778,18
Repurposed Enforcer,Repurposed Enforcer,White,W,W,{1}{W},2,Rare,Creature — Human Soldier,Mono White,W,,1,|White||White/Blue||White/Black||White/Red||White/Green||White/Blue/Black||White/Blue/Red||White/Blue/Green||White/Black/Red||White/Black/Green||White/Red/Green||White/Blue/Black/Red||White/Blue/Black/Green||White/Blue/Red/Green||White/Black/Red/Green||White/Blue/Black/Red/Green|,3.5,,,,normal,https://scryfall.com/card/fra/19/repurposed-enforcer,https://cards.scryfall.io/normal/front/3/5/35000e93-85d3-44f8-976a-5918ee4c71e0.jpg?1788878108,19
Return to the Light Realms,Return to the Light Realms,White,W,W,{7}{W}{W},9,Mythic,Sorcery,Mono White,W,,1,|White||White/Blue||White/Black||White/Red||White/Green||White/Blue/Black||White/Blue/Red||White/Blue/Green||White/Black/Red||White/Black/Green||White/Red/Green||White/Blue/Black/Red||White/Blue/Black/Green||White/Blue/Red/Green||White/Black/Red/Green||White/Blue/Black/Red/Green|,1.0,,,,normal,https://scryfall.com/card/fra/20/return-to-the-light-realms,https://cards.scryfall.io/normal/front/9/e/9e72f397-2384-40f1-882b-f627664d97df.jpg?1788878107,20
Shatterwing Pegasus,Shatterwing Pegasus,White,W,W,{2}{W},3,Common,Creature — Pegasus,Mono White,W,,1,|White||White/Blue||White/Black||White/Red||White/Green||White/Blue/Black||White/Blue/Red||White/Blue/Green||White/Black/Red||White/Black/Green||White/Red/Green||White/Blue/Black/Red||White/Blue/Black/Green||White/Blue/Red/Green||White/Black/Red/Green||White/Blue/Black/Red/Green|,2.0,,,,normal,https://scryfall.com/card/fra/21/shatterwing-pegasus,https://cards.scryfall.io/normal/front/e/2/e29095de-59ec-4562-ba8e-73f952e457ae.jpg?1789385580,21
Surgical Precision,Surgical Precision,White,W,W,{1}{W},2,Common,Sorcery,Mono White,W,,1,|White||White/Blue||White/Black||White/Red||White/Green||White/Blue/Black||White/Blue/Red||White/Blue/Green||White/Black/Red||White/Black/Green||White/Red/Green||White/Blue/Black/Red||White/Blue/Black/Green||White/Blue/Red/Green||White/Black/Red/Green||White/Blue/Black/Red/Green|,2.5,,,,normal,https://scryfall.com/card/fra/22/surgical-precision,https://cards.scryfall.io/normal/front/d/3/d3acf176-ef02-4729-88c4-0f0dfbfdada4.jpg?1789385570,22
Unflinching Hortimancer,Unflinching Hortimancer,White,W,W,{1}{W},2,Common,Creature — Human Cleric,Mono White,W,,1,|White||White/Blue||White/Black||White/Red||White/Green||White/Blue/Black||White/Blue/Red||White/Blue/Green||White/Black/Red||White/Black/Green||White/Red/Green||White/Blue/Black/Red||White/Blue/Black/Green||White/Blue/Red/Green||White/Black/Red/Green||White/Blue/Black/Red/Green|,2.0,,,,normal,https://scryfall.com/card/fra/23/unflinching-hortimancer,https://cards.scryfall.io/normal/front/6/3/63f82985-c9c2-4d0a-ac4f-560166bebd9f.jpg?1789556741,23
Your Fate Ends Here,Your Fate Ends Here,White,W,W,{2}{W},3,Uncommon,Instant,Mono White,W,,1,|White||White/Blue||White/Black||White/Red||White/Green||White/Blue/Black||White/Blue/Red||White/Blue/Green||White/Black/Red||White/Black/Green||White/Red/Green||White/Blue/Black/Red||White/Blue/Black/Green||White/Blue/Red/Green||White/Black/Red/Green||White/Blue/Black/Red/Green|,3.5,,,,normal,https://scryfall.com/card/fra/24/your-fate-ends-here,https://cards.scryfall.io/normal/front/2/5/25000a17-b701-4d69-b2ef-2c74029199d3.jpg?1789729751,24
Countersculpt,Countersculpt,Blue,U,U,{U}{U},2,Uncommon,Instant,Mono Blue,U,,1,|Blue||White/Blue||Blue/Black||Blue/Red||Blue/Green||White/Blue/Black||White/Blue/Red||White/Blue/Green||Blue/Black/Red||Blue/Black/Green||Blue/Red/Green||White/Blue/Black/Red||White/Blue/Black/Green||White/Blue/Red/Green||Blue/Black/Red/Green||White/Blue/Black/Red/Green|,3.0,,,,normal,https://scryfall.com/card/fra/25/countersculpt,https://cards.scryfall.io/normal/front/1/4/145b928d-a7ff-4fe5-ae4d-bbae7b1d955b.jpg?1788878107,25
Cruel Calculations,Cruel Calculations,Blue,U,U,{2}{U},3,Rare,Sorcery,Mono Blue,U,,1,|Blue||White/Blue||Blue/Black||Blue/Red||Blue/Green||White/Blue/Black||White/Blue/Red||White/Blue/Green||Blue/Black/Red||Blue/Black/Green||Blue/Red/Green||White/Blue/Black/Red||White/Blue/Black/Green||White/Blue/Red/Green||Blue/Black/Red/Green||White/Blue/Black/Red/Green|,0.5,,,,normal,https://scryfall.com/card/fra/26/cruel-calculations,https://cards.scryfall.io/normal/front/f/7/f76c4d8e-3e1f-4264-99af-1b8adb9a06be.jpg?1789127482,26
Cryotheory Adept,Cryotheory Adept,Blue,U,U,{1}{U},2,Common,Creature — Human Wizard,Mono Blue,U,,1,|Blue||White/Blue||Blue/Black||Blue/Red||Blue/Green||White/Blue/Black||White/Blue/Red||White/Blue/Green||Blue/Black/Red||Blue/Black/Green||Blue/Red/Green||White/Blue/Black/Red||White/Blue/Black/Green||White/Blue/Red/Green||Blue/Black/Red/Green||White/Blue/Black/Red/Green|,1.5,,,,normal,https://scryfall.com/card/fra/27/cryotheory-adept,https://cards.scryfall.io/normal/front/9/b/9ba1f7ce-3404-4932-9795-22967707f762.jpg?1789556701,27
Diviner of Victory // Unwind History,Diviner of Victory,Blue,U,U,{U},1,Rare,Creature — Dwarf Wizard,Mono Blue,U,,1,|Blue||White/Blue||Blue/Black||Blue/Red||Blue/Green||White/Blue/Black||White/Blue/Red||White/Blue/Green||Blue/Black/Red||Blue/Black/Green||Blue/Red/Green||White/Blue/Black/Red||White/Blue/Black/Green||White/Blue/Red/Green||Blue/Black/Red/Green||White/Blue/Black/Red/Green|,2.5,,Unwind History,{1}{U},prepare,https://scryfall.com/card/fra/28/diviner-of-victory-unwind-history,https://cards.scryfall.io/normal/front/0/8/0853bb80-8664-432a-8457-600139fd96d5.jpg?1788878145,28
Divining Duelist,Divining Duelist,Blue,U,U,{2}{U},3,Common,Creature — Merfolk Wizard,Mono Blue,U,,1,|Blue||White/Blue||Blue/Black||Blue/Red||Blue/Green||White/Blue/Black||White/Blue/Red||White/Blue/Green||Blue/Black/Red||Blue/Black/Green||Blue/Red/Green||White/Blue/Black/Red||White/Blue/Black/Green||White/Blue/Red/Green||Blue/Black/Red/Green||White/Blue/Black/Red/Green|,2.0,,,,normal,https://scryfall.com/card/fra/29/divining-duelist,https://cards.scryfall.io/normal/front/9/6/960c7335-331d-488b-be68-2ad1c1c695dc.jpg?1789556709,29
Icy Reception,Icy Reception,Blue,U,U,{1}{U},2,Common,Instant,Mono Blue,U,,1,|Blue||White/Blue||Blue/Black||Blue/Red||Blue/Green||White/Blue/Black||White/Blue/Red||White/Blue/Green||Blue/Black/Red||Blue/Black/Green||Blue/Red/Green||White/Blue/Black/Red||White/Blue/Black/Green||White/Blue/Red/Green||Blue/Black/Red/Green||White/Blue/Black/Red/Green|,2.0,,,,normal,https://scryfall.com/card/fra/30/icy-reception,https://cards.scryfall.io/normal/front/8/d/8d754b96-5e44-45af-9c7a-b0da59fbe4c3.jpg?1788779540,30
Infinite Coursework,Infinite Coursework,Blue,U,U,{2}{U},3,Common,Enchantment — Aura,Mono Blue,U,,1,|Blue||White/Blue||Blue/Black||Blue/Red||Blue/Green||White/Blue/Black||White/Blue/Red||White/Blue/Green||Blue/Black/Red||Blue/Black/Green||Blue/Red/Green||White/Blue/Black/Red||White/Blue/Black/Green||White/Blue/Red/Green||Blue/Black/Red/Green||White/Blue/Black/Red/Green|,2.5,,,,normal,https://scryfall.com/card/fra/31/infinite-coursework,https://cards.scryfall.io/normal/front/a/5/a5988272-faaa-463d-a0a1-a8e96b946bad.jpg?1789385916,31
Jace's Machinations,Jace's Machinations,Blue,U,U,{2}{U},3,Rare,Instant,Mono Blue,U,,1,|Blue||White/Blue||Blue/Black||Blue/Red||Blue/Green||White/Blue/Black||White/Blue/Red||White/Blue/Green||Blue/Black/Red||Blue/Black/Green||Blue/Red/Green||White/Blue/Black/Red||White/Blue/Black/Green||White/Blue/Red/Green||Blue/Black/Red/Green||White/Blue/Black/Red/Green|,2.5,,,,normal,https://scryfall.com/card/fra/32/jaces-machinations,https://cards.scryfall.io/normal/front/2/8/282588b9-3656-453b-aa25-2419e078ddc1.jpg?1788878150,32
Mindseeker Oculus,Mindseeker Oculus,Blue,U,U,{2}{U},3,Common,Creature — Homunculus,Mono Blue,U,,1,|Blue||White/Blue||Blue/Black||Blue/Red||Blue/Green||White/Blue/Black||White/Blue/Red||White/Blue/Green||Blue/Black/Red||Blue/Black/Green||Blue/Red/Green||White/Blue/Black/Red||White/Blue/Black/Green||White/Blue/Red/Green||Blue/Black/Red/Green||White/Blue/Black/Red/Green|,3.0,,,,normal,https://scryfall.com/card/fra/33/mindseeker-oculus,https://cards.scryfall.io/normal/front/f/5/f5324741-353a-4a70-adb2-b631b00806dd.jpg?1789556707,33
Perfected Theory,Perfected Theory,Blue,U,U,{U},1,Uncommon,Instant,Mono Blue,U,,1,|Blue||White/Blue||Blue/Black||Blue/Red||Blue/Green||White/Blue/Black||White/Blue/Red||White/Blue/Green||Blue/Black/Red||Blue/Black/Green||Blue/Red/Green||White/Blue/Black/Red||White/Blue/Black/Green||White/Blue/Red/Green||Blue/Black/Red/Green||White/Blue/Black/Red/Green|,2.0,,,,normal,https://scryfall.com/card/fra/34/perfected-theory,https://cards.scryfall.io/normal/front/d/0/d0ecae06-bc5a-4886-84df-c2900816f226.jpg?1788329222,34
Plan for All Outcomes,Plan for All Outcomes,Blue,U,U,{3}{U},4,Uncommon,Enchantment,Mono Blue,U,,1,|Blue||White/Blue||Blue/Black||Blue/Red||Blue/Green||White/Blue/Black||White/Blue/Red||White/Blue/Green||Blue/Black/Red||Blue/Black/Green||Blue/Red/Green||White/Blue/Black/Red||White/Blue/Black/Green||White/Blue/Red/Green||Blue/Black/Red/Green||White/Blue/Black/Red/Green|,3.0,,,,normal,https://scryfall.com/card/fra/35/plan-for-all-outcomes,https://cards.scryfall.io/normal/front/c/4/c4effc17-0d0e-423a-b5f2-597ea6c71f67.jpg?1789576786,35
Precise Redaction,Precise Redaction,Blue,U,U,{1}{U},2,Uncommon,Instant,Mono Blue,U,,1,|Blue||White/Blue||Blue/Black||Blue/Red||Blue/Green||White/Blue/Black||White/Blue/Red||White/Blue/Green||Blue/Black/Red||Blue/Black/Green||Blue/Red/Green||White/Blue/Black/Red||White/Blue/Black/Green||White/Blue/Red/Green||Blue/Black/Red/Green||White/Blue/Black/Red/Green|,0.5,,,,normal,https://scryfall.com/card/fra/36/precise-redaction,https://cards.scryfall.io/normal/front/9/2/9244efad-35ab-45c0-b173-4bc68276cb67.jpg?1789470790,36
Protege's Awakening,Protege's Awakening,Blue,U,U,{3}{U},4,Common,Sorcery,Mono Blue,U,,1,|Blue||White/Blue||Blue/Black||Blue/Red||Blue/Green||White/Blue/Black||White/Blue/Red||White/Blue/Green||Blue/Black/Red||Blue/Black/Green||Blue/Red/Green||White/Blue/Black/Red||White/Blue/Black/Green||White/Blue/Red/Green||Blue/Black/Red/Green||White/Blue/Black/Red/Green|,2.0,,,,normal,https://scryfall.com/card/fra/37/proteges-awakening,https://cards.scryfall.io/normal/front/a/0/a08c7ec2-4c6a-4db2-85a7-41afe8731523.jpg?1788878176,37
Seasoned Cryomancer,Seasoned Cryomancer,Blue,U,U,{1}{U}{U},3,Mythic,Creature — Human Wizard,Mono Blue,U,,1,|Blue||White/Blue||Blue/Black||Blue/Red||Blue/Green||White/Blue/Black||White/Blue/Red||White/Blue/Green||Blue/Black/Red||Blue/Black/Green||Blue/Red/Green||White/Blue/Black/Red||White/Blue/Black/Green||White/Blue/Red/Green||Blue/Black/Red/Green||White/Blue/Black/Red/Green|,4.0,,,,normal,https://scryfall.com/card/fra/38/seasoned-cryomancer,https://cards.scryfall.io/normal/front/5/1/51d86875-420d-4e82-b69c-4feeb99c9428.jpg?1789470781,38
Semester Foreseer // Peer Review,Semester Foreseer,Blue,U,WU,{3}{U},4,Common,Creature — Human Wizard,Mono Blue,U,WU,1,|Blue||White/Blue||Blue/Black||Blue/Red||Blue/Green||White/Blue/Black||White/Blue/Red||White/Blue/Green||Blue/Black/Red||Blue/Black/Green||Blue/Red/Green||White/Blue/Black/Red||White/Blue/Black/Green||White/Blue/Red/Green||Blue/Black/Red/Green||White/Blue/Black/Red/Green|,2.0,,Peer Review,{2}{W/U},prepare,https://scryfall.com/card/fra/39/semester-foreseer-peer-review,https://cards.scryfall.io/normal/front/7/e/7e5a640b-fd88-4b5a-9dfc-1d8f5a5cef41.jpg?1789127516,39
Sphinx of False Conclusions,Sphinx of False Conclusions,Blue,U,U,{2}{U}{U},4,Rare,Creature — Sphinx Illusion,Mono Blue,U,,1,|Blue||White/Blue||Blue/Black||Blue/Red||Blue/Green||White/Blue/Black||White/Blue/Red||White/Blue/Green||Blue/Black/Red||Blue/Black/Green||Blue/Red/Green||White/Blue/Black/Red||White/Blue/Black/Green||White/Blue/Red/Green||Blue/Black/Red/Green||White/Blue/Black/Red/Green|,4.0,,,,normal,https://scryfall.com/card/fra/40/sphinx-of-false-conclusions,https://cards.scryfall.io/normal/front/0/8/08ffbd51-2bd3-4262-8809-09576ce2b6f5.jpg?1789385594,40
Sphinx's Approach,Sphinx's Approach,Blue,U,U,{1}{U}{U},3,Common,Instant,Mono Blue,U,,1,|Blue||White/Blue||Blue/Black||Blue/Red||Blue/Green||White/Blue/Black||White/Blue/Red||White/Blue/Green||Blue/Black/Red||Blue/Black/Green||Blue/Red/Green||White/Blue/Black/Red||White/Blue/Black/Green||White/Blue/Red/Green||Blue/Black/Red/Green||White/Blue/Black/Red/Green|,1.5,,,,normal,https://scryfall.com/card/fra/41/sphinxs-approach,https://cards.scryfall.io/normal/front/f/4/f49be090-c745-40e5-bc1c-605b8d98acdf.jpg?1789644816,41
Surveillance Phantasm,Surveillance Phantasm,Blue,U,U,{1}{U},2,Common,Creature — Bird Illusion,Mono Blue,U,,1,|Blue||White/Blue||Blue/Black||Blue/Red||Blue/Green||White/Blue/Black||White/Blue/Red||White/Blue/Green||Blue/Black/Red||Blue/Black/Green||Blue/Red/Green||White/Blue/Black/Red||White/Blue/Black/Green||White/Blue/Red/Green||Blue/Black/Red/Green||White/Blue/Black/Red/Green|,2.0,,,,normal,https://scryfall.com/card/fra/42/surveillance-phantasm,https://cards.scryfall.io/normal/front/9/d/9df8a06d-c7de-49af-8c01-06dca3dfef4b.jpg?1789385597,42
"The Theorist, Jace Beleren","The Theorist, Jace Beleren",Blue,U,U,{2}{U}{U},4,Mythic,Legendary Planeswalker — Jace,Mono Blue,U,,1,|Blue||White/Blue||Blue/Black||Blue/Red||Blue/Green||White/Blue/Black||White/Blue/Red||White/Blue/Green||Blue/Black/Red||Blue/Black/Green||Blue/Red/Green||White/Blue/Black/Red||White/Blue/Black/Green||White/Blue/Red/Green||Blue/Black/Red/Green||White/Blue/Black/Red/Green|,5.0,,,,normal,https://scryfall.com/card/fra/43/the-theorist-jace-beleren,https://cards.scryfall.io/normal/front/2/0/20bb8c55-4b0b-425f-8201-b54fa2fdde86.jpg?1788329228,43
Theorist's Proxy,Theorist's Proxy,Blue,U,U,{1}{U},2,Rare,Creature — Illusion,Mono Blue,U,,1,|Blue||White/Blue||Blue/Black||Blue/Red||Blue/Green||White/Blue/Black||White/Blue/Red||White/Blue/Green||Blue/Black/Red||Blue/Black/Green||Blue/Red/Green||White/Blue/Black/Red||White/Blue/Black/Green||White/Blue/Red/Green||Blue/Black/Red/Green||White/Blue/Black/Red/Green|,2.5,,,,normal,https://scryfall.com/card/fra/44/theorists-proxy,https://cards.scryfall.io/normal/front/7/1/710302ca-c4be-4069-8ce1-f531414c74e9.jpg?1788878151,44
Undulating Witness,Undulating Witness,Blue,U,U,{4}{U},5,Common,Creature — Serpent,Mono Blue,U,,1,|Blue||White/Blue||Blue/Black||Blue/Red||Blue/Green||White/Blue/Black||White/Blue/Red||White/Blue/Green||Blue/Black/Red||Blue/Black/Green||Blue/Red/Green||White/Blue/Black/Red||White/Blue/Black/Green||White/Blue/Red/Green||Blue/Black/Red/Green||White/Blue/Black/Red/Green|,2.0,,,,normal,https://scryfall.com/card/fra/45/undulating-witness,https://cards.scryfall.io/normal/front/0/a/0adbb4b2-a142-48da-8f4b-fa91529dbac4.jpg?1789556706,45
Unsummon,Unsummon,Blue,U,U,{U},1,Common,Instant,Mono Blue,U,,1,|Blue||White/Blue||Blue/Black||Blue/Red||Blue/Green||White/Blue/Black||White/Blue/Red||White/Blue/Green||Blue/Black/Red||Blue/Black/Green||Blue/Red/Green||White/Blue/Black/Red||White/Blue/Black/Green||White/Blue/Red/Green||Blue/Black/Red/Green||White/Blue/Black/Red/Green|,2.0,,,,normal,https://scryfall.com/card/fra/46/unsummon,https://cards.scryfall.io/normal/front/d/d/ddad9f16-52d5-49de-82b0-b1a5294a9c44.jpg?1789556722,46
Variable Chaser // Arc of Fortune,Variable Chaser,Blue,U,U,{2}{U},3,Rare,Creature — Human Wizard,Mono Blue,U,,1,|Blue||White/Blue||Blue/Black||Blue/Red||Blue/Green||White/Blue/Black||White/Blue/Red||White/Blue/Green||Blue/Black/Red||Blue/Black/Green||Blue/Red/Green||White/Blue/Black/Red||White/Blue/Black/Green||White/Blue/Red/Green||Blue/Black/Red/Green||White/Blue/Black/Red/Green|,2.0,,Arc of Fortune,{2}{U},prepare,https://scryfall.com/card/fra/47/variable-chaser-arc-of-fortune,https://cards.scryfall.io/normal/front/e/3/e3afedb1-bf9d-4e31-9700-433514cc29b1.jpg?1789470807,47
Apex Witchstalker,Apex Witchstalker,Black,B,B,{4}{B}{B},6,Common,Creature — Wolf,Mono Black,B,,1,|Black||White/Black||Blue/Black||Black/Red||Black/Green||White/Blue/Black||White/Black/Red||White/Black/Green||Blue/Black/Red||Blue/Black/Green||Black/Red/Green||White/Blue/Black/Red||White/Blue/Black/Green||White/Black/Red/Green||Blue/Black/Red/Green||White/Blue/Black/Red/Green|,2.0,,,,normal,https://scryfall.com/card/fra/48/apex-witchstalker,https://cards.scryfall.io/normal/front/c/d/cd56f047-6bdc-4e83-8a7c-923ebad26302.jpg?1789556710,48
Bloodline Recollector // Ancestral Craving,Bloodline Recollector,Black,B,B,{1}{B},2,Mythic,Creature — Vampire Warlock,Mono Black,B,,1,|Black||White/Black||Blue/Black||Black/Red||Black/Green||White/Blue/Black||White/Black/Red||White/Black/Green||Blue/Black/Red||Blue/Black/Green||Black/Red/Green||White/Blue/Black/Red||White/Blue/Black/Green||White/Black/Red/Green||Blue/Black/Red/Green||White/Blue/Black/Red/Green|,3.5,,Ancestral Craving,{B},prepare,https://scryfall.com/card/fra/49/bloodline-recollector-ancestral-craving,https://cards.scryfall.io/normal/front/4/f/4fcc913e-f736-460a-b24b-022fa2e861b9.jpg?1788329264,49
Break Under Pressure,Break Under Pressure,Black,B,B,{2}{B},3,Uncommon,Instant,Mono Black,B,,1,|Black||White/Black||Blue/Black||Black/Red||Black/Green||White/Blue/Black||White/Black/Red||White/Black/Green||Blue/Black/Red||Blue/Black/Green||Black/Red/Green||White/Blue/Black/Red||White/Blue/Black/Green||White/Black/Red/Green||Blue/Black/Red/Green||White/Blue/Black/Red/Green|,3.0,,,,normal,https://scryfall.com/card/fra/50/break-under-pressure,https://cards.scryfall.io/normal/front/4/6/46974d94-e900-43e4-92b5-4fb9b9f7cf46.jpg?1789385622,50
Cast Away Doubt,Cast Away Doubt,Black,B,B,{2}{B},3,Common,Sorcery,Mono Black,B,,1,|Black||White/Black||Blue/Black||Black/Red||Black/Green||White/Blue/Black||White/Black/Red||White/Black/Green||Blue/Black/Red||Blue/Black/Green||Black/Red/Green||White/Blue/Black/Red||White/Blue/Black/Green||White/Black/Red/Green||Blue/Black/Red/Green||White/Blue/Black/Red/Green|,1.5,,,,normal,https://scryfall.com/card/fra/51/cast-away-doubt,https://cards.scryfall.io/normal/front/3/b/3b5b28a4-0abd-4dc2-9856-c9a8d27f6a2d.jpg?1788353191,51
Dark Matter Manipulator,Dark Matter Manipulator,Black,B,B,{B},1,Rare,Creature — Human Warlock,Mono Black,B,,1,|Black||White/Black||Blue/Black||Black/Red||Black/Green||White/Blue/Black||White/Black/Red||White/Black/Green||Blue/Black/Red||Blue/Black/Green||Black/Red/Green||White/Blue/Black/Red||White/Blue/Black/Green||White/Black/Red/Green||Blue/Black/Red/Green||White/Blue/Black/Red/Green|,2.0,,,,normal,https://scryfall.com/card/fra/52/dark-matter-manipulator,https://cards.scryfall.io/normal/front/4/e/4ec912d5-cbe7-4d07-9ece-b03ac02d3055.jpg?1789385959,52
Darklight Phoenix,Darklight Phoenix,Black,B,B,{3}{B},4,Mythic,Creature — Phoenix,Mono Black,B,,1,|Black||White/Black||Blue/Black||Black/Red||Black/Green||White/Blue/Black||White/Black/Red||White/Black/Green||Blue/Black/Red||Blue/Black/Green||Black/Red/Green||White/Blue/Black/Red||White/Blue/Black/Green||White/Black/Red/Green||Blue/Black/Red/Green||White/Blue/Black/Red/Green|,2.5,,,,normal,https://scryfall.com/card/fra/53/darklight-phoenix,https://cards.scryfall.io/normal/front/e/c/ec454979-3839-4be3-a34a-9d25482948ba.jpg?1789470810,53
Extended Absence,Extended Absence,Black,B,B,{3}{B},4,Common,Instant,Mono Black,B,,1,|Black||White/Black||Blue/Black||Black/Red||Black/Green||White/Blue/Black||White/Black/Red||White/Black/Green||Blue/Black/Red||Blue/Black/Green||Black/Red/Green||White/Blue/Black/Red||White/Blue/Black/Green||White/Black/Red/Green||Blue/Black/Red/Green||White/Blue/Black/Red/Green|,3.5,,,,normal,https://scryfall.com/card/fra/54/extended-absence,https://cards.scryfall.io/normal/front/e/b/eb4b6ed8-782e-4473-abc9-d50bf2275c6a.jpg?1789556713,54
Extrapolate the Impossible,Extrapolate the Impossible,Black,B,B,{1}{B},2,Rare,Sorcery,Mono Black,B,,1,|Black||White/Black||Blue/Black||Black/Red||Black/Green||White/Blue/Black||White/Black/Red||White/Black/Green||Blue/Black/Red||Blue/Black/Green||Black/Red/Green||White/Blue/Black/Red||White/Blue/Black/Green||White/Black/Red/Green||Blue/Black/Red/Green||White/Blue/Black/Red/Green|,0.5,,,,normal,https://scryfall.com/card/fra/55/extrapolate-the-impossible,https://cards.scryfall.io/normal/front/1/7/17fb6538-493c-41aa-ad13-3e63d3ad3317.jpg?1789729624,55
Last Gasp,Last Gasp,Black,B,B,{1}{B},2,Common,Instant,Mono Black,B,,1,|Black||White/Black||Blue/Black||Black/Red||Black/Green||White/Blue/Black||White/Black/Red||White/Black/Green||Blue/Black/Red||Blue/Black/Green||Black/Red/Green||White/Blue/Black/Red||White/Blue/Black/Green||White/Black/Red/Green||Blue/Black/Red/Green||White/Blue/Black/Red/Green|,3.0,,,,normal,https://scryfall.com/card/fra/56/last-gasp,https://cards.scryfall.io/normal/front/2/3/2381d123-d8c7-4822-98fe-b1c365beb5ed.jpg?1789127524,56
Lich's Relic,Lich's Relic,Black,B,B,{B},1,Rare,Artifact — Equipment,Mono Black,B,,1,|Black||White/Black||Blue/Black||Black/Red||Black/Green||White/Blue/Black||White/Black/Red||White/Black/Green||Blue/Black/Red||Blue/Black/Green||Black/Red/Green||White/Blue/Black/Red||White/Blue/Black/Green||White/Black/Red/Green||Blue/Black/Red/Green||White/Blue/Black/Red/Green|,4.0,,,,normal,https://scryfall.com/card/fra/57/lichs-relic,https://cards.scryfall.io/normal/front/b/1/b105511d-5022-4a84-b6ce-4bb433e93a62.jpg?1789644819,57
Multiply by Zero,Multiply by Zero,Black,B,B,{1}{B},2,Uncommon,Instant,Mono Black,B,,1,|Black||White/Black||Blue/Black||Black/Red||Black/Green||White/Blue/Black||White/Black/Red||White/Black/Green||Blue/Black/Red||Blue/Black/Green||Black/Red/Green||White/Blue/Black/Red||White/Blue/Black/Green||White/Black/Red/Green||Blue/Black/Red/Green||White/Blue/Black/Red/Green|,3.5,,,,normal,https://scryfall.com/card/fra/58/multiply-by-zero,https://cards.scryfall.io/normal/front/9/0/90d684a4-9639-4792-8760-2011a7a85370.jpg?1789644823,58
Overwrite the Multiverse,Overwrite the Multiverse,Black,B,B,{4}{B}{B},6,Mythic,Sorcery,Mono Black,B,,1,|Black||White/Black||Blue/Black||Black/Red||Black/Green||White/Blue/Black||White/Black/Red||White/Black/Green||Blue/Black/Red||Blue/Black/Green||Black/Red/Green||White/Blue/Black/Red||White/Blue/Black/Green||White/Black/Red/Green||Blue/Black/Red/Green||White/Blue/Black/Red/Green|,4.0,,,,normal,https://scryfall.com/card/fra/59/overwrite-the-multiverse,https://cards.scryfall.io/normal/front/c/4/c4554f5b-791b-48f6-bf54-ad28699e1beb.jpg?1788952080,59
Rampart Hunter,Rampart Hunter,Black,B,B,{3}{B},4,Common,Creature — Horror,Mono Black,B,,1,|Black||White/Black||Blue/Black||Black/Red||Black/Green||White/Blue/Black||White/Black/Red||White/Black/Green||Blue/Black/Red||Blue/Black/Green||Black/Red/Green||White/Blue/Black/Red||White/Blue/Black/Green||White/Black/Red/Green||Blue/Black/Red/Green||White/Blue/Black/Red/Green|,1.5,,,,normal,https://scryfall.com/card/fra/60/rampart-hunter,https://cards.scryfall.io/normal/front/f/4/f4a80225-7459-4151-86bb-8fdea31c39a6.jpg?1789127211,60
Rank Rat,Rank Rat,Black,B,B,{1}{B},2,Common,Creature — Zombie Rat,Mono Black,B,,1,|Black||White/Black||Blue/Black||Black/Red||Black/Green||White/Blue/Black||White/Black/Red||White/Black/Green||Blue/Black/Red||Blue/Black/Green||Black/Red/Green||White/Blue/Black/Red||White/Blue/Black/Green||White/Black/Red/Green||Blue/Black/Red/Green||White/Blue/Black/Red/Green|,2.0,,,,normal,https://scryfall.com/card/fra/61/rank-rat,https://cards.scryfall.io/normal/front/4/f/4ff6da82-d7dd-4b59-b7e6-30670cea7169.jpg?1789556727,61
Rewrite Regrets,Rewrite Regrets,Black,B,B,{3}{B},4,Uncommon,Sorcery,Mono Black,B,,1,|Black||White/Black||Blue/Black||Black/Red||Black/Green||White/Blue/Black||White/Black/Red||White/Black/Green||Blue/Black/Red||Blue/Black/Green||Black/Red/Green||White/Blue/Black/Red||White/Blue/Black/Green||White/Black/Red/Green||Blue/Black/Red/Green||White/Blue/Black/Red/Green|,2.5,,,,normal,https://scryfall.com/card/fra/62/rewrite-regrets,https://cards.scryfall.io/normal/front/4/5/453cfde7-c460-4b55-9472-b714e16f24bb.jpg?1788952087,62
Rise of the Deathbringer,Rise of the Deathbringer,Black,B,B,{4}{B},5,Rare,Instant,Mono Black,B,,1,|Black||White/Black||Blue/Black||Black/Red||Black/Green||White/Blue/Black||White/Black/Red||White/Black/Green||Blue/Black/Red||Blue/Black/Green||Black/Red/Green||White/Blue/Black/Red||White/Blue/Black/Green||White/Black/Red/Green||Blue/Black/Red/Green||White/Blue/Black/Red/Green|,4.0,,,,normal,https://scryfall.com/card/fra/63/rise-of-the-deathbringer,https://cards.scryfall.io/normal/front/8/1/811719ad-b5a3-4d31-8c6f-5dbdfccf7c1f.jpg?1789470807,63
Sanctum Lurker,Sanctum Lurker,Black,B,B,{2}{B},3,Rare,Creature — Horror,Mono Black,B,,1,|Black||White/Black||Blue/Black||Black/Red||Black/Green||White/Blue/Black||White/Black/Red||White/Black/Green||Blue/Black/Red||Blue/Black/Green||Black/Red/Green||White/Blue/Black/Red||White/Blue/Black/Green||White/Black/Red/Green||Blue/Black/Red/Green||White/Blue/Black/Red/Green|,4.0,,,,normal,https://scryfall.com/card/fra/64/sanctum-lurker,https://cards.scryfall.io/normal/front/2/1/2185c08f-bb4d-49d5-8b6c-c629a48bb61c.jpg?1789556729,64
Screeching Soulbreaker,Screeching Soulbreaker,Black,B,B,{2}{B},3,Common,Creature — Siren Bard,Mono Black,B,,1,|Black||White/Black||Blue/Black||Black/Red||Black/Green||White/Blue/Black||White/Black/Red||White/Black/Green||Blue/Black/Red||Blue/Black/Green||Black/Red/Green||White/Blue/Black/Red||White/Blue/Black/Green||White/Black/Red/Green||Blue/Black/Red/Green||White/Blue/Black/Red/Green|,2.0,,,,normal,https://scryfall.com/card/fra/65/screeching-soulbreaker,https://cards.scryfall.io/normal/front/7/3/738667a1-c184-43ea-829f-49fbb69b6fc0.jpg?1789385960,65
Silence the Echo,Silence the Echo,Black,B,B,{1}{B},2,Common,Sorcery,Mono Black,B,,1,|Black||White/Black||Blue/Black||Black/Red||Black/Green||White/Blue/Black||White/Black/Red||White/Black/Green||Blue/Black/Red||Blue/Black/Green||Black/Red/Green||White/Blue/Black/Red||White/Blue/Black/Green||White/Black/Red/Green||Blue/Black/Red/Green||White/Blue/Black/Red/Green|,2.0,,,,normal,https://scryfall.com/card/fra/66/silence-the-echo,https://cards.scryfall.io/normal/front/f/1/f1d274db-751b-4414-a38d-762198168e91.jpg?1789385640,66
Solve for Disappointment,Solve for Disappointment,Black,B,B,{1}{B},2,Common,Sorcery,Mono Black,B,,1,|Black||White/Black||Blue/Black||Black/Red||Black/Green||White/Blue/Black||White/Black/Red||White/Black/Green||Blue/Black/Red||Blue/Black/Green||Black/Red/Green||White/Blue/Black/Red||White/Blue/Black/Green||White/Black/Red/Green||Blue/Black/Red/Green||White/Blue/Black/Red/Green|,1.5,,,,normal,https://scryfall.com/card/fra/67/solve-for-disappointment,https://cards.scryfall.io/normal/front/7/b/7beaa8c9-1a2c-4c88-b579-91e371d8d9e3.jpg?1788878155,67
Terminal Criticism,Terminal Criticism,Black,B,B,{1}{B},2,Uncommon,Instant,Mono Black,B,,1,|Black||White/Black||Blue/Black||Black/Red||Black/Green||White/Blue/Black||White/Black/Red||White/Black/Green||Blue/Black/Red||Blue/Black/Green||Black/Red/Green||White/Blue/Black/Red||White/Blue/Black/Green||White/Black/Red/Green||Blue/Black/Red/Green||White/Blue/Black/Red/Green|,0.5,,,,normal,https://scryfall.com/card/fra/68/terminal-criticism,https://cards.scryfall.io/normal/front/7/e/7ebd7e38-b27c-4c6e-aaea-e8ee5ba5e5df.jpg?1789470810,68
Theoretical Necromancer,Theoretical Necromancer,Black,B,B,{2}{B},3,Common,Creature — Vampire Warlock,Mono Black,B,,1,|Black||White/Black||Blue/Black||Black/Red||Black/Green||White/Blue/Black||White/Black/Red||White/Black/Green||Blue/Black/Red||Blue/Black/Green||Black/Red/Green||White/Blue/Black/Red||White/Blue/Black/Green||White/Black/Red/Green||Blue/Black/Red/Green||White/Blue/Black/Red/Green|,1.5,,,,normal,https://scryfall.com/card/fra/69/theoretical-necromancer,https://cards.scryfall.io/normal/front/e/3/e36a7908-1e22-494b-adb4-e72ac0974d62.jpg?1789556734,69
Void Extrapolator // Omit Variables,Void Extrapolator,Black,B,UB,{1}{B},2,Common,Creature — Aetherborn Warlock,Mono Black,B,UB,1,|Black||White/Black||Blue/Black||Black/Red||Black/Green||White/Blue/Black||White/Black/Red||White/Black/Green||Blue/Black/Red||Blue/Black/Green||Black/Red/Green||White/Blue/Black/Red||White/Blue/Black/Green||White/Black/Red/Green||Blue/Black/Red/Green||White/Blue/Black/Red/Green|,1.5,,Omit Variables,{U/B},prepare,https://scryfall.com/card/fra/70/void-extrapolator-omit-variables,https://cards.scryfall.io/normal/front/0/e/0eae2efb-bf25-48ee-9c07-9098008110ad.jpg?1789556787,70
Vraska's Final Mercy,Vraska's Final Mercy,Black,B,B,{B}{B},2,Rare,Sorcery,Mono Black,B,,1,|Black||White/Black||Blue/Black||Black/Red||Black/Green||White/Blue/Black||White/Black/Red||White/Black/Green||Blue/Black/Red||Blue/Black/Green||Black/Red/Green||White/Blue/Black/Red||White/Blue/Black/Green||White/Black/Red/Green||Blue/Black/Red/Green||White/Blue/Black/Red/Green|,3.0,,,,normal,https://scryfall.com/card/fra/71/vraskas-final-mercy,https://cards.scryfall.io/normal/front/9/9/992bd991-7cfb-459f-bafd-9a44f3c925c5.jpg?1789699369,71
Ajani's Anguish,Ajani's Anguish,Red,R,R,{X}{R},1,Rare,Enchantment,Mono Red,R,,1,|Red||White/Red||Blue/Red||Black/Red||Red/Green||White/Blue/Red||White/Black/Red||White/Red/Green||Blue/Black/Red||Blue/Red/Green||Black/Red/Green||White/Blue/Black/Red||White/Blue/Red/Green||White/Black/Red/Green||Blue/Black/Red/Green||White/Blue/Black/Red/Green|,4.0,,,,normal,https://scryfall.com/card/fra/72/ajanis-anguish,https://cards.scryfall.io/normal/front/d/9/d9039a58-2f17-4b8a-b714-3a2f0b46f057.jpg?1789470674,72
Artifist Acumen,Artifist Acumen,Red,R,R,{R},1,Common,Sorcery,Mono Red,R,,1,|Red||White/Red||Blue/Red||Black/Red||Red/Green||White/Blue/Red||White/Black/Red||White/Red/Green||Blue/Black/Red||Blue/Red/Green||Black/Red/Green||White/Blue/Black/Red||White/Blue/Red/Green||White/Black/Red/Green||Blue/Black/Red/Green||White/Blue/Black/Red/Green|,2.0,,,,normal,https://scryfall.com/card/fra/73/artifist-acumen,https://cards.scryfall.io/normal/front/7/d/7d3b720d-f27c-462a-8f80-15748e5086e1.jpg?1789729762,73
Awaken the Inferno,Awaken the Inferno,Red,R,R,{4}{R},5,Common,Sorcery,Mono Red,R,,1,|Red||White/Red||Blue/Red||Black/Red||Red/Green||White/Blue/Red||White/Black/Red||White/Red/Green||Blue/Black/Red||Blue/Red/Green||Black/Red/Green||White/Blue/Black/Red||White/Blue/Red/Green||White/Black/Red/Green||Blue/Black/Red/Green||White/Blue/Black/Red/Green|,2.5,,,,normal,https://scryfall.com/card/fra/74/awaken-the-inferno,https://cards.scryfall.io/normal/front/c/5/c596c4ec-8480-4be9-a45d-700398a126f6.jpg?1789556812,74
Blazing Crescendo,Blazing Crescendo,Red,R,R,{1}{R},2,Common,Instant,Mono Red,R,,1,|Red||White/Red||Blue/Red||Black/Red||Red/Green||White/Blue/Red||White/Black/Red||White/Red/Green||Blue/Black/Red||Blue/Red/Green||Black/Red/Green||White/Blue/Black/Red||White/Blue/Red/Green||White/Black/Red/Green||Blue/Black/Red/Green||White/Blue/Black/Red/Green|,1.5,,,,normal,https://scryfall.com/card/fra/75/blazing-crescendo,https://cards.scryfall.io/normal/front/8/4/8414a98c-0c79-4884-bc9b-061a6456b392.jpg?1789060147,75
Chandra's Emberling,Chandra's Emberling,Red,R,R,{2}{R},3,Common,Creature — Gremlin Elemental,Mono Red,R,,1,|Red||White/Red||Blue/Red||Black/Red||Red/Green||White/Blue/Red||White/Black/Red||White/Red/Green||Blue/Black/Red||Blue/Red/Green||Black/Red/Green||White/Blue/Black/Red||White/Blue/Red/Green||White/Black/Red/Green||Blue/Black/Red/Green||White/Blue/Black/Red/Green|,2.0,,,,normal,https://scryfall.com/card/fra/76/chandras-emberling,https://cards.scryfall.io/normal/front/3/a/3a64c5f4-9cfc-4d19-bd99-13d619b1aa9d.jpg?1789385708,76
Command the Stage,Command the Stage,Red,R,R,{2}{R},3,Uncommon,Sorcery,Mono Red,R,,1,|Red||White/Red||Blue/Red||Black/Red||Red/Green||White/Blue/Red||White/Black/Red||White/Red/Green||Blue/Black/Red||Blue/Red/Green||Black/Red/Green||White/Blue/Black/Red||White/Blue/Red/Green||White/Black/Red/Green||Blue/Black/Red/Green||White/Blue/Black/Red/Green|,2.5,,,,normal,https://scryfall.com/card/fra/77/command-the-stage,https://cards.scryfall.io/normal/front/f/3/f3307da2-6dad-4ef2-9614-a7d34f38088e.jpg?1789644825,77
Craterclaw Colossus,Craterclaw Colossus,Red,R,R,{4}{R}{R}{R},7,Mythic,Artifact Creature — Beast Construct,Mono Red,R,,1,|Red||White/Red||Blue/Red||Black/Red||Red/Green||White/Blue/Red||White/Black/Red||White/Red/Green||Blue/Black/Red||Blue/Red/Green||Black/Red/Green||White/Blue/Black/Red||White/Blue/Red/Green||White/Black/Red/Green||Blue/Black/Red/Green||White/Blue/Black/Red/Green|,3.5,,,,normal,https://scryfall.com/card/fra/78/craterclaw-colossus,https://cards.scryfall.io/normal/front/4/7/47793a51-08c6-4ad2-a7e5-a4484d83a5cd.jpg?1788329298,78
Curse-Marred Demon,Curse-Marred Demon,Red,R,R,{2}{R}{R},4,Rare,Creature — Demon,Mono Red,R,,1,|Red||White/Red||Blue/Red||Black/Red||Red/Green||White/Blue/Red||White/Black/Red||White/Red/Green||Blue/Black/Red||Blue/Red/Green||Black/Red/Green||White/Blue/Black/Red||White/Blue/Red/Green||White/Black/Red/Green||Blue/Black/Red/Green||White/Blue/Black/Red/Green|,4.0,,,,normal,https://scryfall.com/card/fra/79/curse-marred-demon,https://cards.scryfall.io/normal/front/8/f/8f827e50-0a08-4bc8-98b1-b26c9af15ef2.jpg?1789470818,79
Draconic Visitor,Draconic Visitor,Red,R,R,{3}{R}{R},5,Rare,Creature — Dragon,Mono Red,R,,1,|Red||White/Red||Blue/Red||Black/Red||Red/Green||White/Blue/Red||White/Black/Red||White/Red/Green||Blue/Black/Red||Blue/Red/Green||Black/Red/Green||White/Blue/Black/Red||White/Blue/Red/Green||White/Black/Red/Green||Blue/Black/Red/Green||White/Blue/Black/Red/Green|,4.0,,,,normal,https://scryfall.com/card/fra/80/draconic-visitor,https://cards.scryfall.io/normal/front/1/1/112f8478-bd89-4a14-9721-8ab750613129.jpg?1789470842,80
Eardrum Rattler,Eardrum Rattler,Red,R,R,{1}{R},2,Common,Creature — Human Bard,Mono Red,R,,1,|Red||White/Red||Blue/Red||Black/Red||Red/Green||White/Blue/Red||White/Black/Red||White/Red/Green||Blue/Black/Red||Blue/Red/Green||Black/Red/Green||White/Blue/Black/Red||White/Blue/Red/Green||White/Black/Red/Green||Blue/Black/Red/Green||White/Blue/Black/Red/Green|,1.5,,,,normal,https://scryfall.com/card/fra/81/eardrum-rattler,https://cards.scryfall.io/normal/front/5/f/5f8771f9-8128-4818-a11d-41ea368cf697.jpg?1789127173,81
Essence Burn,Essence Burn,Red,R,R,{1}{R},2,Uncommon,Instant,Mono Red,R,,1,|Red||White/Red||Blue/Red||Black/Red||Red/Green||White/Blue/Red||White/Black/Red||White/Red/Green||Blue/Black/Red||Blue/Red/Green||Black/Red/Green||White/Blue/Black/Red||White/Blue/Red/Green||White/Black/Red/Green||Blue/Black/Red/Green||White/Blue/Black/Red/Green|,0.5,,,,normal,https://scryfall.com/card/fra/82/essence-burn,https://cards.scryfall.io/normal/front/d/2/d2e958de-70de-4156-8f9b-b2c0c1ba704a.jpg?1789470825,82
Face Yourself,Face Yourself,Red,R,R,{5}{R}{R},7,Rare,Sorcery,Mono Red,R,,1,|Red||White/Red||Blue/Red||Black/Red||Red/Green||White/Blue/Red||White/Black/Red||White/Red/Green||Blue/Black/Red||Blue/Red/Green||Black/Red/Green||White/Blue/Black/Red||White/Blue/Red/Green||White/Black/Red/Green||Blue/Black/Red/Green||White/Blue/Black/Red/Green|,3.0,,,,normal,https://scryfall.com/card/fra/83/face-yourself,https://cards.scryfall.io/normal/front/3/c/3ccf8f64-19bd-4fdf-b70a-30a042bacf2f.jpg?1789127528,83
Fulminous Forte,Fulminous Forte,Red,R,R,{2}{R},3,Uncommon,Instant,Mono Red,R,,1,|Red||White/Red||Blue/Red||Black/Red||Red/Green||White/Blue/Red||White/Black/Red||White/Red/Green||Blue/Black/Red||Blue/Red/Green||Black/Red/Green||White/Blue/Black/Red||White/Blue/Red/Green||White/Black/Red/Green||Blue/Black/Red/Green||White/Blue/Black/Red/Green|,3.5,,,,normal,https://scryfall.com/card/fra/84/fulminous-forte,https://cards.scryfall.io/normal/front/1/9/19acb2b5-3b3e-43f0-bd81-8426ed3d9c55.jpg?1789614832,84
Hallway Heckler // Vicious Verse,Hallway Heckler,Red,R,BR,{2}{R},3,Common,Creature — Elemental Sorcerer,Mono Red,R,BR,1,|Red||White/Red||Blue/Red||Black/Red||Red/Green||White/Blue/Red||White/Black/Red||White/Red/Green||Blue/Black/Red||Blue/Red/Green||Black/Red/Green||White/Blue/Black/Red||White/Blue/Red/Green||White/Black/Red/Green||Blue/Black/Red/Green||White/Blue/Black/Red/Green|,1.5,,Vicious Verse,{B/R},prepare,https://scryfall.com/card/fra/85/hallway-heckler-vicious-verse,https://cards.scryfall.io/normal/front/7/e/7e324816-552f-455d-97c4-5ea6b26d2e6e.jpg?1789127576,85
Heartstring Puller,Heartstring Puller,Red,R,R,{3}{R},4,Common,Creature — Elf Sorcerer,Mono Red,R,,1,|Red||White/Red||Blue/Red||Black/Red||Red/Green||White/Blue/Red||White/Black/Red||White/Red/Green||Blue/Black/Red||Blue/Red/Green||Black/Red/Green||White/Blue/Black/Red||White/Blue/Red/Green||White/Black/Red/Green||Blue/Black/Red/Green||White/Blue/Black/Red/Green|,2.0,,,,normal,https://scryfall.com/card/fra/86/heartstring-puller,https://cards.scryfall.io/normal/front/c/b/cbfe3354-7ced-4773-9a4e-a937ae9f94f8.jpg?1789556808,86
Identity Echo,Identity Echo,Red,R,R,{2}{R},3,Rare,Enchantment,Mono Red,R,,1,|Red||White/Red||Blue/Red||Black/Red||Red/Green||White/Blue/Red||White/Black/Red||White/Red/Green||Blue/Black/Red||Blue/Red/Green||Black/Red/Green||White/Blue/Black/Red||White/Blue/Red/Green||White/Black/Red/Green||Blue/Black/Red/Green||White/Blue/Black/Red/Green|,0.5,,,,normal,https://scryfall.com/card/fra/87/identity-echo,https://cards.scryfall.io/normal/front/e/6/e600b33b-8916-43dd-95d3-d7cbf874933d.jpg?1789385968,87
Master of Barbs,Master of Barbs,Red,R,R,{1}{R},2,Rare,Creature — Lizard Bard,Mono Red,R,,1,|Red||White/Red||Blue/Red||Black/Red||Red/Green||White/Blue/Red||White/Black/Red||White/Red/Green||Blue/Black/Red||Blue/Red/Green||Black/Red/Green||White/Blue/Black/Red||White/Blue/Red/Green||White/Black/Red/Green||Blue/Black/Red/Green||White/Blue/Black/Red/Green|,2.5,,,,normal,https://scryfall.com/card/fra/88/master-of-barbs,https://cards.scryfall.io/normal/front/4/4/4404d9d4-9cdd-4dad-a4f6-574d90db5052.jpg?1789127596,88
No Admittance,No Admittance,Red,R,R,{1}{R},2,Common,Sorcery,Mono Red,R,,1,|Red||White/Red||Blue/Red||Black/Red||Red/Green||White/Blue/Red||White/Black/Red||White/Red/Green||Blue/Black/Red||Blue/Red/Green||Black/Red/Green||White/Blue/Black/Red||White/Blue/Red/Green||White/Black/Red/Green||Blue/Black/Red/Green||White/Blue/Black/Red/Green|,3.5,,,,normal,https://scryfall.com/card/fra/89/no-admittance,https://cards.scryfall.io/normal/front/1/1/11ba4fdd-cc03-4bb6-a493-91a9785771d0.jpg?1788878170,89
Pompous Battlemage // Improvised Act,Pompous Battlemage,Red,R,R,{R},1,Rare,Creature — Goblin Sorcerer,Mono Red,R,,1,|Red||White/Red||Blue/Red||Black/Red||Red/Green||White/Blue/Red||White/Black/Red||White/Red/Green||Blue/Black/Red||Blue/Red/Green||Black/Red/Green||White/Blue/Black/Red||White/Blue/Red/Green||White/Black/Red/Green||Blue/Black/Red/Green||White/Blue/Black/Red/Green|,2.0,,Improvised Act,{R},prepare,https://scryfall.com/card/fra/90/pompous-battlemage-improvised-act,https://cards.scryfall.io/normal/front/a/a/aa0f77ac-741a-444a-8bf0-a42c644726bf.jpg?1788878186,90
Pyre Rhymer // Molten Tide,Pyre Rhymer,Red,R,R,{1}{R}{R},3,Rare,Creature — Elemental Sorcerer,Mono Red,R,,1,|Red||White/Red||Blue/Red||Black/Red||Red/Green||White/Blue/Red||White/Black/Red||White/Red/Green||Blue/Black/Red||Blue/Red/Green||Black/Red/Green||White/Blue/Black/Red||White/Blue/Red/Green||White/Black/Red/Green||Blue/Black/Red/Green||White/Blue/Black/Red/Green|,2.5,,Molten Tide,{R},prepare,https://scryfall.com/card/fra/91/pyre-rhymer-molten-tide,https://cards.scryfall.io/normal/front/2/b/2b0ebea0-86de-4da4-9fe8-dacc1e75c161.jpg?1789470850,91
Skilled Battlecarver,Skilled Battlecarver,Red,R,R,{1}{R},2,Common,Creature — Human Warrior,Mono Red,R,,1,|Red||White/Red||Blue/Red||Black/Red||Red/Green||White/Blue/Red||White/Black/Red||White/Red/Green||Blue/Black/Red||Blue/Red/Green||Black/Red/Green||White/Blue/Black/Red||White/Blue/Red/Green||White/Black/Red/Green||Blue/Black/Red/Green||White/Blue/Black/Red/Green|,2.0,,,,normal,https://scryfall.com/card/fra/92/skilled-battlecarver,https://cards.scryfall.io/normal/front/0/e/0e44f959-1322-4abd-b6eb-dea992307c0c.jpg?1789556811,92
Stingcaster Mage,Stingcaster Mage,Red,R,R,{1}{R},2,Mythic,Creature — Human Wizard,Mono Red,R,,1,|Red||White/Red||Blue/Red||Black/Red||Red/Green||White/Blue/Red||White/Black/Red||White/Red/Green||Blue/Black/Red||Blue/Red/Green||Black/Red/Green||White/Blue/Black/Red||White/Blue/Red/Green||White/Black/Red/Green||Blue/Black/Red/Green||White/Blue/Black/Red/Green|,4.0,,,,normal,https://scryfall.com/card/fra/93/stingcaster-mage,https://cards.scryfall.io/normal/front/2/d/2d8e8e5f-3bf5-490d-aa9c-9df2b26f1460.jpg?1788329303,93
Tether Technician,Tether Technician,Red,R,R,{4}{R},5,Common,Creature — Minotaur Artificer,Mono Red,R,,1,|Red||White/Red||Blue/Red||Black/Red||Red/Green||White/Blue/Red||White/Black/Red||White/Red/Green||Blue/Black/Red||Blue/Red/Green||Black/Red/Green||White/Blue/Black/Red||White/Blue/Red/Green||White/Black/Red/Green||Blue/Black/Red/Green||White/Blue/Black/Red/Green|,1.5,,,,normal,https://scryfall.com/card/fra/94/tether-technician,https://cards.scryfall.io/normal/front/b/7/b75bbf46-a421-467a-9433-6cf22398a3a5.jpg?1789556839,94
Violent Echoes,Violent Echoes,Red,R,R,{2}{R}{R},4,Uncommon,Instant,Mono Red,R,,1,|Red||White/Red||Blue/Red||Black/Red||Red/Green||White/Blue/Red||White/Black/Red||White/Red/Green||Blue/Black/Red||Blue/Red/Green||Black/Red/Green||White/Blue/Black/Red||White/Blue/Red/Green||White/Black/Red/Green||Blue/Black/Red/Green||White/Blue/Black/Red/Green|,3.5,,,,normal,https://scryfall.com/card/fra/95/violent-echoes,https://cards.scryfall.io/normal/front/a/d/ad03ba90-2442-4a71-94df-2088b5b63662.jpg?1789127599,95
Wrath of the Bloodmane,Wrath of the Bloodmane,Red,R,R,{2}{R},3,Common,Instant,Mono Red,R,,1,|Red||White/Red||Blue/Red||Black/Red||Red/Green||White/Blue/Red||White/Black/Red||White/Red/Green||Blue/Black/Red||Blue/Red/Green||Black/Red/Green||White/Blue/Black/Red||White/Blue/Red/Green||White/Black/Red/Green||Blue/Black/Red/Green||White/Blue/Black/Red/Green|,3.0,,,,normal,https://scryfall.com/card/fra/96/wrath-of-the-bloodmane,https://cards.scryfall.io/normal/front/b/5/b5b55617-684a-4036-be9b-a3b24fc9cd5a.jpg?1789385820,96
Arcane Amphisbaena,Arcane Amphisbaena,Green,G,G,{1}{G},2,Common,Creature — Snake,Mono Green,G,,1,|Green||White/Green||Blue/Green||Black/Green||Red/Green||White/Blue/Green||White/Black/Green||White/Red/Green||Blue/Black/Green||Blue/Red/Green||Black/Red/Green||White/Blue/Black/Green||White/Blue/Red/Green||White/Black/Red/Green||Blue/Black/Red/Green||White/Blue/Black/Red/Green|,2.0,,,,normal,https://scryfall.com/card/fra/97/arcane-amphisbaena,https://cards.scryfall.io/normal/front/1/b/1bf923c4-f0b7-4271-978c-fd2e79fe1cc8.jpg?1788878190,97
Bestial Incursion,Bestial Incursion,Green,G,G,{3}{G},4,Common,Sorcery,Mono Green,G,,1,|Green||White/Green||Blue/Green||Black/Green||Red/Green||White/Blue/Green||White/Black/Green||White/Red/Green||Blue/Black/Green||Blue/Red/Green||Black/Red/Green||White/Blue/Black/Green||White/Blue/Red/Green||White/Black/Red/Green||Blue/Black/Red/Green||White/Blue/Black/Red/Green|,2.5,,,,normal,https://scryfall.com/card/fra/98/bestial-incursion,https://cards.scryfall.io/normal/front/e/0/e0de5f66-f0df-4866-9f73-104ce50411b4.jpg?1789127248,98
Budding Insurgent,Budding Insurgent,Green,G,G,{2}{G},3,Common,Creature — Dryad Scout,Mono Green,G,,1,|Green||White/Green||Blue/Green||Black/Green||Red/Green||White/Blue/Green||White/Black/Green||White/Red/Green||Blue/Black/Green||Blue/Red/Green||Black/Red/Green||White/Blue/Black/Green||White/Blue/Red/Green||White/Black/Red/Green||Blue/Black/Red/Green||White/Blue/Black/Red/Green|,2.0,,,,normal,https://scryfall.com/card/fra/99/budding-insurgent,https://cards.scryfall.io/normal/front/1/8/18c59d60-2640-4576-9375-3ba38aa3ecb7.jpg?1789127120,99
Carnivorous Cultivator // Enroot,Carnivorous Cultivator,Green,G,G,{1}{G},2,Rare,Creature — Elf Warlock,Mono Green,G,,1,|Green||White/Green||Blue/Green||Black/Green||Red/Green||White/Blue/Green||White/Black/Green||White/Red/Green||Blue/Black/Green||Blue/Red/Green||Black/Red/Green||White/Blue/Black/Green||White/Blue/Red/Green||White/Black/Red/Green||Blue/Black/Red/Green||White/Blue/Black/Red/Green|,3.0,,Enroot,{G},prepare,https://scryfall.com/card/fra/100/carnivorous-cultivator-enroot,https://cards.scryfall.io/normal/front/7/9/79dd5c54-5ea5-47b5-8f9b-50ed57a5ea45.jpg?1789385967,100
Compel Brutality,Compel Brutality,Green,G,G,{1}{G},2,Common,Instant,Mono Green,G,,1,|Green||White/Green||Blue/Green||Black/Green||Red/Green||White/Blue/Green||White/Black/Green||White/Red/Green||Blue/Black/Green||Blue/Red/Green||Black/Red/Green||White/Blue/Black/Green||White/Blue/Red/Green||White/Black/Red/Green||Blue/Black/Red/Green||White/Blue/Black/Red/Green|,2.5,,,,normal,https://scryfall.com/card/fra/101/compel-brutality,https://cards.scryfall.io/normal/front/b/d/bd32d736-7a58-46b9-90b4-2cac3c3e80a1.jpg?1788521235,101
Flourishing Grapple,Flourishing Grapple,Green,G,G,{G},1,Uncommon,Instant,Mono Green,G,,1,|Green||White/Green||Blue/Green||Black/Green||Red/Green||White/Blue/Green||White/Black/Green||White/Red/Green||Blue/Black/Green||Blue/Red/Green||Black/Red/Green||White/Blue/Black/Green||White/Blue/Red/Green||White/Black/Red/Green||Blue/Black/Red/Green||White/Blue/Black/Red/Green|,0.5,,,,normal,https://scryfall.com/card/fra/102/flourishing-grapple,https://cards.scryfall.io/normal/front/f/7/f71958e9-6d6d-4393-8b49-567103b50877.jpg?1789470852,102
Gardenize,Gardenize,Green,G,G,{1}{G}{G},3,Rare,Enchantment,Mono Green,G,,1,|Green||White/Green||Blue/Green||Black/Green||Red/Green||White/Blue/Green||White/Black/Green||White/Red/Green||Blue/Black/Green||Blue/Red/Green||Black/Red/Green||White/Blue/Black/Green||White/Blue/Red/Green||White/Black/Red/Green||Blue/Black/Red/Green||White/Blue/Black/Red/Green|,0.0,,,,normal,https://scryfall.com/card/fra/103/gardenize,https://cards.scryfall.io/normal/front/9/3/930b89c3-4433-48de-829f-20fc3dbfced9.jpg?1789644837,103
Greenhouse Propagator,Greenhouse Propagator,Green,G,G,{2}{G},3,Common,Creature — Cat Druid,Mono Green,G,,1,|Green||White/Green||Blue/Green||Black/Green||Red/Green||White/Blue/Green||White/Black/Green||White/Red/Green||Blue/Black/Green||Blue/Red/Green||Black/Red/Green||White/Blue/Black/Green||White/Blue/Red/Green||White/Black/Red/Green||Blue/Black/Red/Green||White/Blue/Black/Red/Green|,2.0,,,,normal,https://scryfall.com/card/fra/104/greenhouse-propagator,https://cards.scryfall.io/normal/front/a/5/a56e0f91-b128-4693-a949-53cb403f4fbf.jpg?1789127136,104
Heartwood Crafter // Soul Tether,Heartwood Crafter,Green,G,RG,{G},1,Uncommon,Creature — Elf Artificer,Mono Green,G,RG,1,|Green||White/Green||Blue/Green||Black/Green||Red/Green||White/Blue/Green||White/Black/Green||White/Red/Green||Blue/Black/Green||Blue/Red/Green||Black/Red/Green||White/Blue/Black/Green||White/Blue/Red/Green||White/Black/Red/Green||Blue/Black/Red/Green||White/Blue/Black/Red/Green|,2.0,,Soul Tether,{2}{R/G},prepare,https://scryfall.com/card/fra/105/heartwood-crafter-soul-tether,https://cards.scryfall.io/normal/front/9/1/910a1f41-17fd-4ab0-9597-7151e79dc760.jpg?1789127630,105
Hexhaven Invigorator,Hexhaven Invigorator,Green,G,G,{G}{G}{G}{G},4,Mythic,Creature — Chimera Horror,Mono Green,G,,1,|Green||White/Green||Blue/Green||Black/Green||Red/Green||White/Blue/Green||White/Black/Green||White/Red/Green||Blue/Black/Green||Blue/Red/Green||Black/Red/Green||White/Blue/Black/Green||White/Blue/Red/Green||White/Black/Red/Green||Blue/Black/Red/Green||White/Blue/Black/Red/Green|,3.5,,,,normal,https://scryfall.com/card/fra/106/hexhaven-invigorator,https://cards.scryfall.io/normal/front/9/a/9a446cae-e93c-4574-8ffd-7688f9729a8a.jpg?1788878191,106
Hungering Puppetbeast,Hungering Puppetbeast,Green,G,G,{3}{G}{G},5,Rare,Artifact Creature — Beast Construct,Mono Green,G,,1,|Green||White/Green||Blue/Green||Black/Green||Red/Green||White/Blue/Green||White/Black/Green||White/Red/Green||Blue/Black/Green||Blue/Red/Green||Black/Red/Green||White/Blue/Black/Green||White/Blue/Red/Green||White/Black/Red/Green||Blue/Black/Red/Green||White/Blue/Black/Red/Green|,4.0,,,,normal,https://scryfall.com/card/fra/107/hungering-puppetbeast,https://cards.scryfall.io/normal/front/3/d/3db2da7a-8088-4117-916b-f9c905d1b45b.jpg?1789127646,107
Hunter's Axe,Hunter's Axe,Green,G,G,{G},1,Uncommon,Artifact — Equipment,Mono Green,G,,1,|Green||White/Green||Blue/Green||Black/Green||Red/Green||White/Blue/Green||White/Black/Green||White/Red/Green||Blue/Black/Green||Blue/Red/Green||Black/Red/Green||White/Blue/Black/Green||White/Blue/Red/Green||White/Black/Red/Green||Blue/Black/Red/Green||White/Blue/Black/Red/Green|,2.5,,,,normal,https://scryfall.com/card/fra/108/hunters-axe,https://cards.scryfall.io/normal/front/a/2/a2cc5d0e-9643-4ee2-81de-fa2c3bd1ab09.jpg?1789556822,108
Inspired Tethermage,Inspired Tethermage,Green,G,G,{2}{G},3,Common,Creature — Elf Warrior,Mono Green,G,,1,|Green||White/Green||Blue/Green||Black/Green||Red/Green||White/Blue/Green||White/Black/Green||White/Red/Green||Blue/Black/Green||Blue/Red/Green||Black/Red/Green||White/Blue/Black/Green||White/Blue/Red/Green||White/Black/Red/Green||Blue/Black/Red/Green||White/Blue/Black/Red/Green|,1.5,,,,normal,https://scryfall.com/card/fra/109/inspired-tethermage,https://cards.scryfall.io/normal/front/0/7/073f4998-a204-447b-93d5-746ae87fd6a1.jpg?1788878192,109
Omnipresence,Omnipresence,Green,G,G,{5}{G}{G}{G},8,Mythic,Enchantment,Mono Green,G,,1,|Green||White/Green||Blue/Green||Black/Green||Red/Green||White/Blue/Green||White/Black/Green||White/Red/Green||Blue/Black/Green||Blue/Red/Green||Black/Red/Green||White/Blue/Black/Green||White/Blue/Red/Green||White/Black/Red/Green||Blue/Black/Red/Green||White/Blue/Black/Red/Green|,0.0,,,,normal,https://scryfall.com/card/fra/110/omnipresence,https://cards.scryfall.io/normal/front/e/a/eaf9dc77-c83b-49cf-84be-6bd791cb925e.jpg?1789470856,110
Puppet Crafting,Puppet Crafting,Green,G,G,{1}{G},2,Rare,Enchantment — Aura,Mono Green,G,,1,|Green||White/Green||Blue/Green||Black/Green||Red/Green||White/Blue/Green||White/Black/Green||White/Red/Green||Blue/Black/Green||Blue/Red/Green||Black/Red/Green||White/Blue/Black/Green||White/Blue/Red/Green||White/Black/Red/Green||Blue/Black/Red/Green||White/Blue/Black/Red/Green|,3.5,,,,normal,https://scryfall.com/card/fra/111/puppet-crafting,https://cards.scryfall.io/normal/front/6/b/6b8789a6-3b63-4198-af5f-c2f2f49fafd9.jpg?1789470736,111
Restore with Empathy,Restore with Empathy,Green,G,G,{2}{G},3,Uncommon,Instant,Mono Green,G,,1,|Green||White/Green||Blue/Green||Black/Green||Red/Green||White/Blue/Green||White/Black/Green||White/Red/Green||Blue/Black/Green||Blue/Red/Green||Black/Red/Green||White/Blue/Black/Green||White/Blue/Red/Green||White/Black/Red/Green||Blue/Black/Red/Green||White/Blue/Black/Red/Green|,2.0,,,,normal,https://scryfall.com/card/fra/112/restore-with-empathy,https://cards.scryfall.io/normal/front/3/5/3546b93b-a7d1-451d-a369-22cc8ddcd00d.jpg?1788865848,112
Simulacrum Shaper,Simulacrum Shaper,Green,G,G,{1}{G}{G},3,Rare,Creature — Elf Druid,Mono Green,G,,1,|Green||White/Green||Blue/Green||Black/Green||Red/Green||White/Blue/Green||White/Black/Green||White/Red/Green||Blue/Black/Green||Blue/Red/Green||Black/Red/Green||White/Blue/Black/Green||White/Blue/Red/Green||White/Black/Red/Green||Blue/Black/Red/Green||White/Blue/Black/Red/Green|,4.0,,,,normal,https://scryfall.com/card/fra/113/simulacrum-shaper,https://cards.scryfall.io/normal/front/7/c/7c725702-8696-4e5a-8318-62f5e2616d52.jpg?1789470857,113
Something Worth Saving,Something Worth Saving,Green,G,G,{1}{G},2,Common,Instant,Mono Green,G,,1,|Green||White/Green||Blue/Green||Black/Green||Red/Green||White/Blue/Green||White/Black/Green||White/Red/Green||Blue/Black/Green||Blue/Red/Green||Black/Red/Green||White/Blue/Black/Green||White/Blue/Red/Green||White/Black/Red/Green||Blue/Black/Red/Green||White/Blue/Black/Red/Green|,2.0,,,,normal,https://scryfall.com/card/fra/114/something-worth-saving,https://cards.scryfall.io/normal/front/0/2/02ee7817-40af-4fcf-a2df-eb218b669281.jpg?1788878199,114
Sureshot Sower,Sureshot Sower,Green,G,G,{1}{G},2,Common,Creature — Human Archer,Mono Green,G,,1,|Green||White/Green||Blue/Green||Black/Green||Red/Green||White/Blue/Green||White/Black/Green||White/Red/Green||Blue/Black/Green||Blue/Red/Green||Black/Red/Green||White/Blue/Black/Green||White/Blue/Red/Green||White/Black/Red/Green||Blue/Black/Red/Green||White/Blue/Black/Red/Green|,2.0,,,,normal,https://scryfall.com/card/fra/115/sureshot-sower,https://cards.scryfall.io/normal/front/b/6/b635389c-e286-4edb-80d1-23dbe4a18857.jpg?1789614751,115
Tarmogoyf,Tarmogoyf,Green,G,G,{1}{G},2,Mythic,Creature — Lhurgoyf,Mono Green,G,,1,|Green||White/Green||Blue/Green||Black/Green||Red/Green||White/Blue/Green||White/Black/Green||White/Red/Green||Blue/Black/Green||Blue/Red/Green||Black/Red/Green||White/Blue/Black/Green||White/Blue/Red/Green||White/Black/Red/Green||Blue/Black/Red/Green||White/Blue/Black/Red/Green|,3.5,,,,normal,https://scryfall.com/card/fra/116/tarmogoyf,https://cards.scryfall.io/normal/front/8/b/8be5ee47-8f8a-4e3c-b1a1-9ca0e1fdec7f.jpg?1789127270,116
Tethermage's Advantage,Tethermage's Advantage,Green,G,G,{G},1,Common,Instant,Mono Green,G,,1,|Green||White/Green||Blue/Green||Black/Green||Red/Green||White/Blue/Green||White/Black/Green||White/Red/Green||Blue/Black/Green||Blue/Red/Green||Black/Red/Green||White/Blue/Black/Green||White/Blue/Red/Green||White/Black/Red/Green||Blue/Black/Red/Green||White/Blue/Black/Red/Green|,1.5,,,,normal,https://scryfall.com/card/fra/117/tethermages-advantage,https://cards.scryfall.io/normal/front/3/8/38589a7c-9cfb-4bcc-845e-9dc205095853.jpg?1789129937,117
Verdant Kraken,Verdant Kraken,Green,G,G,{4}{G}{G}{G},7,Rare,Creature — Plant Kraken,Mono Green,G,,1,|Green||White/Green||Blue/Green||Black/Green||Red/Green||White/Blue/Green||White/Black/Green||White/Red/Green||Blue/Black/Green||Blue/Red/Green||Black/Red/Green||White/Blue/Black/Green||White/Blue/Red/Green||White/Black/Red/Green||Blue/Black/Red/Green||White/Blue/Black/Red/Green|,4.5,,,,normal,https://scryfall.com/card/fra/118/verdant-kraken,https://cards.scryfall.io/normal/front/2/b/2bb7a8eb-227f-410b-859f-750ef0aea2f0.jpg?1789644841,118
Vinelasher Adept,Vinelasher Adept,Green,G,G,{4}{G}{G},6,Common,Creature — Rhino Soldier,Mono Green,G,,1,|Green||White/Green||Blue/Green||Black/Green||Red/Green||White/Blue/Green||White/Black/Green||White/Red/Green||Blue/Black/Green||Blue/Red/Green||Black/Red/Green||White/Blue/Black/Green||White/Blue/Red/Green||White/Black/Red/Green||Blue/Black/Red/Green||White/Blue/Black/Red/Green|,2.0,,,,normal,https://scryfall.com/card/fra/119/vinelasher-adept,https://cards.scryfall.io/normal/front/e/5/e5ed142b-2b61-4ef5-8b23-2db2a0a0319d.jpg?1789556814,119
Wrecking Gecko,Wrecking Gecko,Green,G,G,{4}{G},5,Common,Artifact Creature — Lizard Construct,Mono Green,G,,1,|Green||White/Green||Blue/Green||Black/Green||Red/Green||White/Blue/Green||White/Black/Green||White/Red/Green||Blue/Black/Green||Blue/Red/Green||Black/Red/Green||White/Blue/Black/Green||White/Blue/Red/Green||White/Black/Red/Green||Blue/Black/Red/Green||White/Blue/Black/Red/Green|,1.5,,,,normal,https://scryfall.com/card/fra/120/wrecking-gecko,https://cards.scryfall.io/normal/front/3/d/3d693cb0-681e-480a-8f70-07e94c39225c.jpg?1789385843,120
Aerid Konstrari,Aerid Konstrari,Multicolor (Red/Green),RG,RG,{1}{R}{G}{G},4,Mythic,Legendary Creature — Elder Sphinx,Gold Red/Green,RG,,2,|Red/Green||White/Red/Green||Blue/Red/Green||Black/Red/Green||White/Blue/Red/Green||White/Black/Red/Green||Blue/Black/Red/Green||White/Blue/Black/Red/Green|,4.5,,,,normal,https://scryfall.com/card/fra/121/aerid-konstrari,https://cards.scryfall.io/normal/front/f/1/f17d2792-b075-4c47-ad38-e7a7eaee5f8c.jpg?1788878199,121
Avatar of Burgeoning Echoes,Avatar of Burgeoning Echoes,Multicolor (Blue/Green),UG,UG,{G}{U},2,Mythic,Creature — Avatar,Gold Blue/Green,UG,,2,|Blue/Green||White/Blue/Green||Blue/Black/Green||Blue/Red/Green||White/Blue/Black/Green||White/Blue/Red/Green||Blue/Black/Red/Green||White/Blue/Black/Red/Green|,4.0,,,,normal,https://scryfall.com/card/fra/122/avatar-of-burgeoning-echoes,https://cards.scryfall.io/normal/front/5/9/5905995b-7a20-4602-a7cc-90aa5089a082.jpg?1788878208,122
Blessed Ghoul,Blessed Ghoul,Multicolor (White/Black),WB,WB,{W/B},1,Common,Creature — Zombie Cleric,Hybrid White/Black,,WB,1,|White||Black||White/Blue||White/Black||White/Red||White/Green||Blue/Black||Black/Red||Black/Green||White/Blue/Black||White/Blue/Red||White/Blue/Green||White/Black/Red||White/Black/Green||White/Red/Green||Blue/Black/Red||Blue/Black/Green||Black/Red/Green||White/Blue/Black/Red||White/Blue/Black/Green||White/Blue/Red/Green||White/Black/Red/Green||Blue/Black/Red/Green||White/Blue/Black/Red/Green|,1.5,,,,normal,https://scryfall.com/card/fra/123/blessed-ghoul,https://cards.scryfall.io/normal/front/b/b/bb975803-9bf2-401e-9414-d272df314398.jpg?1789556847,123
Bloombrute,Bloombrute,Multicolor (White/Green),WG,WG,{2}{G}{W},4,Uncommon,Creature — Plant Elemental,Gold White/Green,WG,,2,|White/Green||White/Blue/Green||White/Black/Green||White/Red/Green||White/Blue/Black/Green||White/Blue/Red/Green||White/Black/Red/Green||White/Blue/Black/Red/Green|,3.5,,,,normal,https://scryfall.com/card/fra/124/bloombrute,https://cards.scryfall.io/normal/front/6/b/6b804503-9c70-4b1f-bb13-a65fb6dd3ef8.jpg?1789644843,124
Charge the Sanctum,Charge the Sanctum,Multicolor (White/Red),WR,WR,{2}{R/W},3,Common,Instant,Hybrid White/Red,,WR,1,|White||Red||White/Blue||White/Black||White/Red||White/Green||Blue/Red||Black/Red||Red/Green||White/Blue/Black||White/Blue/Red||White/Blue/Green||White/Black/Red||White/Black/Green||White/Red/Green||Blue/Black/Red||Blue/Red/Green||Black/Red/Green||White/Blue/Black/Red||White/Blue/Black/Green||White/Blue/Red/Green||White/Black/Red/Green||Blue/Black/Red/Green||White/Blue/Black/Red/Green|,1.5,,,,normal,https://scryfall.com/card/fra/125/charge-the-sanctum,https://cards.scryfall.io/normal/front/8/7/87b40df5-5c0a-41f5-a09c-a04f17066a91.jpg?1788521570,125
Clash of Elements,Clash of Elements,Multicolor (Blue/Red),UR,UR,{1}{U}{R},3,Uncommon,Instant,Gold Blue/Red,UR,,2,|Blue/Red||White/Blue/Red||Blue/Black/Red||Blue/Red/Green||White/Blue/Black/Red||White/Blue/Red/Green||Blue/Black/Red/Green||White/Blue/Black/Red/Green|,3.5,,,,normal,https://scryfall.com/card/fra/126/clash-of-elements,https://cards.scryfall.io/normal/front/b/6/b61bcef7-5832-45e6-a2bc-26d4f23707fc.jpg?1788878210,126
Craftwork Crusher,Craftwork Crusher,Multicolor (Red/Green),RG,RG,{3}{R}{R}{G}{G},7,Uncommon,Artifact Creature — Boar Construct,Gold Red/Green,RG,,2,|Red/Green||White/Red/Green||Blue/Red/Green||Black/Red/Green||White/Blue/Red/Green||White/Black/Red/Green||Blue/Black/Red/Green||White/Blue/Black/Red/Green|,3.5,,,,normal,https://scryfall.com/card/fra/127/craftwork-crusher,https://cards.scryfall.io/normal/front/0/3/03f9839c-aa07-4ee7-847b-091e47ab80c4.jpg?1789470711,127
Denzilore Fatehold,Denzilore Fatehold,Multicolor (White/Blue),WU,WU,{1}{W}{U}{U},4,Mythic,Legendary Creature — Elder Sphinx,Gold White/Blue,WU,,2,|White/Blue||White/Blue/Black||White/Blue/Red||White/Blue/Green||White/Blue/Black/Red||White/Blue/Black/Green||White/Blue/Red/Green||White/Blue/Black/Red/Green|,4.5,,,,normal,https://scryfall.com/card/fra/128/denzilore-fatehold,https://cards.scryfall.io/normal/front/9/8/986f9e98-9d8d-428b-9187-860745cf3269.jpg?1788878215,128
Desperate Futurescribe,Desperate Futurescribe,Multicolor (White/Blue),WU,WU,{2}{W}{U},4,Uncommon,Creature — Kor Scout,Gold White/Blue,WU,,2,|White/Blue||White/Blue/Black||White/Blue/Red||White/Blue/Green||White/Blue/Black/Red||White/Blue/Black/Green||White/Blue/Red/Green||White/Blue/Black/Red/Green|,3.5,,,,normal,https://scryfall.com/card/fra/129/desperate-futurescribe,https://cards.scryfall.io/normal/front/c/f/cfaa3ebd-5c21-4e99-a0dd-8426d19b53a5.jpg?1789644852,129
Emergency Phytomedic // Seed Suture,Emergency Phytomedic,Multicolor (White/Green),WG,WG,{G/W},1,Common,Creature — Dryad Cleric,Hybrid White/Green,,WG,1,|White||Green||White/Blue||White/Black||White/Red||White/Green||Blue/Green||Black/Green||Red/Green||White/Blue/Black||White/Blue/Red||White/Blue/Green||White/Black/Red||White/Black/Green||White/Red/Green||Blue/Black/Green||Blue/Red/Green||Black/Red/Green||White/Blue/Black/Red||White/Blue/Black/Green||White/Blue/Red/Green||White/Black/Red/Green||Blue/Black/Red/Green||White/Blue/Black/Red/Green|,2.5,,Seed Suture,{G/W},prepare,https://scryfall.com/card/fra/130/emergency-phytomedic-seed-suture,https://cards.scryfall.io/normal/front/d/e/de94d388-919d-44ff-baef-8c90a417ac6d.jpg?1789637792,130
Entrust the Spark,Entrust the Spark,Multicolor (Blue/Green),UG,UG,{3}{G}{U},5,Rare,Sorcery,Gold Blue/Green,UG,,2,|Blue/Green||White/Blue/Green||Blue/Black/Green||Blue/Red/Green||White/Blue/Black/Green||White/Blue/Red/Green||Blue/Black/Red/Green||White/Blue/Black/Red/Green|,1.0,,,,normal,https://scryfall.com/card/fra/131/entrust-the-spark,https://cards.scryfall.io/normal/front/c/a/ca894d25-b9fc-4cd6-8746-70d8c2868721.jpg?1789614779,131
Fatehold Charm,Fatehold Charm,Multicolor (White/Blue),WU,WU,{W}{U},2,Uncommon,Instant,Gold White/Blue,WU,,2,|White/Blue||White/Blue/Black||White/Blue/Red||White/Blue/Green||White/Blue/Black/Red||White/Blue/Black/Green||White/Blue/Red/Green||White/Blue/Black/Red/Green|,3.5,,,,normal,https://scryfall.com/card/fra/132/fatehold-charm,https://cards.scryfall.io/normal/front/c/f/cfc54011-647e-4428-bcdb-59400e1da49d.jpg?1789127637,132
Fatehold Chronologist // Peer Review,Fatehold Chronologist,Multicolor (White/Blue),WU,WU,{1}{W/U},2,Common,Creature — Bird Wizard,Hybrid White/Blue,,WU,1,|White||Blue||White/Blue||White/Black||White/Red||White/Green||Blue/Black||Blue/Red||Blue/Green||White/Blue/Black||White/Blue/Red||White/Blue/Green||White/Black/Red||White/Black/Green||White/Red/Green||Blue/Black/Red||Blue/Black/Green||Blue/Red/Green||White/Blue/Black/Red||White/Blue/Black/Green||White/Blue/Red/Green||White/Black/Red/Green||Blue/Black/Red/Green||White/Blue/Black/Red/Green|,2.0,,Peer Review,{2}{W/U},prepare,https://scryfall.com/card/fra/133/fatehold-chronologist-peer-review,https://cards.scryfall.io/normal/front/2/9/29e7ec16-0c16-48aa-8e09-ce6e0d5bd40b.jpg?1789060173,133
Ferocity of the Hunt,Ferocity of the Hunt,Multicolor (Black/Green),BG,BG,{1}{B/G},2,Common,Enchantment — Aura,Hybrid Black/Green,,BG,1,|Black||Green||White/Black||White/Green||Blue/Black||Blue/Green||Black/Red||Black/Green||Red/Green||White/Blue/Black||White/Blue/Green||White/Black/Red||White/Black/Green||White/Red/Green||Blue/Black/Red||Blue/Black/Green||Blue/Red/Green||Black/Red/Green||White/Blue/Black/Red||White/Blue/Black/Green||White/Blue/Red/Green||White/Black/Red/Green||Blue/Black/Red/Green||White/Blue/Black/Red/Green|,1.5,,,,normal,https://scryfall.com/card/fra/134/ferocity-of-the-hunt,https://cards.scryfall.io/normal/front/a/9/a9793ce9-5a0b-41fe-b9ad-02f6f7da2481.jpg?1789644856,134
Frostbite Pyromental,Frostbite Pyromental,Multicolor (Blue/Red),UR,UR,{U}{R}{R},3,Rare,Creature — Elemental,Gold Blue/Red,UR,,2,|Blue/Red||White/Blue/Red||Blue/Black/Red||Blue/Red/Green||White/Blue/Black/Red||White/Blue/Red/Green||Blue/Black/Red/Green||White/Blue/Black/Red/Green|,1.5,,,,normal,https://scryfall.com/card/fra/135/frostbite-pyromental,https://cards.scryfall.io/normal/front/7/a/7a44581f-8fc4-457d-888a-1e211090ee7e.jpg?1789470870,135
Grim Repriser,Grim Repriser,Multicolor (Black/Red),BR,BR,{B}{R},2,Uncommon,Creature — Zombie Bard,Gold Black/Red,BR,,2,|Black/Red||White/Black/Red||Blue/Black/Red||Black/Red/Green||White/Blue/Black/Red||White/Black/Red/Green||Blue/Black/Red/Green||White/Blue/Black/Red/Green|,2.5,,,,normal,https://scryfall.com/card/fra/136/grim-repriser,https://cards.scryfall.io/normal/front/8/2/8295c48c-b4dd-4bc1-a206-04cf12b79bbd.jpg?1789470746,136
Ingris Stingerquill,Ingris Stingerquill,Multicolor (Black/Red),BR,BR,{B}{R}{R},3,Mythic,Legendary Creature — Elder Sphinx,Gold Black/Red,BR,,2,|Black/Red||White/Black/Red||Blue/Black/Red||Black/Red/Green||White/Blue/Black/Red||White/Black/Red/Green||Blue/Black/Red/Green||White/Blue/Black/Red/Green|,4.5,,,,normal,https://scryfall.com/card/fra/137/ingris-stingerquill,https://cards.scryfall.io/normal/front/6/4/6471b135-33a8-4005-9a07-ebb74e0bf145.jpg?1788878212,137
Konstrari Charm,Konstrari Charm,Multicolor (Red/Green),RG,RG,{R}{G},2,Uncommon,Instant,Gold Red/Green,RG,,2,|Red/Green||White/Red/Green||Blue/Red/Green||Black/Red/Green||White/Blue/Red/Green||White/Black/Red/Green||Blue/Black/Red/Green||White/Blue/Black/Red/Green|,2.0,,,,normal,https://scryfall.com/card/fra/138/konstrari-charm,https://cards.scryfall.io/normal/front/7/d/7d29dfa1-9582-47bc-8f42-62b611bdcc4e.jpg?1789127645,138
Konstrari Improviser // Soul Tether,Konstrari Improviser,Multicolor (Red/Green),RG,RG,{1}{R/G},2,Common,Creature — Human Artificer,Hybrid Red/Green,,RG,1,|Red||Green||White/Red||White/Green||Blue/Red||Blue/Green||Black/Red||Black/Green||Red/Green||White/Blue/Red||White/Blue/Green||White/Black/Red||White/Black/Green||White/Red/Green||Blue/Black/Red||Blue/Black/Green||Blue/Red/Green||Black/Red/Green||White/Blue/Black/Red||White/Blue/Black/Green||White/Blue/Red/Green||White/Black/Red/Green||Blue/Black/Red/Green||White/Blue/Black/Red/Green|,2.0,,Soul Tether,{2}{R/G},prepare,https://scryfall.com/card/fra/139/konstrari-improviser-soul-tether,https://cards.scryfall.io/normal/front/4/2/42e28bd2-486b-45d4-8840-6e33c19c2d57.jpg?1789556881,139
Kwia Vigorbloom,Kwia Vigorbloom,Multicolor (White/Green),WG,WG,{3}{G}{W}{W},6,Mythic,Legendary Creature — Elder Sphinx,Gold White/Green,WG,,2,|White/Green||White/Blue/Green||White/Black/Green||White/Red/Green||White/Blue/Black/Green||White/Blue/Red/Green||White/Black/Red/Green||White/Blue/Black/Red/Green|,4.5,,,,normal,https://scryfall.com/card/fra/140/kwia-vigorbloom,https://cards.scryfall.io/normal/front/2/d/2d6ff182-a853-4898-895b-072c89324ca7.jpg?1788878236,140
Mind Meanderer,Mind Meanderer,Multicolor (Blue/Green),UG,UG,{3}{G}{U}{U},6,Uncommon,Creature — Bird Fish Illusion,Gold Blue/Green,UG,,2,|Blue/Green||White/Blue/Green||Blue/Black/Green||Blue/Red/Green||White/Blue/Black/Green||White/Blue/Red/Green||Blue/Black/Red/Green||White/Blue/Black/Red/Green|,3.0,,,,normal,https://scryfall.com/card/fra/141/mind-meanderer,https://cards.scryfall.io/normal/front/9/4/94c290ce-252c-42b3-bcb0-c1ef621df566.jpg?1789470861,141
Null Summoner,Null Summoner,Multicolor (Blue/Black),UB,UB,{2}{U}{B},4,Rare,Creature — Human Warlock,Gold Blue/Black,UB,,2,|Blue/Black||White/Blue/Black||Blue/Black/Red||Blue/Black/Green||White/Blue/Black/Red||White/Blue/Black/Green||Blue/Black/Red/Green||White/Blue/Black/Red/Green|,4.0,,,,normal,https://scryfall.com/card/fra/142/null-summoner,https://cards.scryfall.io/normal/front/3/a/3afdc75a-1bf5-4f2f-84eb-d82f77a095cd.jpg?1789127648,142
Paradox Shaper // Omit Variables,Paradox Shaper,Multicolor (Blue/Black),UB,UB,{1}{U/B},2,Uncommon,Creature — Octopus Wizard,Hybrid Blue/Black,,UB,1,|Blue||Black||White/Blue||White/Black||Blue/Black||Blue/Red||Blue/Green||Black/Red||Black/Green||White/Blue/Black||White/Blue/Red||White/Blue/Green||White/Black/Red||White/Black/Green||Blue/Black/Red||Blue/Black/Green||Blue/Red/Green||Black/Red/Green||White/Blue/Black/Red||White/Blue/Black/Green||White/Blue/Red/Green||White/Black/Red/Green||Blue/Black/Red/Green||White/Blue/Black/Red/Green|,2.5,,Omit Variables,{U/B},prepare,https://scryfall.com/card/fra/143/paradox-shaper-omit-variables,https://cards.scryfall.io/normal/front/e/6/e61b9d48-0ace-4453-afe0-a1024444bac0.jpg?1788329390,143
Primal Witchstalker,Primal Witchstalker,Multicolor (Black/Green),BG,BG,{1}{B}{G},3,Uncommon,Creature — Wolf,Gold Black/Green,BG,,2,|Black/Green||White/Black/Green||Blue/Black/Green||Black/Red/Green||White/Blue/Black/Green||White/Black/Red/Green||Blue/Black/Red/Green||White/Blue/Black/Red/Green|,3.0,,,,normal,https://scryfall.com/card/fra/144/primal-witchstalker,https://cards.scryfall.io/normal/front/0/4/04e64af7-cca1-499e-8951-f386e84c8b5b.jpg?1789644850,144
Proctor of Potential,Proctor of Potential,Multicolor (White/Blue),WU,WU,{W}{U},2,Rare,Creature — Human Cleric,Gold White/Blue,WU,,2,|White/Blue||White/Blue/Black||White/Blue/Red||White/Blue/Green||White/Blue/Black/Red||White/Blue/Black/Green||White/Blue/Red/Green||White/Blue/Black/Red/Green|,4.0,,,,normal,https://scryfall.com/card/fra/145/proctor-of-potential,https://cards.scryfall.io/normal/front/c/f/cf0eec8c-0475-4050-8144-481a9bb13a0f.jpg?1789127661,145
Prudent Fateseer // Peer Review,Prudent Fateseer,Multicolor (White/Blue),WU,WU,{1}{W/U}{W/U},3,Uncommon,Creature — Dwarf Wizard,Hybrid White/Blue,,WU,1,|White||Blue||White/Blue||White/Black||White/Red||White/Green||Blue/Black||Blue/Red||Blue/Green||White/Blue/Black||White/Blue/Red||White/Blue/Green||White/Black/Red||White/Black/Green||White/Red/Green||Blue/Black/Red||Blue/Black/Green||Blue/Red/Green||White/Blue/Black/Red||White/Blue/Black/Green||White/Blue/Red/Green||White/Black/Red/Green||Blue/Black/Red/Green||White/Blue/Black/Red/Green|,2.0,,Peer Review,{2}{W/U},prepare,https://scryfall.com/card/fra/146/prudent-fateseer-peer-review,https://cards.scryfall.io/normal/front/6/c/6c1c790b-9e0e-4964-9ea3-554843907f06.jpg?1788329412,146
Recursive Recruitment,Recursive Recruitment,Multicolor (Blue/Black),UB,UB,{2}{U}{B},4,Uncommon,Sorcery,Gold Blue/Black,UB,,2,|Blue/Black||White/Blue/Black||Blue/Black/Red||Blue/Black/Green||White/Blue/Black/Red||White/Blue/Black/Green||Blue/Black/Red/Green||White/Blue/Black/Red/Green|,3.5,,,,normal,https://scryfall.com/card/fra/147/recursive-recruitment,https://cards.scryfall.io/normal/front/6/8/68fddb6a-86d4-4ebb-907d-fdcaadebc4b3.jpg?1789556898,147
Solarium Sentry,Solarium Sentry,Multicolor (White/Green),WG,WG,{G}{W},2,Rare,Creature — Cat Soldier,Gold White/Green,WG,,2,|White/Green||White/Blue/Green||White/Black/Green||White/Red/Green||White/Blue/Black/Green||White/Blue/Red/Green||White/Black/Red/Green||White/Blue/Black/Red/Green|,3.0,,,,normal,https://scryfall.com/card/fra/148/solarium-sentry,https://cards.scryfall.io/normal/front/1/e/1ef12dcf-df50-4da6-8c4c-e2937ba9698e.jpg?1789127651,148
Solitary Cell,Solitary Cell,Multicolor (White/Red),WR,WR,{R}{W},2,Rare,Artifact,Gold White/Red,WR,,2,|White/Red||White/Blue/Red||White/Black/Red||White/Red/Green||White/Blue/Black/Red||White/Blue/Red/Green||White/Black/Red/Green||White/Blue/Black/Red/Green|,3.0,,,,normal,https://scryfall.com/card/fra/149/solitary-cell,https://cards.scryfall.io/normal/front/5/1/5142bbb6-194c-4b12-b11a-1a21c9fe81a6.jpg?1788260690,149
Stingerquill Charm,Stingerquill Charm,Multicolor (Black/Red),BR,BR,{B}{R},2,Uncommon,Instant,Gold Black/Red,BR,,2,|Black/Red||White/Black/Red||Blue/Black/Red||Black/Red/Green||White/Blue/Black/Red||White/Black/Red/Green||Blue/Black/Red/Green||White/Blue/Black/Red/Green|,3.5,,,,normal,https://scryfall.com/card/fra/150/stingerquill-charm,https://cards.scryfall.io/normal/front/8/1/81733ff7-e611-43ee-bf38-6bb700676017.jpg?1789127652,150
Stingerquill Voxmancer // Vicious Verse,Stingerquill Voxmancer,Multicolor (Black/Red),BR,BR,{B/R},1,Uncommon,Creature — Goblin Sorcerer,Hybrid Black/Red,,BR,1,|Black||Red||White/Black||White/Red||Blue/Black||Blue/Red||Black/Red||Black/Green||Red/Green||White/Blue/Black||White/Blue/Red||White/Black/Red||White/Black/Green||White/Red/Green||Blue/Black/Red||Blue/Black/Green||Blue/Red/Green||Black/Red/Green||White/Blue/Black/Red||White/Blue/Black/Green||White/Blue/Red/Green||White/Black/Red/Green||Blue/Black/Red/Green||White/Blue/Black/Red/Green|,2.5,,Vicious Verse,{B/R},prepare,https://scryfall.com/card/fra/151/stingerquill-voxmancer-vicious-verse,https://cards.scryfall.io/normal/front/8/4/84b1c268-3b8a-41b6-92e3-a2ce0cc3d738.jpg?1788329418,151
Stinging Vitriol,Stinging Vitriol,Multicolor (Black/Red),BR,BR,{B}{R},2,Rare,Sorcery,Gold Black/Red,BR,,2,|Black/Red||White/Black/Red||Blue/Black/Red||Black/Red/Green||White/Blue/Black/Red||White/Black/Red/Green||Blue/Black/Red/Green||White/Blue/Black/Red/Green|,3.0,,,,normal,https://scryfall.com/card/fra/152/stinging-vitriol,https://cards.scryfall.io/normal/front/a/7/a7d78297-7411-4ec5-8931-a25146869d5b.jpg?1789385971,152
Tam's Resistance,Tam's Resistance,Multicolor (Blue/Green),UG,UG,{1}{G/U},2,Common,Sorcery,Hybrid Blue/Green,,UG,1,|Blue||Green||White/Blue||White/Green||Blue/Black||Blue/Red||Blue/Green||Black/Green||Red/Green||White/Blue/Black||White/Blue/Red||White/Blue/Green||White/Black/Green||White/Red/Green||Blue/Black/Red||Blue/Black/Green||Blue/Red/Green||Black/Red/Green||White/Blue/Black/Red||White/Blue/Black/Green||White/Blue/Red/Green||White/Black/Red/Green||Blue/Black/Red/Green||White/Blue/Black/Red/Green|,1.5,,,,normal,https://scryfall.com/card/fra/153/tams-resistance,https://cards.scryfall.io/normal/front/b/3/b3d33df2-a77b-4c2e-ba7f-2cc9c1505f9b.jpg?1788878215,153
Tenured Tethermage,Tenured Tethermage,Multicolor (Red/Green),RG,RG,{1}{R}{G},3,Rare,Creature — Human Artificer,Gold Red/Green,RG,,2,|Red/Green||White/Red/Green||Blue/Red/Green||Black/Red/Green||White/Blue/Red/Green||White/Black/Red/Green||Blue/Black/Red/Green||White/Blue/Black/Red/Green|,3.5,,,,normal,https://scryfall.com/card/fra/154/tenured-tethermage,https://cards.scryfall.io/normal/front/1/7/1703306d-6a3d-4ab8-bf58-a9992236ef0f.jpg?1789385792,154
Theorix Charm,Theorix Charm,Multicolor (Blue/Black),UB,UB,{U}{B},2,Uncommon,Instant,Gold Blue/Black,UB,,2,|Blue/Black||White/Blue/Black||Blue/Black/Red||Blue/Black/Green||White/Blue/Black/Red||White/Blue/Black/Green||Blue/Black/Red/Green||White/Blue/Black/Red/Green|,2.5,,,,normal,https://scryfall.com/card/fra/155/theorix-charm,https://cards.scryfall.io/normal/front/2/8/2835c9aa-0904-44db-8da2-e8c4e04201aa.jpg?1789127659,155
Theorix Metamage // Omit Variables,Theorix Metamage,Multicolor (Blue/Black),UB,UB,{2}{U/B},3,Common,Creature — Shade Wizard,Hybrid Blue/Black,,UB,1,|Blue||Black||White/Blue||White/Black||Blue/Black||Blue/Red||Blue/Green||Black/Red||Black/Green||White/Blue/Black||White/Blue/Red||White/Blue/Green||White/Black/Red||White/Black/Green||Blue/Black/Red||Blue/Black/Green||Blue/Red/Green||Black/Red/Green||White/Blue/Black/Red||White/Blue/Black/Green||White/Blue/Red/Green||White/Black/Red/Green||Blue/Black/Red/Green||White/Blue/Black/Red/Green|,2.0,,Omit Variables,{U/B},prepare,https://scryfall.com/card/fra/156/theorix-metamage-omit-variables,https://cards.scryfall.io/normal/front/f/b/fb6bad96-841d-4738-8e62-92f346f914fd.jpg?1789556930,156
Twinned Vision,Twinned Vision,Multicolor (Blue/Red),UR,UR,{1}{U/R},2,Common,Instant,Hybrid Blue/Red,,UR,1,|Blue||Red||White/Blue||White/Red||Blue/Black||Blue/Red||Blue/Green||Black/Red||Red/Green||White/Blue/Black||White/Blue/Red||White/Blue/Green||White/Black/Red||White/Red/Green||Blue/Black/Red||Blue/Black/Green||Blue/Red/Green||Black/Red/Green||White/Blue/Black/Red||White/Blue/Black/Green||White/Blue/Red/Green||White/Black/Red/Green||Blue/Black/Red/Green||White/Blue/Black/Red/Green|,2.0,,,,normal,https://scryfall.com/card/fra/157/twinned-vision,https://cards.scryfall.io/normal/front/5/5/55f85984-0137-4899-8993-bbc8c4794d33.jpg?1789556940,157
Twisted Fates,Twisted Fates,Multicolor (White/Black),WB,WB,{2}{W}{W}{B},5,Uncommon,Sorcery,Gold White/Black,WB,,2,|White/Black||White/Blue/Black||White/Black/Red||White/Black/Green||White/Blue/Black/Red||White/Blue/Black/Green||White/Black/Red/Green||White/Blue/Black/Red/Green|,3.5,,,,normal,https://scryfall.com/card/fra/158/twisted-fates,https://cards.scryfall.io/normal/front/c/7/c7c0765d-38fd-4d7b-bfb4-49b10ff5939b.jpg?1789614785,158
Uldaros Theorix,Uldaros Theorix,Multicolor (Blue/Black),UB,UB,{3}{U}{B}{B},6,Mythic,Legendary Creature — Elder Sphinx,Gold Blue/Black,UB,,2,|Blue/Black||White/Blue/Black||Blue/Black/Red||Blue/Black/Green||White/Blue/Black/Red||White/Blue/Black/Green||Blue/Black/Red/Green||White/Blue/Black/Red/Green|,4.5,,,,normal,https://scryfall.com/card/fra/159/uldaros-theorix,https://cards.scryfall.io/normal/front/a/7/a7ad622a-42ff-48fa-ae95-12e0a5bd9387.jpg?1788878220,159
Vigorbloom Charm,Vigorbloom Charm,Multicolor (White/Green),WG,WG,{G}{W},2,Uncommon,Instant,Gold White/Green,WG,,2,|White/Green||White/Blue/Green||White/Black/Green||White/Red/Green||White/Blue/Black/Green||White/Blue/Red/Green||White/Black/Red/Green||White/Blue/Black/Red/Green|,3.5,,,,normal,https://scryfall.com/card/fra/160/vigorbloom-charm,https://cards.scryfall.io/normal/front/2/b/2b198e10-b507-4314-a29c-a219f06e48b7.jpg?1789127656,160
Vigorbloom Vanguard // Seed Suture,Vigorbloom Vanguard,Multicolor (White/Green),WG,WG,{1}{G/W},2,Uncommon,Creature — Troll Druid,Hybrid White/Green,,WG,1,|White||Green||White/Blue||White/Black||White/Red||White/Green||Blue/Green||Black/Green||Red/Green||White/Blue/Black||White/Blue/Red||White/Blue/Green||White/Black/Red||White/Black/Green||White/Red/Green||Blue/Black/Green||Blue/Red/Green||Black/Red/Green||White/Blue/Black/Red||White/Blue/Black/Green||White/Blue/Red/Green||White/Black/Red/Green||Blue/Black/Red/Green||White/Blue/Black/Red/Green|,2.5,,Seed Suture,{G/W},prepare,https://scryfall.com/card/fra/161/vigorbloom-vanguard-seed-suture,https://cards.scryfall.io/normal/front/a/c/acefc515-bf97-4dc0-b0f7-ae8ae5a61671.jpg?1788329423,161
Vindictive Triumph,Vindictive Triumph,Multicolor (White/Black),WB,WB,{W}{B}{B},3,Rare,Instant,Gold White/Black,WB,,2,|White/Black||White/Blue/Black||White/Black/Red||White/Black/Green||White/Blue/Black/Red||White/Blue/Black/Green||White/Black/Red/Green||White/Blue/Black/Red/Green|,2.5,,,,normal,https://scryfall.com/card/fra/162/vindictive-triumph,https://cards.scryfall.io/normal/front/a/8/a803dbe7-153a-4e92-ad4d-c2babebe003d.jpg?1789127665,162
Warrior's Blades,Warrior's Blades,Multicolor (White/Red),WR,WR,{2}{R}{W},4,Uncommon,Artifact — Equipment,Gold White/Red,WR,,2,|White/Red||White/Blue/Red||White/Black/Red||White/Red/Green||White/Blue/Black/Red||White/Blue/Red/Green||White/Black/Red/Green||White/Blue/Black/Red/Green|,2.0,,,,normal,https://scryfall.com/card/fra/163/warriors-blades,https://cards.scryfall.io/normal/front/c/6/c63d5b0e-ee72-42ed-aa7e-484ba84507cd.jpg?1789007648,163
Whiplash Wordsmith // Vicious Verse,Whiplash Wordsmith,Multicolor (Black/Red),BR,BR,{3}{B/R},4,Common,Creature — Vampire Sorcerer,Hybrid Black/Red,,BR,1,|Black||Red||White/Black||White/Red||Blue/Black||Blue/Red||Black/Red||Black/Green||Red/Green||White/Blue/Black||White/Blue/Red||White/Black/Red||White/Black/Green||White/Red/Green||Blue/Black/Red||Blue/Black/Green||Blue/Red/Green||Black/Red/Green||White/Blue/Black/Red||White/Blue/Black/Green||White/Blue/Red/Green||White/Black/Red/Green||Blue/Black/Red/Green||White/Blue/Black/Red/Green|,1.5,,Vicious Verse,{B/R},prepare,https://scryfall.com/card/fra/164/whiplash-wordsmith-vicious-verse,https://cards.scryfall.io/normal/front/8/0/8096bc9a-a610-448f-bef2-7230e17e9777.jpg?1789127692,164
Woodwork Prodigy // Soul Tether,Woodwork Prodigy,Multicolor (Red/Green),RG,RG,{2}{R/G},3,Uncommon,Creature — Cat Druid,Hybrid Red/Green,,RG,1,|Red||Green||White/Red||White/Green||Blue/Red||Blue/Green||Black/Red||Black/Green||Red/Green||White/Blue/Red||White/Blue/Green||White/Black/Red||White/Black/Green||White/Red/Green||Blue/Black/Red||Blue/Black/Green||Blue/Red/Green||Black/Red/Green||White/Blue/Black/Red||White/Blue/Black/Green||White/Blue/Red/Green||White/Black/Red/Green||Blue/Black/Red/Green||White/Blue/Black/Red/Green|,2.5,,Soul Tether,{2}{R/G},prepare,https://scryfall.com/card/fra/165/woodwork-prodigy-soul-tether,https://cards.scryfall.io/normal/front/7/d/7d17f7e3-7b63-4674-9024-4fd1827f40ec.jpg?1788329429,165
Afterthought Sentry,Afterthought Sentry,Colorless,C,C,{2},2,Common,Artifact Creature — Gargoyle,Colorless,,,0,|White||Blue||Black||Red||Green||White/Blue||White/Black||White/Red||White/Green||Blue/Black||Blue/Red||Blue/Green||Black/Red||Black/Green||Red/Green||White/Blue/Black||White/Blue/Red||White/Blue/Green||White/Black/Red||White/Black/Green||White/Red/Green||Blue/Black/Red||Blue/Black/Green||Blue/Red/Green||Black/Red/Green||White/Blue/Black/Red||White/Blue/Black/Green||White/Blue/Red/Green||White/Black/Red/Green||Blue/Black/Red/Green||White/Blue/Black/Red/Green|,2.5,,,,normal,https://scryfall.com/card/fra/166/afterthought-sentry,https://cards.scryfall.io/normal/front/4/d/4d4b3bf7-a149-4099-b97d-4e36a87dfa60.jpg?1789385875,166
Archive Arbiter,Archive Arbiter,Colorless,C,C,{6},6,Uncommon,Artifact Creature — Sphinx,Colorless,,,0,|White||Blue||Black||Red||Green||White/Blue||White/Black||White/Red||White/Green||Blue/Black||Blue/Red||Blue/Green||Black/Red||Black/Green||Red/Green||White/Blue/Black||White/Blue/Red||White/Blue/Green||White/Black/Red||White/Black/Green||White/Red/Green||Blue/Black/Red||Blue/Black/Green||Blue/Red/Green||Black/Red/Green||White/Blue/Black/Red||White/Blue/Black/Green||White/Blue/Red/Green||White/Black/Red/Green||Blue/Black/Red/Green||White/Blue/Black/Red/Green|,2.0,,,,normal,https://scryfall.com/card/fra/167/archive-arbiter,https://cards.scryfall.io/normal/front/0/2/024bce1e-a5f3-4292-bc17-d0355a5d65e1.jpg?1789614867,167
"Codie, Ravenous Codex","Codie, Ravenous Codex",Colorless,C,WUBRG,{3},3,Rare,Legendary Artifact Creature — Book Construct,Colorless,,,0,|White||Blue||Black||Red||Green||White/Blue||White/Black||White/Red||White/Green||Blue/Black||Blue/Red||Blue/Green||Black/Red||Black/Green||Red/Green||White/Blue/Black||White/Blue/Red||White/Blue/Green||White/Black/Red||White/Black/Green||White/Red/Green||Blue/Black/Red||Blue/Black/Green||Blue/Red/Green||Black/Red/Green||White/Blue/Black/Red||White/Blue/Black/Green||White/Blue/Red/Green||White/Black/Red/Green||Blue/Black/Red/Green||White/Blue/Black/Red/Green|,1.5,,,,normal,https://scryfall.com/card/fra/168/codie-ravenous-codex,https://cards.scryfall.io/normal/front/c/3/c3192390-1518-49fc-8716-f2c7a0384f39.jpg?1789646811,168
The Echoverse Fulcrum,The Echoverse Fulcrum,Colorless,C,C,{2},2,Mythic,Legendary Artifact,Colorless,,,0,|White||Blue||Black||Red||Green||White/Blue||White/Black||White/Red||White/Green||Blue/Black||Blue/Red||Blue/Green||Black/Red||Black/Green||Red/Green||White/Blue/Black||White/Blue/Red||White/Blue/Green||White/Black/Red||White/Black/Green||White/Red/Green||Blue/Black/Red||Blue/Black/Green||Blue/Red/Green||Black/Red/Green||White/Blue/Black/Red||White/Blue/Black/Green||White/Blue/Red/Green||White/Black/Red/Green||Blue/Black/Red/Green||White/Blue/Black/Red/Green|,4.0,,,,normal,https://scryfall.com/card/fra/169/the-echoverse-fulcrum,https://cards.scryfall.io/normal/front/d/7/d71d250f-c0e0-44b2-877c-76f3bcab4f34.jpg?1789385887,169
Eye of Jace,Eye of Jace,Colorless,C,C,{1},1,Uncommon,Artifact,Colorless,,,0,|White||Blue||Black||Red||Green||White/Blue||White/Black||White/Red||White/Green||Blue/Black||Blue/Red||Blue/Green||Black/Red||Black/Green||Red/Green||White/Blue/Black||White/Blue/Red||White/Blue/Green||White/Black/Red||White/Black/Green||White/Red/Green||Blue/Black/Red||Blue/Black/Green||Blue/Red/Green||Black/Red/Green||White/Blue/Black/Red||White/Blue/Black/Green||White/Blue/Red/Green||White/Black/Red/Green||Blue/Black/Red/Green||White/Blue/Black/Red/Green|,1.0,,,,normal,https://scryfall.com/card/fra/170/eye-of-jace,https://cards.scryfall.io/normal/front/0/e/0edba64a-39cf-4a8d-ba20-4f7da10b6c3d.jpg?1789614864,170
Keeper of the Quiet Hour,Keeper of the Quiet Hour,Colorless,C,C,{3},3,Common,Artifact Creature — Chimera,Colorless,,,0,|White||Blue||Black||Red||Green||White/Blue||White/Black||White/Red||White/Green||Blue/Black||Blue/Red||Blue/Green||Black/Red||Black/Green||Red/Green||White/Blue/Black||White/Blue/Red||White/Blue/Green||White/Black/Red||White/Black/Green||White/Red/Green||Blue/Black/Red||Blue/Black/Green||Blue/Red/Green||Black/Red/Green||White/Blue/Black/Red||White/Blue/Black/Green||White/Blue/Red/Green||White/Black/Red/Green||Blue/Black/Red/Green||White/Blue/Black/Red/Green|,1.5,,,,normal,https://scryfall.com/card/fra/171/keeper-of-the-quiet-hour,https://cards.scryfall.io/normal/front/b/6/b6331218-dbb8-44a9-8ba5-5fb1ab41c5c0.jpg?1788878239,171
Living Library,Living Library,Colorless,C,C,{2},2,Common,Artifact Creature — Book Illusion,Colorless,,,0,|White||Blue||Black||Red||Green||White/Blue||White/Black||White/Red||White/Green||Blue/Black||Blue/Red||Blue/Green||Black/Red||Black/Green||Red/Green||White/Blue/Black||White/Blue/Red||White/Blue/Green||White/Black/Red||White/Black/Green||White/Red/Green||Blue/Black/Red||Blue/Black/Green||Blue/Red/Green||Black/Red/Green||White/Blue/Black/Red||White/Blue/Black/Green||White/Blue/Red/Green||White/Black/Red/Green||Blue/Black/Red/Green||White/Blue/Black/Red/Green|,1.5,,,,normal,https://scryfall.com/card/fra/172/living-library,https://cards.scryfall.io/normal/front/5/d/5d4a8e5f-0024-4da3-a2f5-edb48b12e733.jpg?1789556949,172
Medic's Kitesail,Medic's Kitesail,Colorless,C,C,{2},2,Common,Artifact — Equipment,Colorless,,,0,|White||Blue||Black||Red||Green||White/Blue||White/Black||White/Red||White/Green||Blue/Black||Blue/Red||Blue/Green||Black/Red||Black/Green||Red/Green||White/Blue/Black||White/Blue/Red||White/Blue/Green||White/Black/Red||White/Black/Green||White/Red/Green||Blue/Black/Red||Blue/Black/Green||Blue/Red/Green||Black/Red/Green||White/Blue/Black/Red||White/Blue/Black/Green||White/Blue/Red/Green||White/Black/Red/Green||Blue/Black/Red/Green||White/Blue/Black/Red/Green|,1.5,,,,normal,https://scryfall.com/card/fra/173/medics-kitesail,https://cards.scryfall.io/normal/front/8/b/8b07409a-1dce-461d-95e4-1130521ff4c4.jpg?1789556945,173
Murmuring Volume,Murmuring Volume,Colorless,C,C,{3},3,Common,Artifact — Book,Colorless,,,0,|White||Blue||Black||Red||Green||White/Blue||White/Black||White/Red||White/Green||Blue/Black||Blue/Red||Blue/Green||Black/Red||Black/Green||Red/Green||White/Blue/Black||White/Blue/Red||White/Blue/Green||White/Black/Red||White/Black/Green||White/Red/Green||Blue/Black/Red||Blue/Black/Green||Blue/Red/Green||Black/Red/Green||White/Blue/Black/Red||White/Blue/Black/Green||White/Blue/Red/Green||White/Black/Red/Green||Blue/Black/Red/Green||White/Blue/Black/Red/Green|,1.5,,,,normal,https://scryfall.com/card/fra/174/murmuring-volume,https://cards.scryfall.io/normal/front/d/6/d68eab2e-89dd-4377-b7af-01512b1804a0.jpg?1789385977,174
Dedicated Commons,Dedicated Commons,Colorless,C,WR,,0,Common,Land,Gold White/Red,WR,,2,|White/Red||White/Blue/Red||White/Black/Red||White/Red/Green||White/Blue/Black/Red||White/Blue/Red/Green||White/Black/Red/Green||White/Blue/Black/Red/Green|,2.5,Group rating for 'Planeswalker Lands',,,normal,https://scryfall.com/card/fra/175/dedicated-commons,https://cards.scryfall.io/normal/front/3/2/3223e5db-5cc4-42f9-ae9e-ff58abc7c390.jpg?1789556950,175
Deserted Beach,Deserted Beach,Colorless,C,WU,,0,Rare,Land,Gold White/Blue,WU,,2,|White/Blue||White/Blue/Black||White/Blue/Red||White/Blue/Green||White/Blue/Black/Red||White/Blue/Black/Green||White/Blue/Red/Green||White/Blue/Black/Red/Green|,3.0,Group rating for 'Rare Slow Lands',,,normal,https://scryfall.com/card/fra/176/deserted-beach,https://cards.scryfall.io/normal/front/5/6/56dae4c4-3e71-4a32-979b-4e26d9c9e96c.jpg?1788878239,176
Fatehold Annex,Fatehold Annex,Colorless,C,WU,,0,Common,Land,Gold White/Blue,WU,,2,|White/Blue||White/Blue/Black||White/Blue/Red||White/Blue/Green||White/Blue/Black/Red||White/Blue/Black/Green||White/Blue/Red/Green||White/Blue/Black/Red/Green|,2.5,Group rating for 'Planeswalker Lands',,,normal,https://scryfall.com/card/fra/177/fatehold-annex,https://cards.scryfall.io/normal/front/5/1/5140f962-62f3-40fd-a322-44896c7e2613.jpg?1789556955,177
Formidable Commons,Formidable Commons,Colorless,C,BG,,0,Common,Land,Gold Black/Green,BG,,2,|Black/Green||White/Black/Green||Blue/Black/Green||Black/Red/Green||White/Blue/Black/Green||White/Black/Red/Green||Blue/Black/Red/Green||White/Blue/Black/Red/Green|,2.5,Group rating for 'Planeswalker Lands',,,normal,https://scryfall.com/card/fra/178/formidable-commons,https://cards.scryfall.io/normal/front/e/6/e6ca6c3e-f145-42d6-8a17-90770c15afaf.jpg?1789556960,178
Hall of Echoes,Hall of Echoes,Colorless,C,C,,0,Rare,Land,Colorless,,,0,|White||Blue||Black||Red||Green||White/Blue||White/Black||White/Red||White/Green||Blue/Black||Blue/Red||Blue/Green||Black/Red||Black/Green||Red/Green||White/Blue/Black||White/Blue/Red||White/Blue/Green||White/Black/Red||White/Black/Green||White/Red/Green||Blue/Black/Red||Blue/Black/Green||Blue/Red/Green||Black/Red/Green||White/Blue/Black/Red||White/Blue/Black/Green||White/Blue/Red/Green||White/Black/Red/Green||Blue/Black/Red/Green||White/Blue/Black/Red/Green|,2.5,,,,normal,https://scryfall.com/card/fra/179/hall-of-echoes,https://cards.scryfall.io/normal/front/4/a/4a771010-b397-4849-ac9b-08e4dd5d6a72.jpg?1789644859,179
Haunted Ridge,Haunted Ridge,Colorless,C,BR,,0,Rare,Land,Gold Black/Red,BR,,2,|Black/Red||White/Black/Red||Blue/Black/Red||Black/Red/Green||White/Blue/Black/Red||White/Black/Red/Green||Blue/Black/Red/Green||White/Blue/Black/Red/Green|,3.0,Group rating for 'Rare Slow Lands',,,normal,https://scryfall.com/card/fra/180/haunted-ridge,https://cards.scryfall.io/normal/front/a/4/a4e4966b-8963-4fac-a8bf-e778e063c7dd.jpg?1788878241,180
Hexhaven Dueling Arena,Hexhaven Dueling Arena,Colorless,C,C,,0,Uncommon,Land,Colorless,,,0,|White||Blue||Black||Red||Green||White/Blue||White/Black||White/Red||White/Green||Blue/Black||Blue/Red||Blue/Green||Black/Red||Black/Green||Red/Green||White/Blue/Black||White/Blue/Red||White/Blue/Green||White/Black/Red||White/Black/Green||White/Red/Green||Blue/Black/Red||Blue/Black/Green||Blue/Red/Green||Black/Red/Green||White/Blue/Black/Red||White/Blue/Black/Green||White/Blue/Red/Green||White/Black/Red/Green||Blue/Black/Red/Green||White/Blue/Black/Red/Green|,1.5,,,,normal,https://scryfall.com/card/fra/181/hexhaven-dueling-arena,https://cards.scryfall.io/normal/front/9/1/9128ce00-6744-4d36-bfbe-ef75d78110b0.jpg?1789556985,181
Innovative Commons,Innovative Commons,Colorless,C,UR,,0,Common,Land,Gold Blue/Red,UR,,2,|Blue/Red||White/Blue/Red||Blue/Black/Red||Blue/Red/Green||White/Blue/Black/Red||White/Blue/Red/Green||Blue/Black/Red/Green||White/Blue/Black/Red/Green|,2.5,Group rating for 'Planeswalker Lands',,,normal,https://scryfall.com/card/fra/182/innovative-commons,https://cards.scryfall.io/normal/front/8/4/84ea799a-faa2-4ff1-a933-432d4ee31a3b.jpg?1789556991,182
Konstrari Annex,Konstrari Annex,Colorless,C,RG,,0,Common,Land,Gold Red/Green,RG,,2,|Red/Green||White/Red/Green||Blue/Red/Green||Black/Red/Green||White/Blue/Red/Green||White/Black/Red/Green||Blue/Black/Red/Green||White/Blue/Black/Red/Green|,2.5,Group rating for 'Planeswalker Lands',,,normal,https://scryfall.com/card/fra/183/konstrari-annex,https://cards.scryfall.io/normal/front/3/9/39c805e3-82cd-42a9-80fe-8d81712a94ea.jpg?1789556993,183
Meticulous Commons,Meticulous Commons,Colorless,C,WB,,0,Common,Land,Gold White/Black,WB,,2,|White/Black||White/Blue/Black||White/Black/Red||White/Black/Green||White/Blue/Black/Red||White/Blue/Black/Green||White/Black/Red/Green||White/Blue/Black/Red/Green|,2.5,Group rating for 'Planeswalker Lands',,,normal,https://scryfall.com/card/fra/184/meticulous-commons,https://cards.scryfall.io/normal/front/9/3/93ac525e-1919-43dd-aba4-073b7e4c1768.jpg?1789557002,184
Overgrown Farmland,Overgrown Farmland,Colorless,C,WG,,0,Rare,Land,Gold White/Green,WG,,2,|White/Green||White/Blue/Green||White/Black/Green||White/Red/Green||White/Blue/Black/Green||White/Blue/Red/Green||White/Black/Red/Green||White/Blue/Black/Red/Green|,3.0,Group rating for 'Rare Slow Lands',,,normal,https://scryfall.com/card/fra/185/overgrown-farmland,https://cards.scryfall.io/normal/front/1/7/178e61e4-472f-42cd-9d3b-4880c2acc527.jpg?1788878246,185
Rockfall Vale,Rockfall Vale,Colorless,C,RG,,0,Rare,Land,Gold Red/Green,RG,,2,|Red/Green||White/Red/Green||Blue/Red/Green||Black/Red/Green||White/Blue/Red/Green||White/Black/Red/Green||Blue/Black/Red/Green||White/Blue/Black/Red/Green|,3.0,Group rating for 'Rare Slow Lands',,,normal,https://scryfall.com/card/fra/186/rockfall-vale,https://cards.scryfall.io/normal/front/e/3/e3c8a8b6-23ba-45ad-80d1-8e2dc79897f7.jpg?1788878243,186
Roiling Canopy,Roiling Canopy,Colorless,C,G,,0,Rare,Land,Mono Green,G,,1,|Green||White/Green||Blue/Green||Black/Green||Red/Green||White/Blue/Green||White/Black/Green||White/Red/Green||Blue/Black/Green||Blue/Red/Green||Black/Red/Green||White/Blue/Black/Green||White/Blue/Red/Green||White/Black/Red/Green||Blue/Black/Red/Green||White/Blue/Black/Red/Green|,0.5,,,,normal,https://scryfall.com/card/fra/187/roiling-canopy,https://cards.scryfall.io/normal/front/d/b/db61361b-bd12-453e-abc2-bbe09b66e3d9.jpg?1789514074,187
Room of Refuge,Room of Refuge,Colorless,C,C,,0,Common,Land,Colorless,,,0,|White||Blue||Black||Red||Green||White/Blue||White/Black||White/Red||White/Green||Blue/Black||Blue/Red||Blue/Green||Black/Red||Black/Green||Red/Green||White/Blue/Black||White/Blue/Red||White/Blue/Green||White/Black/Red||White/Black/Green||White/Red/Green||Blue/Black/Red||Blue/Black/Green||Blue/Red/Green||Black/Red/Green||White/Blue/Black/Red||White/Blue/Black/Green||White/Blue/Red/Green||White/Black/Red/Green||Blue/Black/Red/Green||White/Blue/Black/Red/Green|,2.5,,,,normal,https://scryfall.com/card/fra/188/room-of-refuge,https://cards.scryfall.io/normal/front/9/a/9a467560-6676-4fc2-9400-768a79650aa4.jpg?1789557010,188
Shipwreck Marsh,Shipwreck Marsh,Colorless,C,UB,,0,Rare,Land,Gold Blue/Black,UB,,2,|Blue/Black||White/Blue/Black||Blue/Black/Red||Blue/Black/Green||White/Blue/Black/Red||White/Blue/Black/Green||Blue/Black/Red/Green||White/Blue/Black/Red/Green|,3.0,Group rating for 'Rare Slow Lands',,,normal,https://scryfall.com/card/fra/189/shipwreck-marsh,https://cards.scryfall.io/normal/front/9/e/9e944c5b-68ac-4a30-bbd4-09a4288319ce.jpg?1788878245,189
Stingerquill Annex,Stingerquill Annex,Colorless,C,BR,,0,Common,Land,Gold Black/Red,BR,,2,|Black/Red||White/Black/Red||Blue/Black/Red||Black/Red/Green||White/Blue/Black/Red||White/Black/Red/Green||Blue/Black/Red/Green||White/Blue/Black/Red/Green|,2.5,Group rating for 'Planeswalker Lands',,,normal,https://scryfall.com/card/fra/190/stingerquill-annex,https://cards.scryfall.io/normal/front/6/e/6ede3143-69ac-4cbe-922a-d25b07c26da7.jpg?1789557046,190
Theorist's Sanctum,Theorist's Sanctum,Colorless,C,U,,0,Rare,Land — Island,Mono Blue,U,,1,|Blue||White/Blue||Blue/Black||Blue/Red||Blue/Green||White/Blue/Black||White/Blue/Red||White/Blue/Green||Blue/Black/Red||Blue/Black/Green||Blue/Red/Green||White/Blue/Black/Red||White/Blue/Black/Green||White/Blue/Red/Green||Blue/Black/Red/Green||White/Blue/Black/Red/Green|,3.5,,,,normal,https://scryfall.com/card/fra/191/theorists-sanctum,https://cards.scryfall.io/normal/front/2/2/22db5bba-46c9-4a26-821d-303ddb386ea4.jpg?1788878256,191
Theorix Annex,Theorix Annex,Colorless,C,UB,,0,Common,Land,Gold Blue/Black,UB,,2,|Blue/Black||White/Blue/Black||Blue/Black/Red||Blue/Black/Green||White/Blue/Black/Red||White/Blue/Black/Green||Blue/Black/Red/Green||White/Blue/Black/Red/Green|,2.5,Group rating for 'Planeswalker Lands',,,normal,https://scryfall.com/card/fra/192/theorix-annex,https://cards.scryfall.io/normal/front/9/7/97bbbd23-ecb1-4407-ac14-dede08532a1e.jpg?1789557008,192
Transformative Commons,Transformative Commons,Colorless,C,UG,,0,Common,Land,Gold Blue/Green,UG,,2,|Blue/Green||White/Blue/Green||Blue/Black/Green||Blue/Red/Green||White/Blue/Black/Green||White/Blue/Red/Green||Blue/Black/Red/Green||White/Blue/Black/Red/Green|,2.5,Group rating for 'Planeswalker Lands',,,normal,https://scryfall.com/card/fra/193/transformative-commons,https://cards.scryfall.io/normal/front/b/5/b57d5be7-3157-4b49-aeb8-d7368ca7e9dd.jpg?1789557014,193
Vigorbloom Annex,Vigorbloom Annex,Colorless,C,WG,,0,Common,Land,Gold White/Green,WG,,2,|White/Green||White/Blue/Green||White/Black/Green||White/Red/Green||White/Blue/Black/Green||White/Blue/Red/Green||White/Black/Red/Green||White/Blue/Black/Red/Green|,2.5,Group rating for 'Planeswalker Lands',,,normal,https://scryfall.com/card/fra/194/vigorbloom-annex,https://cards.scryfall.io/normal/front/d/b/db8c7bdd-76cd-4be0-ae0d-d430e9a5fe7a.jpg?1789557019,194
Ajani Resolute,Ajani Resolute,White,W,W,{1}{W},2,Mythic,Legendary Planeswalker — Ajani,Mono White,W,,1,|White||White/Blue||White/Black||White/Red||White/Green||White/Blue/Black||White/Blue/Red||White/Blue/Green||White/Black/Red||White/Black/Green||White/Red/Green||White/Blue/Black/Red||White/Blue/Black/Green||White/Blue/Red/Green||White/Black/Red/Green||White/Blue/Black/Red/Green|,3.5,,,,normal,https://scryfall.com/card/fra/195/ajani-resolute,https://cards.scryfall.io/normal/front/a/5/a5e1a7dd-8c49-4435-935c-bcc78704082b.jpg?1788329189,195
"Danitha, Sword of Hope","Danitha, Sword of Hope",White,W,W,{2}{W},3,Uncommon,Legendary Creature — Human Knight,Mono White,W,,1,|White||White/Blue||White/Black||White/Red||White/Green||White/Blue/Black||White/Blue/Red||White/Blue/Green||White/Black/Red||White/Black/Green||White/Red/Green||White/Blue/Black/Red||White/Blue/Black/Green||White/Blue/Red/Green||White/Black/Red/Green||White/Blue/Black/Red/Green|,2.5,,,,normal,https://scryfall.com/card/fra/196/danitha-sword-of-hope,https://cards.scryfall.io/normal/front/d/5/d5cb9810-3c2d-4ae4-b8b6-0155ca3f47ad.jpg?1789127178,196
Ghalta the Immovable,Ghalta the Immovable,White,W,W,{8}{W},9,Uncommon,Legendary Creature — Elder Dinosaur,Mono White,W,,1,|White||White/Blue||White/Black||White/Red||White/Green||White/Blue/Black||White/Blue/Red||White/Blue/Green||White/Black/Red||White/Black/Green||White/Red/Green||White/Blue/Black/Red||White/Blue/Black/Green||White/Blue/Red/Green||White/Black/Red/Green||White/Blue/Black/Red/Green|,1.5,,,,normal,https://scryfall.com/card/fra/197/ghalta-the-immovable,https://cards.scryfall.io/normal/front/a/9/a9f3aa55-908f-42db-8135-4201433df850.jpg?1789014423,197
Gideon's Memorial,Gideon's Memorial,White,W,W,{1}{W},2,Rare,Legendary Artifact,Mono White,W,,1,|White||White/Blue||White/Black||White/Red||White/Green||White/Blue/Black||White/Blue/Red||White/Blue/Green||White/Black/Red||White/Black/Green||White/Red/Green||White/Blue/Black/Red||White/Blue/Black/Green||White/Blue/Red/Green||White/Black/Red/Green||White/Blue/Black/Red/Green|,1.5,,,,normal,https://scryfall.com/card/fra/198/gideons-memorial,https://cards.scryfall.io/normal/front/7/6/768c0e64-9907-417a-a763-c836fdf36883.jpg?1789127685,198
Koth of the Homestead,Koth of the Homestead,White,W,W,{2}{W},3,Uncommon,Legendary Creature — Human Citizen,Mono White,W,,1,|White||White/Blue||White/Black||White/Red||White/Green||White/Blue/Black||White/Blue/Red||White/Blue/Green||White/Black/Red||White/Black/Green||White/Red/Green||White/Blue/Black/Red||White/Blue/Black/Green||White/Blue/Red/Green||White/Black/Red/Green||White/Blue/Black/Red/Green|,3.5,,,,normal,https://scryfall.com/card/fra/199/koth-of-the-homestead,https://cards.scryfall.io/normal/front/9/2/920703fd-2a2f-454b-8829-af8f2afda4f4.jpg?1789568532,199
Liliana the Faultless,Liliana the Faultless,White,W,W,{W},1,Rare,Legendary Creature — Human Cleric,Mono White,W,,1,|White||White/Blue||White/Black||White/Red||White/Green||White/Blue/Black||White/Blue/Red||White/Blue/Green||White/Black/Red||White/Black/Green||White/Red/Green||White/Blue/Black/Red||White/Blue/Black/Green||White/Blue/Red/Green||White/Black/Red/Green||White/Blue/Black/Red/Green|,4.0,,,,normal,https://scryfall.com/card/fra/200/liliana-the-faultless,https://cards.scryfall.io/normal/front/7/0/70d8c400-87dc-4f15-808f-e54a95d779fc.jpg?1788329194,200
"Lyra, Archangel of Dawn","Lyra, Archangel of Dawn",White,W,W,{2}{W},3,Rare,Legendary Creature — Angel Knight,Mono White,W,,1,|White||White/Blue||White/Black||White/Red||White/Green||White/Blue/Black||White/Blue/Red||White/Blue/Green||White/Black/Red||White/Black/Green||White/Red/Green||White/Blue/Black/Red||White/Blue/Black/Green||White/Blue/Red/Green||White/Black/Red/Green||White/Blue/Black/Red/Green|,3.5,,,,normal,https://scryfall.com/card/fra/201/lyra-archangel-of-dawn,https://cards.scryfall.io/normal/front/8/6/86a3866e-68a8-402c-baf0-1908e98e3995.jpg?1789127693,201
"Rescue Girl, First Responder","Rescue Girl, First Responder",White,W,W,{2}{W},3,Uncommon,Legendary Creature — Human Cleric,Mono White,W,,1,|White||White/Blue||White/Black||White/Red||White/Green||White/Blue/Black||White/Blue/Red||White/Blue/Green||White/Black/Red||White/Black/Green||White/Red/Green||White/Blue/Black/Red||White/Blue/Black/Green||White/Blue/Red/Green||White/Black/Red/Green||White/Blue/Black/Red/Green|,2.5,,,,normal,https://scryfall.com/card/fra/202/rescue-girl-first-responder,https://cards.scryfall.io/normal/front/6/9/699874e3-1ccf-4a6c-8371-61040de82d08.jpg?1789645598,202
"Saheeli, Consul of Oversight","Saheeli, Consul of Oversight",White,W,W,{3}{W}{W},5,Uncommon,Legendary Creature — Human Advisor,Mono White,W,,1,|White||White/Blue||White/Black||White/Red||White/Green||White/Blue/Black||White/Blue/Red||White/Blue/Green||White/Black/Red||White/Black/Green||White/Red/Green||White/Blue/Black/Red||White/Blue/Black/Green||White/Blue/Red/Green||White/Black/Red/Green||White/Blue/Black/Red/Green|,3.0,,,,normal,https://scryfall.com/card/fra/203/saheeli-consul-of-oversight,https://cards.scryfall.io/normal/front/0/7/07572be0-6610-493c-a21e-14b78e9805c9.jpg?1789645608,203
"Teyo, Lightshield Expert","Teyo, Lightshield Expert",White,W,W,{1}{W},2,Uncommon,Legendary Creature — Human Cleric,Mono White,W,,1,|White||White/Blue||White/Black||White/Red||White/Green||White/Blue/Black||White/Blue/Red||White/Blue/Green||White/Black/Red||White/Black/Green||White/Red/Green||White/Blue/Black/Red||White/Blue/Black/Green||White/Blue/Red/Green||White/Black/Red/Green||White/Blue/Black/Red/Green|,3.0,,,,normal,https://scryfall.com/card/fra/204/teyo-lightshield-expert,https://cards.scryfall.io/normal/front/5/f/5f7521d7-9f1f-4f03-b2ea-dd2a1b1e4e5b.jpg?1789471515,204
"Thalia, the Survivor","Thalia, the Survivor",White,W,W,{3}{W},4,Uncommon,Legendary Creature — Human Soldier,Mono White,W,,1,|White||White/Blue||White/Black||White/Red||White/Green||White/Blue/Black||White/Blue/Red||White/Blue/Green||White/Black/Red||White/Black/Green||White/Red/Green||White/Blue/Black/Red||White/Blue/Black/Green||White/Blue/Red/Green||White/Black/Red/Green||White/Blue/Black/Red/Green|,2.5,,,,normal,https://scryfall.com/card/fra/205/thalia-the-survivor,https://cards.scryfall.io/normal/front/8/0/80226231-9e70-430e-aabc-f262f70b9226.jpg?1789127700,205
"Tomik, Orzhov Lawmage","Tomik, Orzhov Lawmage",White,W,W,{1}{W},2,Uncommon,Legendary Creature — Human Advisor,Mono White,W,,1,|White||White/Blue||White/Black||White/Red||White/Green||White/Blue/Black||White/Blue/Red||White/Blue/Green||White/Black/Red||White/Black/Green||White/Red/Green||White/Blue/Black/Red||White/Blue/Black/Green||White/Blue/Red/Green||White/Black/Red/Green||White/Blue/Black/Red/Green|,2.5,,,,normal,https://scryfall.com/card/fra/206/tomik-orzhov-lawmage,https://cards.scryfall.io/normal/front/7/c/7ca95235-6e54-4ff8-bc2e-6a3d483ff007.jpg?1789729766,206
Way of the Healer,Way of the Healer,White,W,W,{3}{W},4,Uncommon,Legendary Enchantment,Mono White,W,,1,|White||White/Blue||White/Black||White/Red||White/Green||White/Blue/Black||White/Blue/Red||White/Blue/Green||White/Black/Red||White/Black/Green||White/Red/Green||White/Blue/Black/Red||White/Blue/Black/Green||White/Blue/Red/Green||White/Black/Red/Green||White/Blue/Black/Red/Green|,2.5,,,,normal,https://scryfall.com/card/fra/207/way-of-the-healer,https://cards.scryfall.io/normal/front/5/0/50326a2a-7e10-464b-a97e-e880bda0558c.jpg?1789729503,207
Way of the Mentor,Way of the Mentor,White,W,W,{2}{W},3,Uncommon,Legendary Enchantment,Mono White,W,,1,|White||White/Blue||White/Black||White/Red||White/Green||White/Blue/Black||White/Blue/Red||White/Blue/Green||White/Black/Red||White/Black/Green||White/Red/Green||White/Blue/Black/Red||White/Blue/Black/Green||White/Blue/Red/Green||White/Black/Red/Green||White/Blue/Black/Red/Green|,1.5,,,,normal,https://scryfall.com/card/fra/208/way-of-the-mentor,https://cards.scryfall.io/normal/front/1/a/1a59d5b1-12d6-486b-bd29-ca371359addd.jpg?1789729554,208
"Yoshimaru, Beloved Companion","Yoshimaru, Beloved Companion",White,W,W,{2}{W},3,Uncommon,Legendary Creature — Dog,Mono White,W,,1,|White||White/Blue||White/Black||White/Red||White/Green||White/Blue/Black||White/Blue/Red||White/Blue/Green||White/Black/Red||White/Black/Green||White/Red/Green||White/Blue/Black/Red||White/Blue/Black/Green||White/Blue/Red/Green||White/Black/Red/Green||White/Blue/Black/Red/Green|,1.5,,,,normal,https://scryfall.com/card/fra/209/yoshimaru-beloved-companion,https://cards.scryfall.io/normal/front/3/8/384f3b7d-8d7f-41bf-bebd-64e8babe7fca.jpg?1789470881,209
"Yuriko, Blade of the Mighty","Yuriko, Blade of the Mighty",White,W,W,{3}{W},4,Uncommon,Legendary Creature — Human Samurai,Mono White,W,,1,|White||White/Blue||White/Black||White/Red||White/Green||White/Blue/Black||White/Blue/Red||White/Blue/Green||White/Black/Red||White/Black/Green||White/Red/Green||White/Blue/Black/Red||White/Blue/Black/Green||White/Blue/Red/Green||White/Black/Red/Green||White/Blue/Black/Red/Green|,2.0,,,,normal,https://scryfall.com/card/fra/210/yuriko-blade-of-the-mighty,https://cards.scryfall.io/normal/front/c/c/ccbe92a5-42bc-4228-9d5a-212df2f5dc15.jpg?1789128047,210
"Arni, Humble Scribe","Arni, Humble Scribe",Blue,U,U,{2}{U},3,Uncommon,Legendary Creature — Human Wizard,Mono Blue,U,,1,|Blue||White/Blue||Blue/Black||Blue/Red||Blue/Green||White/Blue/Black||White/Blue/Red||White/Blue/Green||Blue/Black/Red||Blue/Black/Green||Blue/Red/Green||White/Blue/Black/Red||White/Blue/Black/Green||White/Blue/Red/Green||Blue/Black/Red/Green||White/Blue/Black/Red/Green|,3.0,,,,normal,https://scryfall.com/card/fra/211/arni-humble-scribe,https://cards.scryfall.io/normal/front/8/e/8e3a2239-9348-4639-9318-e9e35b2cf86b.jpg?1789568409,211
"Chandra, Chill of Compliance","Chandra, Chill of Compliance",Blue,U,U,{1}{U}{U},3,Mythic,Legendary Planeswalker — Chandra,Mono Blue,U,,1,|Blue||White/Blue||Blue/Black||Blue/Red||Blue/Green||White/Blue/Black||White/Blue/Red||White/Blue/Green||Blue/Black/Red||Blue/Black/Green||Blue/Red/Green||White/Blue/Black/Red||White/Blue/Black/Green||White/Blue/Red/Green||Blue/Black/Red/Green||White/Blue/Black/Red/Green|,3.5,,,,normal,https://scryfall.com/card/fra/212/chandra-chill-of-compliance,https://cards.scryfall.io/normal/front/2/4/240f58ab-944c-4f4c-9df9-5f40b132bf3e.jpg?1788329242,212
"Fblthp, Impossibly Lost","Fblthp, Impossibly Lost",Blue,U,U,{1}{U},2,Uncommon,Legendary Creature — Homunculus,Mono Blue,U,,1,|Blue||White/Blue||Blue/Black||Blue/Red||Blue/Green||White/Blue/Black||White/Blue/Red||White/Blue/Green||Blue/Black/Red||Blue/Black/Green||Blue/Red/Green||White/Blue/Black/Red||White/Blue/Black/Green||White/Blue/Red/Green||Blue/Black/Red/Green||White/Blue/Black/Red/Green|,1.5,,,,normal,https://scryfall.com/card/fra/213/fblthp-impossibly-lost,https://cards.scryfall.io/normal/front/a/3/a3a2edbb-d144-4670-acad-17316cea98d2.jpg?1789127697,213
Geist of Saint Thalia,Geist of Saint Thalia,Blue,U,U,{1}{U},2,Uncommon,Legendary Creature — Spirit Cleric,Mono Blue,U,,1,|Blue||White/Blue||Blue/Black||Blue/Red||Blue/Green||White/Blue/Black||White/Blue/Red||White/Blue/Green||Blue/Black/Red||Blue/Black/Green||Blue/Red/Green||White/Blue/Black/Red||White/Blue/Black/Green||White/Blue/Red/Green||Blue/Black/Red/Green||White/Blue/Black/Red/Green|,2.0,,,,normal,https://scryfall.com/card/fra/214/geist-of-saint-thalia,https://cards.scryfall.io/normal/front/9/c/9c334530-0880-46b5-a358-9603eee3cecf.jpg?1789128026,214
"Hapatra, the Desert Frost","Hapatra, the Desert Frost",Blue,U,U,{3}{U},4,Uncommon,Legendary Creature — Human Wizard,Mono Blue,U,,1,|Blue||White/Blue||Blue/Black||Blue/Red||Blue/Green||White/Blue/Black||White/Blue/Red||White/Blue/Green||Blue/Black/Red||Blue/Black/Green||Blue/Red/Green||White/Blue/Black/Red||White/Blue/Black/Green||White/Blue/Red/Green||Blue/Black/Red/Green||White/Blue/Black/Red/Green|,3.0,,,,normal,https://scryfall.com/card/fra/215/hapatra-the-desert-frost,https://cards.scryfall.io/normal/front/8/5/85faaa9d-4656-4365-871d-7cba53ed0996.jpg?1789387113,215
"Jace, Reality Sculptor","Jace, Reality Sculptor",Blue,U,U,{3}{U}{U},5,Rare,Legendary Planeswalker — Jace,Mono Blue,U,,1,|Blue||White/Blue||Blue/Black||Blue/Red||Blue/Green||White/Blue/Black||White/Blue/Red||White/Blue/Green||Blue/Black/Red||Blue/Black/Green||Blue/Red/Green||White/Blue/Black/Red||White/Blue/Black/Green||White/Blue/Red/Green||Blue/Black/Red/Green||White/Blue/Black/Red/Green|,2.5,,,,normal,https://scryfall.com/card/fra/216/jace-reality-sculptor,https://cards.scryfall.io/normal/front/7/4/74087795-0b38-4fd2-9841-147583baca41.jpg?1790075861,216
"Lyra, Tolarian Archangel","Lyra, Tolarian Archangel",Blue,U,U,{1}{U}{U},3,Rare,Legendary Creature — Angel Wizard,Mono Blue,U,,1,|Blue||White/Blue||Blue/Black||Blue/Red||Blue/Green||White/Blue/Black||White/Blue/Red||White/Blue/Green||Blue/Black/Red||Blue/Black/Green||Blue/Red/Green||White/Blue/Black/Red||White/Blue/Black/Green||White/Blue/Red/Green||Blue/Black/Red/Green||White/Blue/Black/Red/Green|,3.5,,,,normal,https://scryfall.com/card/fra/217/lyra-tolarian-archangel,https://cards.scryfall.io/normal/front/a/5/a5183681-447b-4023-91f7-00e9338f4417.jpg?1789128032,217
"Proft, Consulting Detective","Proft, Consulting Detective",Blue,U,U,{1}{U},2,Uncommon,Legendary Creature — Human Detective,Mono Blue,U,,1,|Blue||White/Blue||Blue/Black||Blue/Red||Blue/Green||White/Blue/Black||White/Blue/Red||White/Blue/Green||Blue/Black/Red||Blue/Black/Green||Blue/Red/Green||White/Blue/Black/Red||White/Blue/Black/Green||White/Blue/Red/Green||Blue/Black/Red/Green||White/Blue/Black/Red/Green|,3.5,,,,normal,https://scryfall.com/card/fra/218/proft-consulting-detective,https://cards.scryfall.io/normal/front/b/8/b8466593-40fe-4557-89b2-760c1c92087b.jpg?1789127178,218
"Ruric Thar, Biomagus","Ruric Thar, Biomagus",Blue,U,U,{4}{U}{U},6,Uncommon,Legendary Creature — Ogre Crab Wizard,Mono Blue,U,,1,|Blue||White/Blue||Blue/Black||Blue/Red||Blue/Green||White/Blue/Black||White/Blue/Red||White/Blue/Green||Blue/Black/Red||Blue/Black/Green||Blue/Red/Green||White/Blue/Black/Red||White/Blue/Black/Green||White/Blue/Red/Green||Blue/Black/Red/Green||White/Blue/Black/Red/Green|,3.0,,,,normal,https://scryfall.com/card/fra/219/ruric-thar-biomagus,https://cards.scryfall.io/normal/front/0/0/00af4e87-5576-4a43-9422-4c35b2b66775.jpg?1789127229,219
"Samut, Tyrant of Naktamun","Samut, Tyrant of Naktamun",Blue,U,U,{1}{U},2,Rare,Legendary Creature — Human Wizard,Mono Blue,U,,1,|Blue||White/Blue||Blue/Black||Blue/Red||Blue/Green||White/Blue/Black||White/Blue/Red||White/Blue/Green||Blue/Black/Red||Blue/Black/Green||Blue/Red/Green||White/Blue/Black/Red||White/Blue/Black/Green||White/Blue/Red/Green||Blue/Black/Red/Green||White/Blue/Black/Red/Green|,2.0,,,,normal,https://scryfall.com/card/fra/220/samut-tyrant-of-naktamun,https://cards.scryfall.io/normal/front/6/d/6d7d8fa7-ce69-4a8c-9af0-55571393a244.jpg?1789729644,220
"Tetsuko Umezawa, Fugitive","Tetsuko Umezawa, Fugitive",Blue,U,U,{1}{U},2,Uncommon,Legendary Creature — Human Rogue,Mono Blue,U,,1,|Blue||White/Blue||Blue/Black||Blue/Red||Blue/Green||White/Blue/Black||White/Blue/Red||White/Blue/Green||Blue/Black/Red||Blue/Black/Green||Blue/Red/Green||White/Blue/Black/Red||White/Blue/Black/Green||White/Blue/Red/Green||Blue/Black/Red/Green||White/Blue/Black/Red/Green|,1.5,,,,normal,https://scryfall.com/card/fra/221/tetsuko-umezawa-fugitive,https://cards.scryfall.io/normal/front/3/9/3983d71e-3c23-4b36-b331-08e0707d8245.jpg?1789127702,221
"Traxos, Academy Guardian","Traxos, Academy Guardian",Blue,U,U,{3}{U},4,Uncommon,Legendary Artifact Creature — Dragon Construct,Mono Blue,U,,1,|Blue||White/Blue||Blue/Black||Blue/Red||Blue/Green||White/Blue/Black||White/Blue/Red||White/Blue/Green||Blue/Black/Red||Blue/Black/Green||Blue/Red/Green||White/Blue/Black/Red||White/Blue/Black/Green||White/Blue/Red/Green||Blue/Black/Red/Green||White/Blue/Black/Red/Green|,2.5,,,,normal,https://scryfall.com/card/fra/222/traxos-academy-guardian,https://cards.scryfall.io/normal/front/a/3/a349800f-b634-4e74-a9d9-185df37ad909.jpg?1789568451,222
Way of the Cryomancer,Way of the Cryomancer,Blue,U,U,{2}{U},3,Uncommon,Legendary Enchantment,Mono Blue,U,,1,|Blue||White/Blue||Blue/Black||Blue/Red||Blue/Green||White/Blue/Black||White/Blue/Red||White/Blue/Green||Blue/Black/Red||Blue/Black/Green||Blue/Red/Green||White/Blue/Black/Red||White/Blue/Black/Green||White/Blue/Red/Green||Blue/Black/Red/Green||White/Blue/Black/Red/Green|,2.5,,,,normal,https://scryfall.com/card/fra/223/way-of-the-cryomancer,https://cards.scryfall.io/normal/front/8/3/838b0efb-7398-4df9-8fdf-b8af43b47938.jpg?1789014637,223
Way of the Mind Sculptor,Way of the Mind Sculptor,Blue,U,U,{4}{U},5,Uncommon,Legendary Enchantment,Mono Blue,U,,1,|Blue||White/Blue||Blue/Black||Blue/Red||Blue/Green||White/Blue/Black||White/Blue/Red||White/Blue/Green||Blue/Black/Red||Blue/Black/Green||Blue/Red/Green||White/Blue/Black/Red||White/Blue/Black/Green||White/Blue/Red/Green||Blue/Black/Red/Green||White/Blue/Black/Red/Green|,1.5,,,,normal,https://scryfall.com/card/fra/224/way-of-the-mind-sculptor,https://cards.scryfall.io/normal/front/5/8/5838af68-66c3-4fe8-ab89-0a1721b0cfeb.jpg?1789729565,224
"Yargle, Goliath of Otaria","Yargle, Goliath of Otaria",Blue,U,U,{4}{U},5,Uncommon,Legendary Creature — Frog Spirit,Mono Blue,U,,1,|Blue||White/Blue||Blue/Black||Blue/Red||Blue/Green||White/Blue/Black||White/Blue/Red||White/Blue/Green||Blue/Black/Red||Blue/Black/Green||Blue/Red/Green||White/Blue/Black/Red||White/Blue/Black/Green||White/Blue/Red/Green||Blue/Black/Red/Green||White/Blue/Black/Red/Green|,1.5,,,,normal,https://scryfall.com/card/fra/225/yargle-goliath-of-otaria,https://cards.scryfall.io/normal/front/f/4/f45ba926-6496-4bd4-96eb-663946d56bbf.jpg?1789128043,225
"Yuriko, Hope from the Shadows","Yuriko, Hope from the Shadows",Blue,U,U,{U},1,Uncommon,Legendary Creature — Human Ninja,Mono Blue,U,,1,|Blue||White/Blue||Blue/Black||Blue/Red||Blue/Green||White/Blue/Black||White/Blue/Red||White/Blue/Green||Blue/Black/Red||Blue/Black/Green||Blue/Red/Green||White/Blue/Black/Red||White/Blue/Black/Green||White/Blue/Red/Green||Blue/Black/Red/Green||White/Blue/Black/Red/Green|,2.0,,,,normal,https://scryfall.com/card/fra/226/yuriko-hope-from-the-shadows,https://cards.scryfall.io/normal/front/4/5/45e81487-8b8c-480b-922a-eaa9edc7201d.jpg?1789127717,226
"Danitha, Spear of Agony","Danitha, Spear of Agony",Black,B,B,{2}{B},3,Uncommon,Legendary Creature — Human Knight,Mono Black,B,,1,|Black||White/Black||Blue/Black||Black/Red||Black/Green||White/Blue/Black||White/Black/Red||White/Black/Green||Blue/Black/Red||Blue/Black/Green||Black/Red/Green||White/Blue/Black/Red||White/Blue/Black/Green||White/Black/Red/Green||Blue/Black/Red/Green||White/Blue/Black/Red/Green|,2.0,,,,normal,https://scryfall.com/card/fra/227/danitha-spear-of-agony,https://cards.scryfall.io/normal/front/6/4/6489814b-3d10-423e-988c-324740d36748.jpg?1789127194,227
"Gallia, Tragic Host","Gallia, Tragic Host",Black,B,B,{1}{B},2,Uncommon,Legendary Creature — Zombie Satyr,Mono Black,B,,1,|Black||White/Black||Blue/Black||Black/Red||Black/Green||White/Blue/Black||White/Black/Red||White/Black/Green||Blue/Black/Red||Blue/Black/Green||Black/Red/Green||White/Blue/Black/Red||White/Blue/Black/Green||White/Black/Red/Green||Blue/Black/Red/Green||White/Blue/Black/Red/Green|,3.0,,,,normal,https://scryfall.com/card/fra/228/gallia-tragic-host,https://cards.scryfall.io/normal/front/4/9/498fa810-8522-4020-b773-52ad404c9f65.jpg?1789385697,228
"Garruk, Veiled Butcher","Garruk, Veiled Butcher",Black,B,B,{3}{B}{B},5,Mythic,Legendary Planeswalker — Garruk,Mono Black,B,,1,|Black||White/Black||Blue/Black||Black/Red||Black/Green||White/Blue/Black||White/Black/Red||White/Black/Green||Blue/Black/Red||Blue/Black/Green||Black/Red/Green||White/Blue/Black/Red||White/Blue/Black/Green||White/Black/Red/Green||Blue/Black/Red/Green||White/Blue/Black/Red/Green|,4.5,,,,normal,https://scryfall.com/card/fra/229/garruk-veiled-butcher,https://cards.scryfall.io/normal/front/d/4/d48bfb8a-d135-45f3-be99-4694b4b9ab93.jpg?1788329269,229
Gideon the Oathless,Gideon the Oathless,Black,B,B,{2}{B},3,Rare,Legendary Creature — Human Mercenary,Mono Black,B,,1,|Black||White/Black||Blue/Black||Black/Red||Black/Green||White/Blue/Black||White/Black/Red||White/Black/Green||Blue/Black/Red||Blue/Black/Green||Black/Red/Green||White/Blue/Black/Red||White/Blue/Black/Green||White/Black/Red/Green||Blue/Black/Red/Green||White/Blue/Black/Red/Green|,2.5,,,,normal,https://scryfall.com/card/fra/230/gideon-the-oathless,https://cards.scryfall.io/normal/front/c/9/c985b0d1-25bd-4069-aab7-a566ff27a8f6.jpg?1789127990,230
Liliana the Repentant,Liliana the Repentant,Black,B,B,{1}{B},2,Rare,Legendary Creature — Human Warlock,Mono Black,B,,1,|Black||White/Black||Blue/Black||Black/Red||Black/Green||White/Blue/Black||White/Black/Red||White/Black/Green||Blue/Black/Red||Blue/Black/Green||Black/Red/Green||White/Blue/Black/Red||White/Blue/Black/Green||White/Black/Red/Green||Blue/Black/Red/Green||White/Blue/Black/Red/Green|,3.0,,,,normal,https://scryfall.com/card/fra/231/liliana-the-repentant,https://cards.scryfall.io/normal/front/1/e/1eb25a6c-d6b4-465d-990e-f1ab86b26b69.jpg?1788329273,231
"Loot, the Anomaly","Loot, the Anomaly",Black,B,B,{2}{B},3,Uncommon,Legendary Creature — Beast Horror,Mono Black,B,,1,|Black||White/Black||Blue/Black||Black/Red||Black/Green||White/Blue/Black||White/Black/Red||White/Black/Green||Blue/Black/Red||Blue/Black/Green||Black/Red/Green||White/Blue/Black/Red||White/Blue/Black/Green||White/Black/Red/Green||Blue/Black/Red/Green||White/Blue/Black/Red/Green|,1.5,,,,normal,https://scryfall.com/card/fra/232/loot-the-anomaly,https://cards.scryfall.io/normal/front/4/f/4f6fd2fa-8bc8-4743-bbc8-b56475d64eff.jpg?1789568430,232
"Mabel, Bitter Recluse","Mabel, Bitter Recluse",Black,B,B,{B},1,Uncommon,Legendary Creature — Mouse Warlock,Mono Black,B,,1,|Black||White/Black||Blue/Black||Black/Red||Black/Green||White/Blue/Black||White/Black/Red||White/Black/Green||Blue/Black/Red||Blue/Black/Green||Black/Red/Green||White/Blue/Black/Red||White/Blue/Black/Green||White/Black/Red/Green||Blue/Black/Red/Green||White/Blue/Black/Red/Green|,2.0,,,,normal,https://scryfall.com/card/fra/233/mabel-bitter-recluse,https://cards.scryfall.io/normal/front/b/2/b2a412b0-2ae4-4552-bc5e-70654b6b9b4e.jpg?1789385677,233
"Massacre Girl, Most Wanted","Massacre Girl, Most Wanted",Black,B,B,{4}{B},5,Uncommon,Legendary Creature — Human Assassin,Mono Black,B,,1,|Black||White/Black||Blue/Black||Black/Red||Black/Green||White/Blue/Black||White/Black/Red||White/Black/Green||Blue/Black/Red||Blue/Black/Green||Black/Red/Green||White/Blue/Black/Red||White/Blue/Black/Green||White/Black/Red/Green||Blue/Black/Red/Green||White/Blue/Black/Red/Green|,2.5,,,,normal,https://scryfall.com/card/fra/234/massacre-girl-most-wanted,https://cards.scryfall.io/normal/front/9/0/9028d31f-9c41-47e3-885b-6a869bca8178.jpg?1789644882,234
"Proft, Sinister Mastermind","Proft, Sinister Mastermind",Black,B,B,{2}{B},3,Uncommon,Legendary Creature — Human Rogue,Mono Black,B,,1,|Black||White/Black||Blue/Black||Black/Red||Black/Green||White/Blue/Black||White/Black/Red||White/Black/Green||Blue/Black/Red||Blue/Black/Green||Black/Red/Green||White/Blue/Black/Red||White/Blue/Black/Green||White/Black/Red/Green||Blue/Black/Red/Green||White/Blue/Black/Red/Green|,2.0,,,,normal,https://scryfall.com/card/fra/235/proft-sinister-mastermind,https://cards.scryfall.io/normal/front/d/3/d36b0e06-cb82-4c48-bf35-e76f109116f6.jpg?1789127196,235
"Teyo, Diamondblade Mage","Teyo, Diamondblade Mage",Black,B,B,{3}{B},4,Uncommon,Legendary Creature — Human Warlock,Mono Black,B,,1,|Black||White/Black||Blue/Black||Black/Red||Black/Green||White/Blue/Black||White/Black/Red||White/Black/Green||Blue/Black/Red||Blue/Black/Green||Black/Red/Green||White/Blue/Black/Red||White/Blue/Black/Green||White/Black/Red/Green||Blue/Black/Red/Green||White/Blue/Black/Red/Green|,2.5,,,,normal,https://scryfall.com/card/fra/236/teyo-diamondblade-mage,https://cards.scryfall.io/normal/front/1/0/100c3b67-0c92-4224-b5ed-67789c612df7.jpg?1789470892,236
"Tinybones, Pocket Nuisance","Tinybones, Pocket Nuisance",Black,B,B,{2}{B},3,Uncommon,Legendary Creature — Skeleton Rogue,Mono Black,B,,1,|Black||White/Black||Blue/Black||Black/Red||Black/Green||White/Blue/Black||White/Black/Red||White/Black/Green||Blue/Black/Red||Blue/Black/Green||Black/Red/Green||White/Blue/Black/Red||White/Blue/Black/Green||White/Black/Red/Green||Blue/Black/Red/Green||White/Blue/Black/Red/Green|,2.0,,,,normal,https://scryfall.com/card/fra/237/tinybones-pocket-nuisance,https://cards.scryfall.io/normal/front/2/f/2f47ddf7-35b6-4205-8045-f057914c5f64.jpg?1788329294,237
Way of the Deathbringer,Way of the Deathbringer,Black,B,B,{2}{B},3,Uncommon,Legendary Enchantment,Mono Black,B,,1,|Black||White/Black||Blue/Black||Black/Red||Black/Green||White/Blue/Black||White/Black/Red||White/Black/Green||Blue/Black/Red||Blue/Black/Green||Black/Red/Green||White/Blue/Black/Red||White/Blue/Black/Green||White/Black/Red/Green||Blue/Black/Red/Green||White/Blue/Black/Red/Green|,1.5,,,,normal,https://scryfall.com/card/fra/238/way-of-the-deathbringer,https://cards.scryfall.io/normal/front/1/2/12dd46b2-e892-4660-b120-55766fd4d878.jpg?1789729576,238
Way of the Necromancer,Way of the Necromancer,Black,B,B,{1}{B},2,Uncommon,Legendary Enchantment,Mono Black,B,,1,|Black||White/Black||Blue/Black||Black/Red||Black/Green||White/Blue/Black||White/Black/Red||White/Black/Green||Blue/Black/Red||Blue/Black/Green||Black/Red/Green||White/Blue/Black/Red||White/Blue/Black/Green||White/Black/Red/Green||Blue/Black/Red/Green||White/Blue/Black/Red/Green|,1.0,,,,normal,https://scryfall.com/card/fra/239/way-of-the-necromancer,https://cards.scryfall.io/normal/front/a/0/a0ff9689-ea49-4fff-b37c-4abbaeb0f73d.jpg?1789729526,239
"Winter, Tormented Loner","Winter, Tormented Loner",Black,B,B,{2}{B},3,Uncommon,Legendary Creature — Human Warlock,Mono Black,B,,1,|Black||White/Black||Blue/Black||Black/Red||Black/Green||White/Blue/Black||White/Black/Red||White/Black/Green||Blue/Black/Red||Blue/Black/Green||Black/Red/Green||White/Blue/Black/Red||White/Blue/Black/Green||White/Black/Red/Green||Blue/Black/Red/Green||White/Blue/Black/Red/Green|,1.5,,,,normal,https://scryfall.com/card/fra/240/winter-tormented-loner,https://cards.scryfall.io/normal/front/9/6/9670f754-f41f-45ac-8e8b-025ad2c0f66b.jpg?1789127724,240
"Yargle, Glutton of Urborg","Yargle, Glutton of Urborg",Black,B,B,{4}{B},5,Uncommon,Legendary Creature — Frog Spirit,Mono Black,B,,1,|Black||White/Black||Blue/Black||Black/Red||Black/Green||White/Blue/Black||White/Black/Red||White/Black/Green||Blue/Black/Red||Blue/Black/Green||Black/Red/Green||White/Blue/Black/Red||White/Blue/Black/Green||White/Black/Red/Green||Blue/Black/Red/Green||White/Blue/Black/Red/Green|,1.5,,,,normal,https://scryfall.com/card/fra/241/yargle-glutton-of-urborg,https://cards.scryfall.io/normal/front/0/4/04c816fb-5951-4db1-8834-ed3f0b36bfe1.jpg?1789127722,241
Ajani Unrelenting,Ajani Unrelenting,Red,R,R,{4}{R}{R},6,Mythic,Legendary Planeswalker — Ajani,Mono Red,R,,1,|Red||White/Red||Blue/Red||Black/Red||Red/Green||White/Blue/Red||White/Black/Red||White/Red/Green||Blue/Black/Red||Blue/Red/Green||Black/Red/Green||White/Blue/Black/Red||White/Blue/Red/Green||White/Black/Red/Green||Blue/Black/Red/Green||White/Blue/Black/Red/Green|,5.0,,,,normal,https://scryfall.com/card/fra/242/ajani-unrelenting,https://cards.scryfall.io/normal/front/b/c/bc3c096f-7f6c-474c-a2c8-75d3e6ddd6f5.jpg?1788329317,242
"Arni, Renowned Champion","Arni, Renowned Champion",Red,R,R,{3}{R},4,Uncommon,Legendary Creature — Human Berserker,Mono Red,R,,1,|Red||White/Red||Blue/Red||Black/Red||Red/Green||White/Blue/Red||White/Black/Red||White/Red/Green||Blue/Black/Red||Blue/Red/Green||Black/Red/Green||White/Blue/Black/Red||White/Blue/Red/Green||White/Black/Red/Green||Blue/Black/Red/Green||White/Blue/Black/Red/Green|,2.0,,,,normal,https://scryfall.com/card/fra/243/arni-renowned-champion,https://cards.scryfall.io/normal/front/b/d/bd8db649-1dba-457d-8327-e1f1da1aab36.jpg?1789557035,243
"Chandra, Torch of Defiance","Chandra, Torch of Defiance",Red,R,R,{2}{R}{R},4,Mythic,Legendary Planeswalker — Chandra,Mono Red,R,,1,|Red||White/Red||Blue/Red||Black/Red||Red/Green||White/Blue/Red||White/Black/Red||White/Red/Green||Blue/Black/Red||Blue/Red/Green||Black/Red/Green||White/Blue/Black/Red||White/Blue/Red/Green||White/Black/Red/Green||Blue/Black/Red/Green||White/Blue/Black/Red/Green|,4.5,,,,normal,https://scryfall.com/card/fra/244/chandra-torch-of-defiance,https://cards.scryfall.io/normal/front/4/0/40cb22c8-cb03-45c9-bb0e-b8cabdcc43cd.jpg?1788329325,244
"Gallia, the Merrymaker","Gallia, the Merrymaker",Red,R,R,{1}{R},2,Uncommon,Legendary Creature — Satyr,Mono Red,R,,1,|Red||White/Red||Blue/Red||Black/Red||Red/Green||White/Blue/Red||White/Black/Red||White/Red/Green||Blue/Black/Red||Blue/Red/Green||Black/Red/Green||White/Blue/Black/Red||White/Blue/Red/Green||White/Black/Red/Green||Blue/Black/Red/Green||White/Blue/Black/Red/Green|,2.5,,,,normal,https://scryfall.com/card/fra/245/gallia-the-merrymaker,https://cards.scryfall.io/normal/front/f/2/f27d50f0-d76e-4ce1-a8d9-d997af6a5b41.jpg?1789385716,245
"Jiang Yanggu, Alone","Jiang Yanggu, Alone",Red,R,R,{4}{R},5,Uncommon,Legendary Creature — Human Berserker,Mono Red,R,,1,|Red||White/Red||Blue/Red||Black/Red||Red/Green||White/Blue/Red||White/Black/Red||White/Red/Green||Blue/Black/Red||Blue/Red/Green||Black/Red/Green||White/Blue/Black/Red||White/Blue/Red/Green||White/Black/Red/Green||Blue/Black/Red/Green||White/Blue/Black/Red/Green|,1.5,,,,normal,https://scryfall.com/card/fra/246/jiang-yanggu-alone,https://cards.scryfall.io/normal/front/e/8/e8c1ce21-b77d-40bf-9ed1-478604e71f5f.jpg?1789014416,246
Kiora of Fire and Ashes,Kiora of Fire and Ashes,Red,R,R,{4}{R}{R},6,Uncommon,Legendary Creature — Merfolk Noble,Mono Red,R,,1,|Red||White/Red||Blue/Red||Black/Red||Red/Green||White/Blue/Red||White/Black/Red||White/Red/Green||Blue/Black/Red||Blue/Red/Green||Black/Red/Green||White/Blue/Black/Red||White/Blue/Red/Green||White/Black/Red/Green||Blue/Black/Red/Green||White/Blue/Black/Red/Green|,4.0,,,,normal,https://scryfall.com/card/fra/247/kiora-of-fire-and-ashes,https://cards.scryfall.io/normal/front/0/8/08657053-86f9-4c52-abf0-d9cdd443ae3b.jpg?1789127995,247
"Koth, the Geomancer","Koth, the Geomancer",Red,R,R,{2}{R},3,Uncommon,Legendary Creature — Human Warrior,Mono Red,R,,1,|Red||White/Red||Blue/Red||Black/Red||Red/Green||White/Blue/Red||White/Black/Red||White/Red/Green||Blue/Black/Red||Blue/Red/Green||Black/Red/Green||White/Blue/Black/Red||White/Blue/Red/Green||White/Black/Red/Green||Blue/Black/Red/Green||White/Blue/Black/Red/Green|,2.5,,,,normal,https://scryfall.com/card/fra/248/koth-the-geomancer,https://cards.scryfall.io/normal/front/5/4/54f64e95-5a97-4d7c-9939-7f33a3165562.jpg?1789470892,248
"Marwyn, the Clearcutter","Marwyn, the Clearcutter",Red,R,R,{R},1,Uncommon,Legendary Creature — Elf Warrior,Mono Red,R,,1,|Red||White/Red||Blue/Red||Black/Red||Red/Green||White/Blue/Red||White/Black/Red||White/Red/Green||Blue/Black/Red||Blue/Red/Green||Black/Red/Green||White/Blue/Black/Red||White/Blue/Red/Green||White/Black/Red/Green||Blue/Black/Red/Green||White/Blue/Black/Red/Green|,3.0,,,,normal,https://scryfall.com/card/fra/249/marwyn-the-clearcutter,https://cards.scryfall.io/normal/front/f/9/f93da73c-ca8b-438e-8387-6109dac3fc1a.jpg?1789644549,249
"Pia, Determined Rebuilder","Pia, Determined Rebuilder",Red,R,R,{2}{R},3,Uncommon,Legendary Creature — Human Artificer,Mono Red,R,,1,|Red||White/Red||Blue/Red||Black/Red||Red/Green||White/Blue/Red||White/Black/Red||White/Red/Green||Blue/Black/Red||Blue/Red/Green||Black/Red/Green||White/Blue/Black/Red||White/Blue/Red/Green||White/Black/Red/Green||Blue/Black/Red/Green||White/Blue/Black/Red/Green|,2.5,,,,normal,https://scryfall.com/card/fra/250/pia-determined-rebuilder,https://cards.scryfall.io/normal/front/d/d/dd3faaf4-45ca-4714-8dbe-37102ec131cf.jpg?1789385851,250
"Samut, Hazoret's Champion","Samut, Hazoret's Champion",Red,R,R,{1}{R},2,Rare,Legendary Creature — Human Warrior Cleric,Mono Red,R,,1,|Red||White/Red||Blue/Red||Black/Red||Red/Green||White/Blue/Red||White/Black/Red||White/Red/Green||Blue/Black/Red||Blue/Red/Green||Black/Red/Green||White/Blue/Black/Red||White/Blue/Red/Green||White/Black/Red/Green||Blue/Black/Red/Green||White/Blue/Black/Red/Green|,3.0,,,,normal,https://scryfall.com/card/fra/251/samut-hazorets-champion,https://cards.scryfall.io/normal/front/b/a/ba920f23-f05c-410e-8516-c93abedf1d4d.jpg?1789729662,251
"Tetsuko Umezawa, Pursuer","Tetsuko Umezawa, Pursuer",Red,R,R,{3}{R},4,Uncommon,Legendary Creature — Human Mercenary,Mono Red,R,,1,|Red||White/Red||Blue/Red||Black/Red||Red/Green||White/Blue/Red||White/Black/Red||White/Red/Green||Blue/Black/Red||Blue/Red/Green||Black/Red/Green||White/Blue/Black/Red||White/Blue/Red/Green||White/Black/Red/Green||Blue/Black/Red/Green||White/Blue/Black/Red/Green|,2.5,,,,normal,https://scryfall.com/card/fra/252/tetsuko-umezawa-pursuer,https://cards.scryfall.io/normal/front/d/f/df818900-ce5e-4b0d-a927-c975cbef7eda.jpg?1789128002,252
"Tomik, Izzet Sparkmage","Tomik, Izzet Sparkmage",Red,R,R,{1}{R},2,Uncommon,Legendary Creature — Human Wizard,Mono Red,R,,1,|Red||White/Red||Blue/Red||Black/Red||Red/Green||White/Blue/Red||White/Black/Red||White/Red/Green||Blue/Black/Red||Blue/Red/Green||Black/Red/Green||White/Blue/Black/Red||White/Blue/Red/Green||White/Black/Red/Green||Blue/Black/Red/Green||White/Blue/Black/Red/Green|,1.5,,,,normal,https://scryfall.com/card/fra/253/tomik-izzet-sparkmage,https://cards.scryfall.io/normal/front/5/c/5c5afd5f-6f37-4c3e-83f0-68fdcea98810.jpg?1789729773,253
Way of the Pyromancer,Way of the Pyromancer,Red,R,R,{1}{R},2,Uncommon,Legendary Enchantment,Mono Red,R,,1,|Red||White/Red||Blue/Red||Black/Red||Red/Green||White/Blue/Red||White/Black/Red||White/Red/Green||Blue/Black/Red||Blue/Red/Green||Black/Red/Green||White/Blue/Black/Red||White/Blue/Red/Green||White/Black/Red/Green||Blue/Black/Red/Green||White/Blue/Black/Red/Green|,1.0,,,,normal,https://scryfall.com/card/fra/254/way-of-the-pyromancer,https://cards.scryfall.io/normal/front/c/1/c1a00020-7c14-4503-a057-5763704bb83e.jpg?1788878311,254
Way of the Warlord,Way of the Warlord,Red,R,R,{2}{R},3,Uncommon,Legendary Enchantment,Mono Red,R,,1,|Red||White/Red||Blue/Red||Black/Red||Red/Green||White/Blue/Red||White/Black/Red||White/Red/Green||Blue/Black/Red||Blue/Red/Green||Black/Red/Green||White/Blue/Black/Red||White/Blue/Red/Green||White/Black/Red/Green||Blue/Black/Red/Green||White/Blue/Black/Red/Green|,2.5,,,,normal,https://scryfall.com/card/fra/255/way-of-the-warlord,https://cards.scryfall.io/normal/front/6/d/6d86e410-20c4-4248-96bf-5780ece6274a.jpg?1789729585,255
"Winter, Team Player","Winter, Team Player",Red,R,R,{4}{R},5,Uncommon,Legendary Creature — Human Warrior,Mono Red,R,,1,|Red||White/Red||Blue/Red||Black/Red||Red/Green||White/Blue/Red||White/Black/Red||White/Red/Green||Blue/Black/Red||Blue/Red/Green||Black/Red/Green||White/Blue/Black/Red||White/Blue/Red/Green||White/Black/Red/Green||Blue/Black/Red/Green||White/Blue/Black/Red/Green|,1.5,,,,normal,https://scryfall.com/card/fra/256/winter-team-player,https://cards.scryfall.io/normal/front/d/f/df8713cd-3f4b-43ef-adbd-e37c2617c617.jpg?1789128020,256
"Edgar, Moonlit Sovereign","Edgar, Moonlit Sovereign",Green,G,G,{3}{G}{G},5,Uncommon,Legendary Creature — Werewolf Noble,Mono Green,G,,1,|Green||White/Green||Blue/Green||Black/Green||Red/Green||White/Blue/Green||White/Black/Green||White/Red/Green||Blue/Black/Green||Blue/Red/Green||Black/Red/Green||White/Blue/Black/Green||White/Blue/Red/Green||White/Black/Red/Green||Blue/Black/Red/Green||White/Blue/Black/Red/Green|,3.0,,,,normal,https://scryfall.com/card/fra/257/edgar-moonlit-sovereign,https://cards.scryfall.io/normal/front/d/a/dad6afc9-8505-4cdd-bf79-e9ba4670f2bb.jpg?1789127966,257
"Fblthp, Knows the Way","Fblthp, Knows the Way",Green,G,G,{X}{G}{G},2,Uncommon,Legendary Creature — Homunculus Scout,Mono Green,G,,1,|Green||White/Green||Blue/Green||Black/Green||Red/Green||White/Blue/Green||White/Black/Green||White/Red/Green||Blue/Black/Green||Blue/Red/Green||Black/Red/Green||White/Blue/Black/Green||White/Blue/Red/Green||White/Black/Red/Green||Blue/Black/Red/Green||White/Blue/Black/Red/Green|,2.5,,,,normal,https://scryfall.com/card/fra/258/fblthp-knows-the-way,https://cards.scryfall.io/normal/front/2/8/28fbb55a-5c9d-45ee-bf42-a84b1048f5d2.jpg?1789127976,258
"Garruk, Curse Breaker","Garruk, Curse Breaker",Green,G,G,{3}{G}{G},5,Mythic,Legendary Planeswalker — Garruk,Mono Green,G,,1,|Green||White/Green||Blue/Green||Black/Green||Red/Green||White/Blue/Green||White/Black/Green||White/Red/Green||Blue/Black/Green||Blue/Red/Green||Black/Red/Green||White/Blue/Black/Green||White/Blue/Red/Green||White/Black/Red/Green||Blue/Black/Red/Green||White/Blue/Black/Red/Green|,5.0,,,,normal,https://scryfall.com/card/fra/259/garruk-curse-breaker,https://cards.scryfall.io/normal/front/9/0/90ca5812-ceb5-46bd-b049-aed7ff10e6af.jpg?1788329370,259
Ghalta the Unstoppable,Ghalta the Unstoppable,Green,G,G,{8}{G},9,Uncommon,Legendary Creature — Elder Dinosaur,Mono Green,G,,1,|Green||White/Green||Blue/Green||Black/Green||Red/Green||White/Blue/Green||White/Black/Green||White/Red/Green||Blue/Black/Green||Blue/Red/Green||Black/Red/Green||White/Blue/Black/Green||White/Blue/Red/Green||White/Black/Red/Green||Blue/Black/Red/Green||White/Blue/Black/Red/Green|,2.0,,,,normal,https://scryfall.com/card/fra/260/ghalta-the-unstoppable,https://cards.scryfall.io/normal/front/1/d/1d535b5f-c916-4f16-89a7-9477578826d2.jpg?1788878290,260
"Jiang Yanggu, Never Alone","Jiang Yanggu, Never Alone",Green,G,G,{3}{G},4,Uncommon,Legendary Creature — Human Druid,Mono Green,G,,1,|Green||White/Green||Blue/Green||Black/Green||Red/Green||White/Blue/Green||White/Black/Green||White/Red/Green||Blue/Black/Green||Blue/Red/Green||Black/Red/Green||White/Blue/Black/Green||White/Blue/Red/Green||White/Black/Red/Green||Blue/Black/Red/Green||White/Blue/Black/Red/Green|,3.5,,,,normal,https://scryfall.com/card/fra/261/jiang-yanggu-never-alone,https://cards.scryfall.io/normal/front/f/5/f5a0bb3e-8119-4739-8684-e61d1d607dcb.jpg?1789014406,261
"Loot, the Nexus","Loot, the Nexus",Green,G,G,{2}{G},3,Uncommon,Legendary Creature — Beast Noble,Mono Green,G,,1,|Green||White/Green||Blue/Green||Black/Green||Red/Green||White/Blue/Green||White/Black/Green||White/Red/Green||Blue/Black/Green||Blue/Red/Green||Black/Red/Green||White/Blue/Black/Green||White/Blue/Red/Green||White/Black/Red/Green||Blue/Black/Red/Green||White/Blue/Black/Red/Green|,2.5,,,,normal,https://scryfall.com/card/fra/262/loot-the-nexus,https://cards.scryfall.io/normal/front/3/c/3cfa4fc6-4d90-4576-a83f-6496c7f21104.jpg?1789614764,262
"Marwyn, the Preserver","Marwyn, the Preserver",Green,G,G,{1}{G},2,Uncommon,Legendary Creature — Elf Druid,Mono Green,G,,1,|Green||White/Green||Blue/Green||Black/Green||Red/Green||White/Blue/Green||White/Black/Green||White/Red/Green||Blue/Black/Green||Blue/Red/Green||Black/Red/Green||White/Blue/Black/Green||White/Blue/Red/Green||White/Black/Red/Green||Blue/Black/Red/Green||White/Blue/Black/Red/Green|,2.0,,,,normal,https://scryfall.com/card/fra/263/marwyn-the-preserver,https://cards.scryfall.io/normal/front/9/0/90f33f99-7bc5-42e1-815e-bfb4c2b74107.jpg?1789644564,263
"Pia, Aether Ascetic","Pia, Aether Ascetic",Green,G,G,{2}{G},3,Uncommon,Legendary Creature — Human Druid,Mono Green,G,,1,|Green||White/Green||Blue/Green||Black/Green||Red/Green||White/Blue/Green||White/Black/Green||White/Red/Green||Blue/Black/Green||Blue/Red/Green||Black/Red/Green||White/Blue/Black/Green||White/Blue/Red/Green||White/Black/Red/Green||Blue/Black/Red/Green||White/Blue/Black/Red/Green|,1.5,,,,normal,https://scryfall.com/card/fra/264/pia-aether-ascetic,https://cards.scryfall.io/normal/front/f/f/ff0bc30f-9d20-458e-808f-bdc2825905a5.jpg?1789387120,264
"Ruric Thar, Magecrusher","Ruric Thar, Magecrusher",Green,G,G,{5}{G}{G},7,Uncommon,Legendary Creature — Ogre Warrior,Mono Green,G,,1,|Green||White/Green||Blue/Green||Black/Green||Red/Green||White/Blue/Green||White/Black/Green||White/Red/Green||Blue/Black/Green||Blue/Red/Green||Black/Red/Green||White/Blue/Black/Green||White/Blue/Red/Green||White/Black/Red/Green||Blue/Black/Red/Green||White/Blue/Black/Red/Green|,2.5,,,,normal,https://scryfall.com/card/fra/265/ruric-thar-magecrusher,https://cards.scryfall.io/normal/front/e/e/eed83302-dc2c-45f4-a4bd-af9da51edef5.jpg?1789358701,265
"Titanbones, Towering Heart","Titanbones, Towering Heart",Green,G,G,{3}{G},4,Uncommon,Legendary Creature — Skeleton Druid,Mono Green,G,,1,|Green||White/Green||Blue/Green||Black/Green||Red/Green||White/Blue/Green||White/Black/Green||White/Red/Green||Blue/Black/Green||Blue/Red/Green||Black/Red/Green||White/Blue/Black/Green||White/Blue/Red/Green||White/Black/Red/Green||Blue/Black/Red/Green||White/Blue/Black/Red/Green|,2.0,,,,normal,https://scryfall.com/card/fra/266/titanbones-towering-heart,https://cards.scryfall.io/normal/front/e/d/edea6f70-a5a7-475d-b7f2-97933d0f32cf.jpg?1788329375,266
Way of the Paradox,Way of the Paradox,Green,G,G,{2}{G},3,Uncommon,Legendary Enchantment,Mono Green,G,,1,|Green||White/Green||Blue/Green||Black/Green||Red/Green||White/Blue/Green||White/Black/Green||White/Red/Green||Blue/Black/Green||Blue/Red/Green||Black/Red/Green||White/Blue/Black/Green||White/Blue/Red/Green||White/Black/Red/Green||Blue/Black/Red/Green||White/Blue/Black/Red/Green|,1.5,,,,normal,https://scryfall.com/card/fra/267/way-of-the-paradox,https://cards.scryfall.io/normal/front/9/8/98dc5470-507a-4364-8480-42607255e56c.jpg?1789729606,267
Way of the Wildspeaker,Way of the Wildspeaker,Green,G,G,{4}{G},5,Uncommon,Legendary Enchantment,Mono Green,G,,1,|Green||White/Green||Blue/Green||Black/Green||Red/Green||White/Blue/Green||White/Black/Green||White/Red/Green||Blue/Black/Green||Blue/Red/Green||Black/Red/Green||White/Blue/Black/Green||White/Blue/Red/Green||White/Black/Red/Green||Blue/Black/Red/Green||White/Blue/Black/Red/Green|,3.5,,,,normal,https://scryfall.com/card/fra/268/way-of-the-wildspeaker,https://cards.scryfall.io/normal/front/a/2/a252cb01-537b-4afe-9abc-81a98c4a1439.jpg?1789729602,268
"Yoshimaru, Scrappy Stray","Yoshimaru, Scrappy Stray",Green,G,G,{1}{G},2,Uncommon,Legendary Creature — Dog,Mono Green,G,,1,|Green||White/Green||Blue/Green||Black/Green||Red/Green||White/Blue/Green||White/Black/Green||White/Red/Green||Blue/Black/Green||Blue/Red/Green||Black/Red/Green||White/Blue/Black/Green||White/Blue/Red/Green||White/Black/Red/Green||Blue/Black/Red/Green||White/Blue/Black/Red/Green|,2.5,,,,normal,https://scryfall.com/card/fra/269/yoshimaru-scrappy-stray,https://cards.scryfall.io/normal/front/b/8/b8dfd087-2434-42c6-ac4c-1decbcdde2db.jpg?1789470909,269
"Edgar, Ancient Bloodlord","Edgar, Ancient Bloodlord",Multicolor (White/Black),WB,WB,{W}{B},2,Uncommon,Legendary Creature — Vampire Noble,Gold White/Black,WB,,2,|White/Black||White/Blue/Black||White/Black/Red||White/Black/Green||White/Blue/Black/Red||White/Blue/Black/Green||White/Black/Red/Green||White/Blue/Black/Red/Green|,3.0,,,,normal,https://scryfall.com/card/fra/270/edgar-ancient-bloodlord,https://cards.scryfall.io/normal/front/7/c/7c619fed-2394-4efc-8cdc-6df5f51c1f57.jpg?1789127743,270
"Hapatra, the Desert Fang","Hapatra, the Desert Fang",Multicolor (Black/Green),BG,BG,{2}{B}{B}{G},5,Uncommon,Legendary Creature — Human Cleric,Gold Black/Green,BG,,2,|Black/Green||White/Black/Green||Blue/Black/Green||Black/Red/Green||White/Blue/Black/Green||White/Black/Red/Green||Blue/Black/Red/Green||White/Blue/Black/Red/Green|,3.5,,,,normal,https://scryfall.com/card/fra/271/hapatra-the-desert-fang,https://cards.scryfall.io/normal/front/c/f/cf7c1534-af41-4991-b3c3-f0a34ae330b5.jpg?1789385991,271
"Karn, Gilded Guardian","Karn, Gilded Guardian",Multicolor (White/Blue/Black/Red/Green),WUBRG,WUBRG,{2/W}{2/U}{2/B}{2/R}{2/G},10,Rare,Legendary Artifact Creature — Golem,Colorless,,,0,|White||Blue||Black||Red||Green||White/Blue||White/Black||White/Red||White/Green||Blue/Black||Blue/Red||Blue/Green||Black/Red||Black/Green||Red/Green||White/Blue/Black||White/Blue/Red||White/Blue/Green||White/Black/Red||White/Black/Green||White/Red/Green||Blue/Black/Red||Blue/Black/Green||Blue/Red/Green||Black/Red/Green||White/Blue/Black/Red||White/Blue/Black/Green||White/Blue/Red/Green||White/Black/Red/Green||Blue/Black/Red/Green||White/Blue/Black/Red/Green|,1.5,,,,normal,https://scryfall.com/card/fra/272/karn-gilded-guardian,https://cards.scryfall.io/normal/front/3/a/3abcae65-5b21-4c98-adad-34b8bc76ea3a.jpg?1789014541,272
Kiora of Salt and Sand,Kiora of Salt and Sand,Multicolor (Blue/Green),UG,UG,{1}{G}{U},3,Uncommon,Legendary Creature — Merfolk Noble,Gold Blue/Green,UG,,2,|Blue/Green||White/Blue/Green||Blue/Black/Green||Blue/Red/Green||White/Blue/Black/Green||White/Blue/Red/Green||Blue/Black/Red/Green||White/Blue/Black/Red/Green|,2.0,,,,normal,https://scryfall.com/card/fra/273/kiora-of-salt-and-sand,https://cards.scryfall.io/normal/front/8/1/8151f5f5-e9f6-4fbe-b543-f456ebf22aa5.jpg?1789127745,273
"Mabel, Valley Hero","Mabel, Valley Hero",Multicolor (White/Red),WR,WR,{1}{R}{W},3,Uncommon,Legendary Creature — Mouse Soldier,Gold White/Red,WR,,2,|White/Red||White/Blue/Red||White/Black/Red||White/Red/Green||White/Blue/Black/Red||White/Blue/Red/Green||White/Black/Red/Green||White/Blue/Black/Red/Green|,3.0,,,,normal,https://scryfall.com/card/fra/274/mabel-valley-hero,https://cards.scryfall.io/normal/front/4/7/47abea4b-9848-48aa-bc1b-f04f4799e920.jpg?1790135467,274
"Saheeli, Jewel of Avishkar","Saheeli, Jewel of Avishkar",Multicolor (Blue/Red),UR,UR,{2}{U}{R},4,Uncommon,Legendary Creature — Human Artificer,Gold Blue/Red,UR,,2,|Blue/Red||White/Blue/Red||Blue/Black/Red||Blue/Red/Green||White/Blue/Black/Red||White/Blue/Red/Green||Blue/Black/Red/Green||White/Blue/Black/Red/Green|,4.0,,,,normal,https://scryfall.com/card/fra/275/saheeli-jewel-of-avishkar,https://cards.scryfall.io/normal/front/2/8/28d84ef6-e190-46d4-882d-1cea5e111e2a.jpg?1789644883,275
"Tam, the Possibility","Tam, the Possibility",Multicolor (Blue/Green),UG,WUBRG,{1}{G}{U},3,Rare,Legendary Creature — Gorgon Wizard,Gold Blue/Green,UG,,2,|Blue/Green||White/Blue/Green||Blue/Black/Green||Blue/Red/Green||White/Blue/Black/Green||White/Blue/Red/Green||Blue/Black/Red/Green||White/Blue/Black/Red/Green|,1.0,,,,normal,https://scryfall.com/card/fra/276/tam-the-possibility,https://cards.scryfall.io/normal/front/6/5/6529d399-677e-45a6-ac3e-12a0b10f6c37.jpg?1789644886,276
"Vraska, Soul of Stone","Vraska, Soul of Stone",Multicolor (White/Blue/Red),WUR,WUR,{U}{R}{W},3,Rare,Legendary Creature — Gorgon Wizard,Gold White/Blue/Red,WUR,,3,|White/Blue/Red||White/Blue/Black/Red||White/Blue/Red/Green||White/Blue/Black/Red/Green|,3.0,,,,normal,https://scryfall.com/card/fra/277/vraska-soul-of-stone,https://cards.scryfall.io/normal/front/f/3/f3869752-eade-4e7a-8dd1-68cafb9e10be.jpg?1789128008,277
"Vraska, the Cutting Glare","Vraska, the Cutting Glare",Multicolor (Black/Green),BG,BG,{B}{B}{G},3,Rare,Legendary Creature — Gorgon Assassin,Gold Black/Green,BG,,2,|Black/Green||White/Black/Green||Blue/Black/Green||Black/Red/Green||White/Blue/Black/Green||White/Black/Red/Green||Blue/Black/Red/Green||White/Blue/Black/Red/Green|,4.0,,,,normal,https://scryfall.com/card/fra/278/vraska-the-cutting-glare,https://cards.scryfall.io/normal/front/5/c/5c28b012-5efb-488f-a1c1-09e2dddfd6ee.jpg?1789127776,278
"Karn, Argent Defender","Karn, Argent Defender",Colorless,C,C,{2},2,Rare,Legendary Artifact Creature — Golem,Colorless,,,0,|White||Blue||Black||Red||Green||White/Blue||White/Black||White/Red||White/Green||Blue/Black||Blue/Red||Blue/Green||Black/Red||Black/Green||Red/Green||White/Blue/Black||White/Blue/Red||White/Blue/Green||White/Black/Red||White/Black/Green||White/Red/Green||Blue/Black/Red||Blue/Black/Green||Blue/Red/Green||Black/Red/Green||White/Blue/Black/Red||White/Blue/Black/Green||White/Blue/Red/Green||White/Black/Red/Green||Blue/Black/Red/Green||White/Blue/Black/Red/Green|,1.0,,,,normal,https://scryfall.com/card/fra/279/karn-argent-defender,https://cards.scryfall.io/normal/front/1/e/1ebbbddb-2dc3-4194-b72b-13bcebe2ab89.jpg?1788878301,279
"Traxos, Scourge Eternal","Traxos, Scourge Eternal",Colorless,C,C,{4},4,Uncommon,Legendary Artifact Creature — Dragon Construct,Colorless,,,0,|White||Blue||Black||Red||Green||White/Blue||White/Black||White/Red||White/Green||Blue/Black||Blue/Red||Blue/Green||Black/Red||Black/Green||Red/Green||White/Blue/Black||White/Blue/Red||White/Blue/Green||White/Black/Red||White/Black/Green||White/Red/Green||Blue/Black/Red||Blue/Black/Green||Blue/Red/Green||Black/Red/Green||White/Blue/Black/Red||White/Blue/Black/Green||White/Blue/Red/Green||White/Black/Red/Green||Blue/Black/Red/Green||White/Blue/Black/Red/Green|,2.0,,,,normal,https://scryfall.com/card/fra/280/traxos-scourge-eternal,https://cards.scryfall.io/normal/front/0/5/05102c46-96f8-44a0-a1e6-e388fa5e0841.jpg?1789557046,280
