Card Name,Front Face Name,Color,Color Code,Color Identity,Mana Cost,Mana Value,Rarity,Card Type,Power,Toughness,Loyalty,Layout,Second Half,Second Half Cost,Second Half Type,J2SJosh Rating,Rating Note,J2SJosh Commentary,Source Section,Source Article,Collector Number,Scryfall URL,Image URL,Scryfall ID
"Emrakul, the Exigent Doom","Emrakul, the Exigent Doom",Colorless,C,C,{10},10,Mythic,Legendary Creature — Eldrazi,12,12,,normal,,,,1.5,,"I’ve always been a fan of Emrakul, both the character and the cards. This one doesn’t quite live up to the hype, though. It feels a little more like a nostalgia grab than an actual Limited bomb.

Even if you use the ability first, you’re still functionally paying nine mana for this. Untapping all your lands sounds great, but it probably matters less than you think because you’re likely going to be close to empty-handed by the time this actually hits the battlefield.

Sacrificing three permanents to target it with removal sounds like a massive cost, but that late in the game your opponent can probably just toss a few lands and move on with their life.

That’s a lot of setup for something I’m not convinced actually takes over the game.",Artifacts and Lands,https://mtgazone.com/reality-fracture-fra-limited-set-review-artifacts-and-lands/,1,https://scryfall.com/card/fra/1/emrakul-the-exigent-doom,https://cards.scryfall.io/normal/front/c/3/c3ff8dd3-88a8-49dc-a59b-e2748680623c.jpg?1789060137,c3ff8dd3-88a8-49dc-a59b-e2748680623c
Academic Ascent,Academic Ascent,White,W,W,{1}{W},2,Common,Instant,,,,normal,,,,1.5,,"Sometimes the smallest details are what separate a solid trick from filler. In this case, Academic Ascent really needed to Empower Jace for three instead of two.

That extra point would have allowed it to function as a cantrip instead of essentially giving you a double surveil. You’ll probably have plenty of other ways to Empower Jace, but needing another card before this actually replaces itself is a real drawback.

It’s one mana too expensive for the trick itself and one Empower short of providing enough extra value to make me interested.",White,https://mtgazone.com/reality-fracture-fra-limited-set-review-white/,2,https://scryfall.com/card/fra/2/academic-ascent,https://cards.scryfall.io/normal/front/7/3/730d8c28-1e58-4b8e-89e9-445d154d2e83.jpg?1788878081,730d8c28-1e58-4b8e-89e9-445d154d2e83
Blossom-Blessed Angel // Seed Suture,Blossom-Blessed Angel,White,W,WG,{3}{W},4,Common,Creature — Angel Cleric,2,4,,prepare,Seed Suture,{G/W},Sorcery,2.0,,"This does a wonderful job of clogging up the board while still being able to peck in for some damage through the air. Nothing spectacular, but sometimes being mildly annoying in multiple directions is a perfectly acceptable career path.

I actually really like how the card is structured. If this were all stapled together as one five-mana package, I’d probably want nothing to do with it. Getting to spread the cost out makes it significantly easier to work with and keeps you from having another clunky five-drop rotting in your hand.

You even get a bonus life gain trigger thrown into the deal. It’s not going to blow anyone away, but there’s enough useful stuff here that I’m perfectly fine running it.",White,https://mtgazone.com/reality-fracture-fra-limited-set-review-white/,3,https://scryfall.com/card/fra/3/blossom-blessed-angel-seed-suture,https://cards.scryfall.io/normal/front/5/e/5e77fbf0-9d1f-4e7d-a02e-43065d11b0d9.jpg?1789692643,5e77fbf0-9d1f-4e7d-a02e-43065d11b0d9
Campus Crier,Campus Crier,White,W,W,{1}{W},2,Common,Creature — Human Advisor,3,1,,normal,,,,2.0,,"I’m not going to cry about this one not giving you the full card back because you’re already getting a perfectly serviceable two-drop out of the deal.

How good a 3/1 for two is will depend a lot on how many 1/1 dorks your opponent is throwing around, but it definitely has the potential to trade up. It can also squeeze out a little extra value if it gets milled or discarded, which makes it a bit more useful than your average filler creature.",White,https://mtgazone.com/reality-fracture-fra-limited-set-review-white/,4,https://scryfall.com/card/fra/4/campus-crier,https://cards.scryfall.io/normal/front/6/0/6047b14c-91d5-4f8e-af3f-057a541e2546.jpg?1788878120,6047b14c-91d5-4f8e-af3f-057a541e2546
Enlightened Confidant,Enlightened Confidant,White,W,W,{1}{W},2,Mythic,Creature — Kor Cleric,2,1,,normal,,,,3.5,,"The floor on this can’t be too low because, at the end of the day, it’s still a two-power lifelinker for two mana. Granted, that’s fallen a long way from the days when that alone would make people start getting excited.

If you’re behind and don’t have any other way to gain life, that’s basically all you’re getting here.

The reason it earns a 3.5 is the ceiling. If you’re ahead and have other ways to enable it, this can start taking over a game pretty quickly. That puts it right around the value of a strong uncommon: very good, very playable, but not something that’s going to make me slam the table and declare the draft over.",White,https://mtgazone.com/reality-fracture-fra-limited-set-review-white/,5,https://scryfall.com/card/fra/5/enlightened-confidant,https://cards.scryfall.io/normal/front/4/8/483fcc58-cc6e-4452-a696-7b38e117c837.jpg?1788329184,483fcc58-cc6e-4452-a696-7b38e117c837
Fateshaper Aspirant,Fateshaper Aspirant,White,W,W,{4}{W},5,Common,Creature — Rhino Cleric,3,4,,normal,,,,1.5,,"This feels like a card that’s fated to be a one-of in a whole lot of decks.

I actually like most of the things it aspires to do, but five-drops can clog up your hand faster than Taco Bell clogs up…well, you know where this is going.

There are plenty of better uncommons and rares competing for that spot on the curve, so I’m never going to prioritize this. That said, I won’t be too upset when I have to run one.",White,https://mtgazone.com/reality-fracture-fra-limited-set-review-white/,6,https://scryfall.com/card/fra/6/fateshaper-aspirant,https://cards.scryfall.io/normal/front/f/0/f0c8400d-824f-4d79-84bc-7615a0deb831.jpg?1789556683,f0c8400d-824f-4d79-84bc-7615a0deb831
Flickering Hound,Flickering Hound,White,W,W,{3}{W},4,Rare,Creature — Dog,2,2,,normal,,,,3.5,,"Your mileage is going to vary quite a bit on this one. The more ETB effects you have floating around, the more disgusting this gets.

There are going to be games where Flickering Hound plays like a straight-up 5.0 and buries your opponent in value. There are also going to be games where it hits the battlefield, immediately eats a two-mana removal spell, and makes you question some life choices.

The nice part is that it’s technically a build-around without really asking you to build around it. You already want to play good creatures with ETBs, so this mostly rewards you for doing something you were planning to do anyway.",White,https://mtgazone.com/reality-fracture-fra-limited-set-review-white/,7,https://scryfall.com/card/fra/7/flickering-hound,https://cards.scryfall.io/normal/front/6/8/686f3a25-305d-4f02-8972-eba7b8e9635f.jpg?1789470769,686f3a25-305d-4f02-8972-eba7b8e9635f
Generous Revival,Generous Revival,White,W,W,{2}{W},3,Uncommon,Sorcery,,,,normal,,,,2.5,,"How generous this card actually feels is going to depend heavily on how many cheap creatures you have with ETB effects worth bringing back.

Even without any fancy nonsense, it can still be a two-for-one, which is never a bad place to start. The problem is that the second half of the deal is pretty expensive, so apparently generosity has its limits.

There’s enough value here to make the card playable, but I’m going to want the right deck before I get too excited about it.",White,https://mtgazone.com/reality-fracture-fra-limited-set-review-white/,8,https://scryfall.com/card/fra/8/generous-revival,https://cards.scryfall.io/normal/front/f/8/f82f181b-a43b-4cec-b8f6-f6c1dd4c64fd.jpg?1788433351,f82f181b-a43b-4cec-b8f6-f6c1dd4c64fd
Germinate Recruits,Germinate Recruits,White,W,W,{2}{W},3,Rare,Instant,,,,normal,,,,1.0,,"It’s going to take a very specific deck before I’m interested in playing this.

A lot of the life gain cards in the set are handing out life one point at a time specifically to trigger your payoffs, which doesn’t exactly help this get where it wants to go. Maybe you can pair it with some giant lifelinkers and actually get paid off, but at that point it’s starting to sound an awful lot like a win-more scenario.",White,https://mtgazone.com/reality-fracture-fra-limited-set-review-white/,9,https://scryfall.com/card/fra/9/germinate-recruits,https://cards.scryfall.io/normal/front/1/b/1b5d7d19-b32a-4786-ae9a-00da5e6658ad.jpg?1789644810,1b5d7d19-b32a-4786-ae9a-00da5e6658ad
Graft Surgeon,Graft Surgeon,White,W,W,{2}{W},3,Common,Creature — Human Cleric,2,2,,normal,,,,1.5,,"Sometimes an entire review can be summed up in one word.

Meh.

Mid.

Whatever the current term is for, “Yep, that sure is a Magic card.”

There’s nothing offensively bad here, but there’s also absolutely nothing making me care. This will end up in some draft decks, get cut from others, occasionally do something useful, and then vanish from everyone’s memory five minutes after the format ends.

Congratulations, Graft Surgeon. You are officially cardboard.",White,https://mtgazone.com/reality-fracture-fra-limited-set-review-white/,10,https://scryfall.com/card/fra/10/graft-surgeon,https://cards.scryfall.io/normal/front/3/2/32a7a905-11bf-4b66-a28e-1066a0e372b8.jpg?1789644811,32a7a905-11bf-4b66-a28e-1066a0e372b8
Guiding Hydra,Guiding Hydra,White,W,W,{X}{W},1,Rare,Creature — Hydra Horror,1,0,,normal,,,,4.0,,"This can take over a game in a hurry if your deck goes even slightly wide. We’re not talking mega thick here, just having a normal amount of creatures on the battlefield is enough to make this thing get out of hand.

So why am I stopping at a 4.0?

The same old reason: it can hit the battlefield, immediately eat a removal spell, and leave you with absolutely nothing to show for it.

If it survives, though, your opponent is probably going to have a very bad time.",White,https://mtgazone.com/reality-fracture-fra-limited-set-review-white/,11,https://scryfall.com/card/fra/11/guiding-hydra,https://cards.scryfall.io/normal/front/a/5/a53eb840-039d-4c45-b701-d58cb26b1a6c.jpg?1789644816,a53eb840-039d-4c45-b701-d58cb26b1a6c
Hexhaven Battalion,Hexhaven Battalion,White,W,W,{4}{W}{W},6,Common,Sorcery,,,,normal,,,,3.5,,"This might seem a little high at first, but it reminds me quite a bit of a previously underrated card in Imperial Oath.

The slow double surveil isn’t quite on the same level as getting an immediate triple scry, which is part of why I have this rated a little lower. It’s also slightly less splashable, although landcycling helps make up for that by giving you some fixing when you need it.

It’s not flashy, but there’s a lot of quiet value packed into this card, and I think it’s going to play better than it looks.",White,https://mtgazone.com/reality-fracture-fra-limited-set-review-white/,12,https://scryfall.com/card/fra/12/hexhaven-battalion,https://cards.scryfall.io/normal/front/3/b/3b6ac80e-c726-4bd0-893a-e666041a04a6.jpg?1789556695,3b6ac80e-c726-4bd0-893a-e666041a04a6
Kindred Judgment,Kindred Judgment,White,W,W,{5}{W}{W},7,Rare,Sorcery,,,,normal,,,,3.5,,"I’d be all in on this at six mana, but seven is an entirely different ballgame when it comes to sweepers.

It’s also not guaranteed to leave your best creature behind. There are going to be plenty of boards where you have to name a different creature type just to deal with whatever nonsense your opponent has assembled.

Will this cause an impressive number of groans over the course of the format? Absolutely. Will it also spend plenty of games rotting in someone’s hand while they’re getting punched in the face? Also absolutely.

The ceiling is brutal, but seven mana is seven mana.",White,https://mtgazone.com/reality-fracture-fra-limited-set-review-white/,13,https://scryfall.com/card/fra/13/kindred-judgment,https://cards.scryfall.io/normal/front/6/f/6f9f814b-8249-4e48-a05e-4c84060fe6fb.jpg?1789470776,6f9f814b-8249-4e48-a05e-4c84060fe6fb
Loyal Tutor,Loyal Tutor,White,W,W,{W},1,Rare,Instant,,,,normal,,,,1.0,,"I’m usually terrified for my sanity whenever someone starts a sentence with “hear me out.” That said, hear me out on this one…there are actually times I would play it.

I’ve never been a big fan of tutors in Limited, and I’m even lower on ones that only put the card on top of your deck instead of directly into your hand.

There are some REALLY busted planeswalkers in this set, though, so I think it’s totally reasonable to jam this if you have a 5.0 lurking somewhere in your deck. At that point, I’m willing to make an exception.",White,https://mtgazone.com/reality-fracture-fra-limited-set-review-white/,14,https://scryfall.com/card/fra/14/loyal-tutor,https://cards.scryfall.io/normal/front/4/9/490dae91-94ce-42a9-a11f-6c5e77c4e486.jpg?1788878096,490dae91-94ce-42a9-a11f-6c5e77c4e486
Memory Trap,Memory Trap,White,W,W,{2}{W},3,Common,Enchantment,,,,normal,,,,3.0,,"In my memory, this type of card has never really been a trap. Oblivion Rings are going to Oblivion Ring.

This is just a solid removal spell that can hit basically anything on your opponent’s side of the battlefield. There’s not much more you need to ask for out of a card like this, and you’re always going to be happy having a couple of them in your deck.",White,https://mtgazone.com/reality-fracture-fra-limited-set-review-white/,15,https://scryfall.com/card/fra/15/memory-trap,https://cards.scryfall.io/normal/front/2/f/2f5345ae-4489-4d05-b2d5-c71285254f05.jpg?1788866058,2f5345ae-4489-4d05-b2d5-c71285254f05
Predictive Preparations,Predictive Preparations,White,W,W,{1}{W},2,Common,Sorcery,,,,normal,,,,1.5,,"I predict this is going to see more play than it probably should because it reminds people of Travel Preparations.

Sure, this only requires one color, but you’re also paying twice as much to flash it back, which takes a lot of the shine off that comparison.

This feels like the kind of card I end up playing when my deck is kind of bad and my best plan is to pretend I’m the beatdown and hope I can run my opponent over before they start doing something actually powerful.",White,https://mtgazone.com/reality-fracture-fra-limited-set-review-white/,16,https://scryfall.com/card/fra/16/predictive-preparations,https://cards.scryfall.io/normal/front/5/0/50a0e5f0-3c39-4f16-9a73-eec8ef71f12e.jpg?1789556696,50a0e5f0-3c39-4f16-9a73-eec8ef71f12e
Prophesied End,Prophesied End,White,W,W,{1}{W},2,Uncommon,Instant,,,,normal,,,,2.0,,"It doesn’t take a prophecy to see that this is going to end up squarely in the filler removal slot. You aren’t going to prioritize it if you already have a few solid pieces of removal, but it’s not completely embarrassing if you need some interaction.

I’m much more likely to play this in a controlling deck than an aggressive one because giving your opponent an extra card is bad, mmkay.",White,https://mtgazone.com/reality-fracture-fra-limited-set-review-white/,17,https://scryfall.com/card/fra/17/prophesied-end,https://cards.scryfall.io/normal/front/1/f/1f95399a-9766-4f3d-aa6a-ece55e0530d9.jpg?1788951920,1f95399a-9766-4f3d-aa6a-ece55e0530d9
Refute Destiny,Refute Destiny,White,W,W,{1}{W},2,Uncommon,Sorcery,,,,normal,,,,0.5,,"It’s this card’s destiny to end up in the sideboard.

If you’re playing Bo1, this type of narrow answer should almost never make your starting deck. Of course, we all know exactly how this is going to go: someone is going to jam it into their deck without even reading the color restriction, and somehow it’ll line up perfectly to blow out one of my bombs.

That won’t make it good. It’ll just make me annoyed.",White,https://mtgazone.com/reality-fracture-fra-limited-set-review-white/,18,https://scryfall.com/card/fra/18/refute-destiny,https://cards.scryfall.io/normal/front/2/c/2c588954-c6eb-4aae-a2fa-0651ccf2d90a.jpg?1789470778,2c588954-c6eb-4aae-a2fa-0651ccf2d90a
Repurposed Enforcer,Repurposed Enforcer,White,W,W,{1}{W},2,Rare,Creature — Human Soldier,3,2,,normal,,,,3.5,,"I actually think this is closer to a 3.25 than a 3.5, but I rounded up because I felt bad for him having to go through life like that.

There are definitely games where this comes down on turn two and lets you squeeze a pile of value out of it. The catch is that you really need the right combination of other creatures and removal spells around it to maximize that upside.

There are also going to be games where it feels pretty disappointing. It doesn’t do much when you’re on the back foot, and it gets significantly worse when it’s left trying to do everything on its own.",White,https://mtgazone.com/reality-fracture-fra-limited-set-review-white/,19,https://scryfall.com/card/fra/19/repurposed-enforcer,https://cards.scryfall.io/normal/front/3/5/35000e93-85d3-44f8-976a-5918ee4c71e0.jpg?1788878108,35000e93-85d3-44f8-976a-5918ee4c71e0
Return to the Light Realms,Return to the Light Realms,White,W,W,{7}{W}{W},9,Mythic,Sorcery,,,,normal,,,,1.0,,"This costs nine freaking mana and doesn’t outright win the game when it resolves. That makes it very tempting to give it the old 0.0 and move on with my life.

My argument for the 1.0 is that there are going to be some decks that actually want this, especially out of the sideboard in slower matchups. The other nice thing is that so few decks will even consider playing it that, if you do want one, you should be able to pick it up pretty late whenever it gets opened at your table.",White,https://mtgazone.com/reality-fracture-fra-limited-set-review-white/,20,https://scryfall.com/card/fra/20/return-to-the-light-realms,https://cards.scryfall.io/normal/front/9/e/9e72f397-2384-40f1-882b-f627664d97df.jpg?1788878107,9e72f397-2384-40f1-882b-f627664d97df
Shatterwing Pegasus,Shatterwing Pegasus,White,W,W,{2}{W},3,Common,Creature — Pegasus,2,3,,normal,,,,2.0,,"Five mana to pump your team is a pretty significant step down from the four-mana version we just had on Dwarven Provisioner, and that card was already considered extremely meh. That was also in a format where going wide was much easier, and the effect came stapled to a two-drop.

We’re also a long way removed from the days when a two-power flyer for three mana was considered a good rate.

I’m not completely out on this, but I’m going to be pretty unhappy if I have to play more than one.",White,https://mtgazone.com/reality-fracture-fra-limited-set-review-white/,21,https://scryfall.com/card/fra/21/shatterwing-pegasus,https://cards.scryfall.io/normal/front/e/2/e29095de-59ec-4562-ba8e-73f952e457ae.jpg?1789385580,e29095de-59ec-4562-ba8e-73f952e457ae
Surgical Precision,Surgical Precision,White,W,W,{1}{W},2,Common,Sorcery,,,,normal,,,,2.5,,"We all remember Murdock's Crusade being a massive overperformer in Marvel Super Heroes. I don’t think this is going to be quite as good because this format doesn’t have Power Up making it much easier to guarantee you have a target.

That said, getting to kill their biggest creature while also triggering some life gain can create a ridiculous swing in the game. It even has the nice fallback of basically being able to “cycle” for two mana while tossing in a couple points of life.

The ceiling is high enough that I’m happy to play it, even if it’s a little less reliable than its predecessor.",White,https://mtgazone.com/reality-fracture-fra-limited-set-review-white/,22,https://scryfall.com/card/fra/22/surgical-precision,https://cards.scryfall.io/normal/front/d/3/d3acf176-ef02-4729-88c4-0f0dfbfdada4.jpg?1789385570,d3acf176-ef02-4729-88c4-0f0dfbfdada4
Unflinching Hortimancer,Unflinching Hortimancer,White,W,W,{1}{W},2,Common,Creature — Human Cleric,2,1,,normal,,,,2.0,,"Don’t flinch when it comes to taking this if you’re in the life gain deck. It can be a pretty important piece there, even if it takes a couple of triggers before it really starts doing anything impressive.

The nice part is that you probably won’t have to fight too hard for it. Outside of that specific shell, this is mostly just filler, which should let you pick it up later than the life gain deck actually values it.",White,https://mtgazone.com/reality-fracture-fra-limited-set-review-white/,23,https://scryfall.com/card/fra/23/unflinching-hortimancer,https://cards.scryfall.io/normal/front/6/3/63f82985-c9c2-4d0a-ac4f-560166bebd9f.jpg?1789556741,63f82985-c9c2-4d0a-ac4f-560166bebd9f
Your Fate Ends Here,Your Fate Ends Here,White,W,W,{2}{W},3,Uncommon,Instant,,,,normal,,,,3.5,,"Let’s be honest here: how often are you really pointing a three-mana removal spell at something that costs less than three? Not very.

That means this is basically Murder with upside. It can also hit planeswalkers, and you get a surveil tossed in for good measure.",White,https://mtgazone.com/reality-fracture-fra-limited-set-review-white/,24,https://scryfall.com/card/fra/24/your-fate-ends-here,https://cards.scryfall.io/normal/front/2/5/25000a17-b701-4d69-b2ef-2c74029199d3.jpg?1789729751,25000a17-b701-4d69-b2ef-2c74029199d3
Countersculpt,Countersculpt,Blue,U,U,{U}{U},2,Uncommon,Instant,,,,normal,,,,3.0,,"The times this is straight-up better than Counterspell are going to feel insane. The times it’s basically a better Cancel will be merely fine.

That said, I love when small bonuses get stapled onto a card that was already hovering around playability. Getting both the possible cost reduction and the Empower Jace upside pushes this from something I’d tolerate into something I’m actively happy to play.",Blue,https://mtgazone.com/reality-fracture-fra-limited-set-review-blue/,25,https://scryfall.com/card/fra/25/countersculpt,https://cards.scryfall.io/normal/front/1/4/145b928d-a7ff-4fe5-ae4d-bbae7b1d955b.jpg?1788878107,145b928d-a7ff-4fe5-ae4d-bbae7b1d955b
Cruel Calculations,Cruel Calculations,Blue,U,U,{2}{U},3,Rare,Sorcery,,,,normal,,,,0.5,,"Most of the time, this is a stone-cold nothing for three mana, which makes me incredibly wary of putting it anywhere near my deck.

There are a few self-mill effects that can help enable it and squeeze a little more value out of the card, but the juice just isn’t worth the squeeze. My calculations say this should almost never be anywhere near your starting 40.",Blue,https://mtgazone.com/reality-fracture-fra-limited-set-review-blue/,26,https://scryfall.com/card/fra/26/cruel-calculations,https://cards.scryfall.io/normal/front/f/7/f76c4d8e-3e1f-4264-99af-1b8adb9a06be.jpg?1789127482,f76c4d8e-3e1f-4264-99af-1b8adb9a06be
Cryotheory Adept,Cryotheory Adept,Blue,U,U,{1}{U},2,Common,Creature — Human Wizard,2,1,,normal,,,,1.5,,"This would be significantly better with just one extra point of toughness. Starting at one makes it really difficult to protect this while also using your spells somewhere else, which is exactly where you’d like to be getting value from it.

I do like the potential graveyard value, though. Being able to squeeze something extra out of it later keeps it from being a total dud, even if that part is a little pricey.",Blue,https://mtgazone.com/reality-fracture-fra-limited-set-review-blue/,27,https://scryfall.com/card/fra/27/cryotheory-adept,https://cards.scryfall.io/normal/front/9/b/9ba1f7ce-3404-4932-9795-22967707f762.jpg?1789556701,9ba1f7ce-3404-4932-9795-22967707f762
Diviner of Victory // Unwind History,Diviner of Victory,Blue,U,U,{U},1,Rare,Creature — Dwarf Wizard,1,1,,prepare,Unwind History,{1}{U},Sorcery,2.5,,"This card feels so close to being great, but it comes up just a little short on almost every path.

It’s sort of a Man-o'-War, but it’s limited to creatures with mana value three or less while also costing double blue if you don’t pay in installments. It’s only a 1/1 on its own, even if it does have the potential to grow, and you can’t even bounce your own creatures to squeeze out some extra value.

That leaves you with a card I’ll happily play if I’m already in the colors, but it’s not something I’m going to get overly excited about.",Blue,https://mtgazone.com/reality-fracture-fra-limited-set-review-blue/,28,https://scryfall.com/card/fra/28/diviner-of-victory-unwind-history,https://cards.scryfall.io/normal/front/0/8/0853bb80-8664-432a-8457-600139fd96d5.jpg?1788878145,0853bb80-8664-432a-8457-600139fd96d5
Divining Duelist,Divining Duelist,Blue,U,U,{2}{U},3,Common,Creature — Merfolk Wizard,3,2,,normal,,,,2.0,,"I’m usually pretty low on three-mana creatures with only two toughness because that’s a great way to spend three mana just to have your opponent trade up on mana with a cheaper creature.

None of the three abilities here are especially exciting on their own, but the modality does add some real value. The biggest perk is being able to hold up a counterspell and then drop this if your opponent decides not to give you anything worth countering.

It’s not flashy, but flexibility goes a long way toward making mediocre effects add up to a perfectly acceptable card.",Blue,https://mtgazone.com/reality-fracture-fra-limited-set-review-blue/,29,https://scryfall.com/card/fra/29/divining-duelist,https://cards.scryfall.io/normal/front/9/6/960c7335-331d-488b-be68-2ad1c1c695dc.jpg?1789556709,960c7335-331d-488b-be68-2ad1c1c695dc
Icy Reception,Icy Reception,Blue,U,U,{1}{U},2,Common,Instant,,,,normal,,,,2.0,,"I really want to love this card because a cheap creature counterspell that can also double as a combat trick for only two mana sounds great.

The problem is that there are going to be plenty of spots where you desperately wish this were just an Essence Scatter or, better yet, a Mana Leak. A guy can dream, right?

This should do some solid work in the early game, but it gets considerably worse as the game goes long. Better players are also going to start sequencing around it once they know it exists, which makes it even harder to get full value.

Useful, flexible, and cheap—but definitely not something I want to rely on as my primary interaction.",Blue,https://mtgazone.com/reality-fracture-fra-limited-set-review-blue/,30,https://scryfall.com/card/fra/30/icy-reception,https://cards.scryfall.io/normal/front/8/d/8d754b96-5e44-45af-9c7a-b0da59fbe4c3.jpg?1788779540,8d754b96-5e44-45af-9c7a-b0da59fbe4c3
Infinite Coursework,Infinite Coursework,Blue,U,U,{2}{U},3,Common,Enchantment — Aura,,,,normal,,,,2.5,,"Infinite Coursework sounds like one of the creative punishment divisions in hell. Granted, it goes on your opponent’s creature, so that’s their problem to deal with.

This style of removal has gotten noticeably better now that these effects tend to shut off abilities instead of just keeping the creature tapped. At three mana, this ends up feeling a lot like a less versatile Oblivion Ring.

It’s not flashy, but it’s efficient enough that I’m going to be perfectly happy playing it.",Blue,https://mtgazone.com/reality-fracture-fra-limited-set-review-blue/,31,https://scryfall.com/card/fra/31/infinite-coursework,https://cards.scryfall.io/normal/front/a/5/a5988272-faaa-463d-a0a1-a8e96b946bad.jpg?1789385916,a5988272-faaa-463d-a0a1-a8e96b946bad
Jace's Machinations,Jace's Machinations,Blue,U,U,{2}{U},3,Rare,Instant,,,,normal,,,,2.5,,"This should usually play out like an instant-speed Divination with some upside. You can cast it on your opponent’s end step, draw a card, untap, draw again, and still have two counters left over.

That’s already a really solid rate, but there’s also some extra room to get cute with it if you have any of the cards that add abilities to a Jace planeswalker.

Even without doing anything fancy, I’m perfectly happy with the baseline here.",Blue,https://mtgazone.com/reality-fracture-fra-limited-set-review-blue/,32,https://scryfall.com/card/fra/32/jaces-machinations,https://cards.scryfall.io/normal/front/2/8/282588b9-3656-453b-aa25-2419e078ddc1.jpg?1788878150,282588b9-3656-453b-aa25-2419e078ddc1
Mindseeker Oculus,Mindseeker Oculus,Blue,U,U,{2}{U},3,Common,Creature — Homunculus,2,1,,normal,,,,3.0,,"I do love me some creatures with card advantage built in so I’ll definitely be seeking these out in draft.

You can immediately cash this in for a card and still have a surveil waiting for you on the next turn. That’s a pretty nice pile of value before you even start considering whatever other synergies your deck might have.",Blue,https://mtgazone.com/reality-fracture-fra-limited-set-review-blue/,33,https://scryfall.com/card/fra/33/mindseeker-oculus,https://cards.scryfall.io/normal/front/f/5/f5324741-353a-4a70-adb2-b631b00806dd.jpg?1789556707,f5324741-353a-4a70-adb2-b631b00806dd
Perfected Theory,Perfected Theory,Blue,U,U,{U},1,Uncommon,Instant,,,,normal,,,,2.0,,"In theory, this feels like removal. Unfortunately, the plan is far from perfect.

Outside of combat, it’s not doing much of anything, and using it can leave you wide open to getting blown out if your opponent has the right response. That’s a pretty big downside for something you’d like to rely on as interaction.

Still, it only costs one mana, and cheap combat tricks have a habit of overperforming in Limited.

I’m not excited to play it, but I’m also not going to be shocked when it causes a few blowouts of its own.",Blue,https://mtgazone.com/reality-fracture-fra-limited-set-review-blue/,34,https://scryfall.com/card/fra/34/perfected-theory,https://cards.scryfall.io/normal/front/d/0/d0ecae06-bc5a-4886-84df-c2900816f226.jpg?1788329222,d0ecae06-bc5a-4886-84df-c2900816f226
Plan for All Outcomes,Plan for All Outcomes,Blue,U,U,{3}{U},4,Uncommon,Enchantment,,,,normal,,,,3.0,,"The going rate for an Uneasy Partings effect is right around four mana these days, with the real value coming from whatever extra goodies get stapled onto it.

You give up instant speed here, but in exchange you get to Empower Jace every turn as long as you keep casting noncreature spells. That can add up to a pretty ridiculous amount of value if your deck is built to keep the triggers flowing.

Seems like a pretty solid plan for most outcomes.",Blue,https://mtgazone.com/reality-fracture-fra-limited-set-review-blue/,35,https://scryfall.com/card/fra/35/plan-for-all-outcomes,https://cards.scryfall.io/normal/front/c/4/c4effc17-0d0e-423a-b5f2-597ea6c71f67.jpg?1789576786,c4effc17-0d0e-423a-b5f2-597ea6c71f67
Precise Redaction,Precise Redaction,Blue,U,U,{1}{U},2,Uncommon,Instant,,,,normal,,,,0.5,,"This should be in precisely zero of your starting decks.

I do appreciate seeing some old-school color hosers show up as sideboard options, but that’s exactly where this belongs. You do not want to be staring at this rotting in your hand while your opponent is over there playing Gruul and wondering why you voluntarily registered a blank piece of cardboard.

Bring it in when the matchup calls for it. Otherwise, leave it parked on the bench.",Blue,https://mtgazone.com/reality-fracture-fra-limited-set-review-blue/,36,https://scryfall.com/card/fra/36/precise-redaction,https://cards.scryfall.io/normal/front/9/2/9244efad-35ab-45c0-b173-4bc68276cb67.jpg?1789470790,9244efad-35ab-45c0-b173-4bc68276cb67
Protege's Awakening,Protege's Awakening,Blue,U,U,{3}{U},4,Common,Sorcery,,,,normal,,,,2.0,,"This is three cards for four mana, which is still a pretty solid deal even by today’s standards. Inflation, am I right? Or power creep. Whatever term you want to use.

The problem is that you only get two of those cards up front, and the last one creates a bit of a logjam with any other Empower Jace abilities you’re trying to activate.

The raw value is definitely there, but the delayed payoff keeps it from being something I’m especially excited about.",Blue,https://mtgazone.com/reality-fracture-fra-limited-set-review-blue/,37,https://scryfall.com/card/fra/37/proteges-awakening,https://cards.scryfall.io/normal/front/a/0/a08c7ec2-4c6a-4db2-85a7-41afe8731523.jpg?1788878176,a08c7ec2-4c6a-4db2-85a7-41afe8731523
Seasoned Cryomancer,Seasoned Cryomancer,Blue,U,U,{1}{U}{U},3,Mythic,Creature — Human Wizard,2,2,,normal,,,,4.0,,"“Seasoned” sure is a polite way of saying old, but in this case I think we can also let it mean spicy.

You can’t pull the same empty-handed nonsense that made Seasoned Pyromancer so absurd, but there’s still a ton going on here. You get to loot away whatever garbage you don’t need and toss around some stun counters.

The real juice is getting extra cards out of the graveyard. Whether this dies, gets milled, or somehow ends up down there through other shenanigans, there’s still value waiting for you.

That’s a whole lot of card for something that apparently just means “old.”",Blue,https://mtgazone.com/reality-fracture-fra-limited-set-review-blue/,38,https://scryfall.com/card/fra/38/seasoned-cryomancer,https://cards.scryfall.io/normal/front/5/1/51d86875-420d-4e82-b69c-4feeb99c9428.jpg?1789470781,51d86875-420d-4e82-b69c-4feeb99c9428
Semester Foreseer // Peer Review,Semester Foreseer,Blue,U,WU,{3}{U},4,Common,Creature — Human Wizard,3,4,,prepare,Peer Review,{2}{W/U},Sorcery,2.0,,"I don’t foresee wanting to play very many copies of this, but I’m perfectly fine with the first one even if the price is a little higher than I’d like.

It feels like it costs about one mana too much, but that becomes a lot more acceptable when you’re getting both effects bundled together. It’s solid value, just not something I want clogging up my deck in multiples.",Blue,https://mtgazone.com/reality-fracture-fra-limited-set-review-blue/,39,https://scryfall.com/card/fra/39/semester-foreseer-peer-review,https://cards.scryfall.io/normal/front/7/e/7e5a640b-fd88-4b5a-9dfc-1d8f5a5cef41.jpg?1789127516,7e5a640b-fd88-4b5a-9dfc-1d8f5a5cef41
Sphinx of False Conclusions,Sphinx of False Conclusions,Blue,U,U,{2}{U}{U},4,Rare,Creature — Sphinx Illusion,4,2,,normal,,,,4.0,,"I hope my conclusions about this one are true because I think the card is even better than it reads.

An instant-speed four-power flyer for four mana that loots when it attacks would already be a really good card. The fact that your opponent has to deal with this thing twice pushes it into bomb territory unless they have something like Infinite Coursework or Memory Trap that can shut it down without actually killing it.",Blue,https://mtgazone.com/reality-fracture-fra-limited-set-review-blue/,40,https://scryfall.com/card/fra/40/sphinx-of-false-conclusions,https://cards.scryfall.io/normal/front/0/8/08ffbd51-2bd3-4262-8809-09576ce2b6f5.jpg?1789385594,08ffbd51-2bd3-4262-8809-09576ce2b6f5
Sphinx's Approach,Sphinx's Approach,Blue,U,U,{1}{U}{U},3,Common,Instant,,,,normal,,,,1.5,,"The whole “cast five of these” thing is absurd and should basically be ignored. First, you’d have to put at least five copies of this card in your deck. Then you’d need a Sphinx worth all that nonsense. It’s not happening.

This becomes a lot more palatable if you just approach it as an instant-speed Divination. That’s a perfectly reasonable effect, but requiring double blue makes it noticeably more awkward to cast.

That extra pip is enough to knock it down at least half a point for me.",Blue,https://mtgazone.com/reality-fracture-fra-limited-set-review-blue/,41,https://scryfall.com/card/fra/41/sphinxs-approach,https://cards.scryfall.io/normal/front/f/4/f49be090-c745-40e5-bc1c-605b8d98acdf.jpg?1789644816,f49be090-c745-40e5-bc1c-605b8d98acdf
Surveillance Phantasm,Surveillance Phantasm,Blue,U,U,{1}{U},2,Common,Creature — Bird Illusion,2,3,,normal,,,,2.0,,"It used to be a tradition for blue to get a slightly overstatted two-drop with defender in almost every set. Usually, it could attack once you jumped through whatever hoop the card asked for. Most of those ended up being curve filler that was pretty easy to cut.

So why do I have this one a little higher? The first reason is flying. That lets it peck in for damage while still holding back on defense thanks to vigilance, and it can also help block opposing small flyers.

The second reason is that it can trigger itself with a reasonably costed mana sink that also happens to enable a bunch of other cards in the set. Mana sinks aren’t quite as valuable as they used to be, but having one is still a nice bonus.",Blue,https://mtgazone.com/reality-fracture-fra-limited-set-review-blue/,42,https://scryfall.com/card/fra/42/surveillance-phantasm,https://cards.scryfall.io/normal/front/9/d/9df8a06d-c7de-49af-8c01-06dca3dfef4b.jpg?1789385597,9df8a06d-c7de-49af-8c01-06dca3dfef4b
"The Theorist, Jace Beleren","The Theorist, Jace Beleren",Blue,U,U,{2}{U}{U},4,Mythic,Legendary Planeswalker — Jace,,,3,normal,,,,5.0,,"It’s his set, so of course Jace was going to make himself completely ridiculous.

He can protect himself in two different ways without forcing you to choose between staying alive and generating card advantage, which is usually the little detail that keeps planeswalkers from becoming completely obnoxious.

Apparently Jace didn’t get that memo.

The ultimate isn’t even that far out of reach, so if your opponent can’t deal with him immediately, things are going to spiral out of control very quickly.

I don’t know what else to tell you. This is a busted Limited card.",Blue,https://mtgazone.com/reality-fracture-fra-limited-set-review-blue/,43,https://scryfall.com/card/fra/43/the-theorist-jace-beleren,https://cards.scryfall.io/normal/front/2/0/20bb8c55-4b0b-425f-8201-b54fa2fdde86.jpg?1788329228,20bb8c55-4b0b-425f-8201-b54fa2fdde86
Theorist's Proxy,Theorist's Proxy,Blue,U,U,{1}{U},2,Rare,Creature — Illusion,0,3,,normal,,,,2.5,,"I’m sure there will be a few times throughout the set’s existence where the ability actually matters. It’s just not going to happen often enough for me to factor it heavily into the grade.

What I’m really basing this on is the theory that a two-mana 0/3 that basically draws a card when it enters the battlefield is pretty good.

Sometimes you don’t need anything fancy. Solid value is solid value.",Blue,https://mtgazone.com/reality-fracture-fra-limited-set-review-blue/,44,https://scryfall.com/card/fra/44/theorists-proxy,https://cards.scryfall.io/normal/front/7/1/710302ca-c4be-4069-8ce1-f531414c74e9.jpg?1788878151,710302ca-c4be-4069-8ce1-f531414c74e9
Undulating Witness,Undulating Witness,Blue,U,U,{4}{U},5,Common,Creature — Serpent,3,5,,normal,,,,2.0,,"The card itself feels like pretty underwhelming curve filler. You usually have your pick of several mediocre options at five mana, and this one doesn’t exactly jump off the page.

What makes it perfectly whelming—Young Justice reference for those of you with ball knowledge—is the basic landcycling.

That little bit of flexibility goes a long way. Early on, it can help fix your mana or make sure you hit your land drops, and later it can still function as a perfectly acceptable body.

Not exciting, but definitely useful enough to make the cut.",Blue,https://mtgazone.com/reality-fracture-fra-limited-set-review-blue/,45,https://scryfall.com/card/fra/45/undulating-witness,https://cards.scryfall.io/normal/front/0/a/0adbb4b2-a142-48da-8f4b-fa91529dbac4.jpg?1789556706,0adbb4b2-a142-48da-8f4b-fa91529dbac4
Unsummon,Unsummon,Blue,U,U,{U},1,Common,Instant,,,,normal,,,,2.0,,"Ermahgerd, a nonbasic land card from Alpha showing up in a 2026 set.

We’ve gotten about a billion variations on Unsummon over the years, but sometimes it’s best to just go old school. Sure, you’re technically going down a card, but one mana to protect your creature, blow out a combat trick, or just completely wreck your opponent’s tempo is still a bargain.

Sometimes the classics don’t need fixing.",Blue,https://mtgazone.com/reality-fracture-fra-limited-set-review-blue/,46,https://scryfall.com/card/fra/46/unsummon,https://cards.scryfall.io/normal/front/d/d/ddad9f16-52d5-49de-82b0-b1a5294a9c44.jpg?1789556722,ddad9f16-52d5-49de-82b0-b1a5294a9c44
Variable Chaser // Arc of Fortune,Variable Chaser,Blue,U,U,{2}{U},3,Rare,Creature — Human Wizard,2,3,,prepare,Arc of Fortune,{2}{U},Sorcery,2.0,,"A 2/3 flyer for three mana isn’t much more than low-end curve filler these days.

The wheel effect needs a whole lot to go right before it becomes especially relevant. It’s symmetrical, which makes it even harder to really abuse, and this isn’t Cube where you’re setting up some ridiculous combo turn and cackling like a supervillain.

There’s just enough upside here to keep it above a 1.5, but most of the time you’re drafting this because you need a flyer, not because you’re planning to live the wheel dream.",Blue,https://mtgazone.com/reality-fracture-fra-limited-set-review-blue/,47,https://scryfall.com/card/fra/47/variable-chaser-arc-of-fortune,https://cards.scryfall.io/normal/front/e/3/e3afedb1-bf9d-4e31-9700-433514cc29b1.jpg?1789470807,e3afedb1-bf9d-4e31-9700-433514cc29b1
Apex Witchstalker,Apex Witchstalker,Black,B,B,{4}{B}{B},6,Common,Creature — Wolf,6,4,,normal,,,,2.0,,"This is another mediocre piece of top-end curve filler that becomes playable mostly because basic landcycling bails it out.

It obviously gets a little better in a deck packed with life gain triggers, where the extra life can actually matter instead of just being decorative text.

Still, this isn’t something I’m going out of my way to stalk down in a draft.",Black,https://mtgazone.com/reality-fracture-fra-limited-set-review-black/,48,https://scryfall.com/card/fra/48/apex-witchstalker,https://cards.scryfall.io/normal/front/c/d/cd56f047-6bdc-4e83-8a7c-923ebad26302.jpg?1789556710,cd56f047-6bdc-4e83-8a7c-923ebad26302
Bloodline Recollector // Ancestral Craving,Bloodline Recollector,Black,B,B,{1}{B},2,Mythic,Creature — Vampire Warlock,2,2,,prepare,Ancestral Craving,{B},Instant,3.5,,"The only thing I’ll be recollecting is all the times I got excited about opening a mythic, only to realize it was this one.

Don’t get me wrong, if you manage to get even one cast off this, it goes from being a generic Grizzly Bears to generating some absolutely ridiculous value.

The problem is that they come unprepared, and fixing that is going to take some actual work. By far the easiest way is to make a few trades in combat, then slam this post-combat so you can pop it off on the end step.

When everything lines up, this can be fantastic. The issue is that when you’re behind, drawing a two-mana bear is usually about the last thing you want to see, which puts a pretty firm ceiling on its overall grade.",Black,https://mtgazone.com/reality-fracture-fra-limited-set-review-black/,49,https://scryfall.com/card/fra/49/bloodline-recollector-ancestral-craving,https://cards.scryfall.io/normal/front/4/f/4fcc913e-f736-460a-b24b-022fa2e861b9.jpg?1788329264,4fcc913e-f736-460a-b24b-022fa2e861b9
Break Under Pressure,Break Under Pressure,Black,B,B,{2}{B},3,Uncommon,Instant,,,,normal,,,,3.0,,"While this won’t always hit the exact target you want, it is at least guaranteed to take out the most expensive thing they have. Most of the time, that’s going to line up pretty well with what you wanted to kill anyway.

The baseline is already solid removal, but if you’re in a deck that cares about life gain triggers, I’d bump this up a bit. At that point, you’re getting interaction while also helping turn on the rest of your deck.",Black,https://mtgazone.com/reality-fracture-fra-limited-set-review-black/,50,https://scryfall.com/card/fra/50/break-under-pressure,https://cards.scryfall.io/normal/front/4/6/46974d94-e900-43e4-92b5-4fb9b9f7cf46.jpg?1789385622,46974d94-e900-43e4-92b5-4fb9b9f7cf46
Cast Away Doubt,Cast Away Doubt,Black,B,B,{2}{B},3,Common,Sorcery,,,,normal,,,,1.5,,"Here’s the problem: aggressive decks usually don’t often want to take a turn off just to gain a little card advantage, while control decks usually don’t want to keep taking damage while they’re desperately trying to stabilize. It does at least provide a little extra reach for the aggressive decks.

That leaves Cast Away Doubt in a bit of an awkward middle ground and seriously limits how many copies you’re going to want. Still, I have no doubt that I’ll be casting exactly one of these in plenty of decks.",Black,https://mtgazone.com/reality-fracture-fra-limited-set-review-black/,51,https://scryfall.com/card/fra/51/cast-away-doubt,https://cards.scryfall.io/normal/front/3/b/3b5b28a4-0abd-4dc2-9856-c9a8d27f6a2d.jpg?1788353191,3b5b28a4-0abd-4dc2-9856-c9a8d27f6a2d
Dark Matter Manipulator,Dark Matter Manipulator,Black,B,B,{B},1,Rare,Creature — Human Warlock,1,2,,normal,,,,2.0,,"There’s some real upside here in the right deck, but you almost definitely don’t want to just toss this into a random pile and hope for the best.

Even having a few other mill cards isn’t enough to get me especially interested. What I really want are multiple cards that actually turn the graveyard into value, like Gallia, Tragic Host.

If your deck is built to take advantage of the cards you’re milling, this can do some work. If not, you can do better.",Black,https://mtgazone.com/reality-fracture-fra-limited-set-review-black/,52,https://scryfall.com/card/fra/52/dark-matter-manipulator,https://cards.scryfall.io/normal/front/4/e/4ec912d5-cbe7-4d07-9ece-b03ac02d3055.jpg?1789385959,4ec912d5-cbe7-4d07-9ece-b03ac02d3055
Darklight Phoenix,Darklight Phoenix,Black,B,B,{3}{B},4,Mythic,Creature — Phoenix,3,2,,normal,,,,2.5,,"You definitely want to be playing Silence the Echo if this is in your deck. That’s by far the cleanest way to make sure two creatures die before combat and turn the Phoenix back on. Otherwise, you’re going to have to get a little creative.

If your deck can reliably bring it back, there’s some real value here. If you don’t think that’s happening very often, though, then you’re basically drafting a hasty Snapping Drake.",Black,https://mtgazone.com/reality-fracture-fra-limited-set-review-black/,53,https://scryfall.com/card/fra/53/darklight-phoenix,https://cards.scryfall.io/normal/front/e/c/ec454979-3839-4be3-a34a-9d25482948ba.jpg?1789470810,ec454979-3839-4be3-a34a-9d25482948ba
Extended Absence,Extended Absence,Black,B,B,{3}{B},4,Common,Instant,,,,normal,,,,3.5,,"This is exactly the kind of card that would have easily been the best common in a set five years ago. It’s still a top common now, but four-mana removal is a little harder to justify loading up on these days.

A clean exile effect that also hits planeswalkers is already great, and the bonus drain is just gravy. If your deck cares about life gain triggers or dealing noncombat damage, that little extra value matters even more.

I might not want a fistful of them, but I’ll still be taking these early.",Black,https://mtgazone.com/reality-fracture-fra-limited-set-review-black/,54,https://scryfall.com/card/fra/54/extended-absence,https://cards.scryfall.io/normal/front/e/b/eb4b6ed8-782e-4473-abc9-d50bf2275c6a.jpg?1789556713,eb4b6ed8-782e-4473-abc9-d50bf2275c6a
Extrapolate the Impossible,Extrapolate the Impossible,Black,B,B,{1}{B},2,Rare,Sorcery,,,,normal,,,,0.5,,"This isn’t entirely impossible to play, but it’s getting dangerously close.

I know it looks like some weird Demonic Tutor where your opponent has to choose the lesser of two evils, but that’s just not going to play nearly as well in Limited as it sounds.

Most of the time, all of your actually good cards are already in your deck, so you probably don’t have two generically strong options sitting in the sideboard waiting to be fetched. Even when you do, you’re still paying two mana just to put one of them into your hand.

You can’t even grab two copies of the same card, so trying to use this as mana fixing gets awkward too. If you show them two different lands, they can just hand you the one you already have.

This is a whole lot of work to end up with a card (and not even the best one) you probably should have just put in your deck over this to begin with.",Black,https://mtgazone.com/reality-fracture-fra-limited-set-review-black/,55,https://scryfall.com/card/fra/55/extrapolate-the-impossible,https://cards.scryfall.io/normal/front/1/7/17fb6538-493c-41aa-ad13-3e63d3ad3317.jpg?1789729624,17fb6538-493c-41aa-ad13-3e63d3ad3317
Last Gasp,Last Gasp,Black,B,B,{1}{B},2,Common,Instant,,,,normal,,,,3.0,,"Last Gasp has made plenty of appearances over the years, and it’s never really been disappointing.

It’s cheap, efficient removal that can cleanly answer smaller creatures while still doubling as a combat trick against bigger monsters. There’s not much more you can ask for out of a two-mana common.",Black,https://mtgazone.com/reality-fracture-fra-limited-set-review-black/,56,https://scryfall.com/card/fra/56/last-gasp,https://cards.scryfall.io/normal/front/2/3/2381d123-d8c7-4822-98fe-b1c365beb5ed.jpg?1789127524,2381d123-d8c7-4822-98fe-b1c365beb5ed
Lich's Relic,Lich's Relic,Black,B,B,{B},1,Rare,Artifact — Equipment,,,,normal,,,,4.0,,"Remember Crude Bent Blade? This is basically that card after somebody decided it needed a massive upgrade.

Getting to actually target the creature instead of letting your opponent choose what to sacrifice is a gigantic swing in the right direction. You’re no longer politely asking them to hand over their worst creature—you get to point at the thing ruining your day and make it disappear.

You even have the option to just play this cheaply when all you care about is the Equipment. That mode probably matters a lot more in Constructed against creatureless decks, but I’m never going to complain about having extra options.",Black,https://mtgazone.com/reality-fracture-fra-limited-set-review-black/,57,https://scryfall.com/card/fra/57/lichs-relic,https://cards.scryfall.io/normal/front/b/1/b105511d-5022-4a84-b6ce-4bb433e93a62.jpg?1789644819,b105511d-5022-4a84-b6ce-4bb433e93a62
Multiply by Zero,Multiply by Zero,Black,B,B,{1}{B},2,Uncommon,Instant,,,,normal,,,,3.5,,"First off, I’m mildly disappointed this card isn’t atrocious so I could give Multiply by Zero the only truly appropriate grade: 0.0.

Unfortunately, they had to go and make it good.

This is awfully close to the 4.0 range because a two-mana instant that can kill basically anything is just that damn efficient. The only thing really holding it back is the restriction against creatures with counters, which is going to matter just often enough to keep me from pushing it higher.

Still, two mana to make something disappear is a rate I’m taking very early.",Black,https://mtgazone.com/reality-fracture-fra-limited-set-review-black/,58,https://scryfall.com/card/fra/58/multiply-by-zero,https://cards.scryfall.io/normal/front/9/0/90d684a4-9639-4792-8760-2011a7a85370.jpg?1789644823,90d684a4-9639-4792-8760-2011a7a85370
Overwrite the Multiverse,Overwrite the Multiverse,Black,B,B,{4}{B}{B},6,Mythic,Sorcery,,,,normal,,,,4.0,,"I might be a little lower on this than some other people. Don’t get me wrong, I’m still slamming it P1P1. I think it’s great—I just don’t think it belongs in the absolute top tier of bombs you can open. This was obviously designed to be a twisted version of Sunfall, but let me tell you: this is no Sunfall.

There’s a huge difference between a five-mana and a six-mana sweeper, especially when it comes to your ability to bait someone into overcommitting to the board. It also conveniently misses planeswalkers, which matters quite a bit in a set with plenty of them. Flavor-wise, it honestly feels like it should wipe those out too.

The Empower Jace upside is basically just gravy on top. You’re never going to complain about drawing a couple of extra cards after resetting the board.",Black,https://mtgazone.com/reality-fracture-fra-limited-set-review-black/,59,https://scryfall.com/card/fra/59/overwrite-the-multiverse,https://cards.scryfall.io/normal/front/c/4/c4554f5b-791b-48f6-bf54-ad28699e1beb.jpg?1788952080,c4554f5b-791b-48f6-bf54-ad28699e1beb
Rampart Hunter,Rampart Hunter,Black,B,B,{3}{B},4,Common,Creature — Horror,3,3,,normal,,,,1.5,,"The ability seems like it would be at its best in either an extremely aggressive deck or one loaded with massive tramplers.

The problem is that neither of those decks is going to be especially excited about playing a Hill Giant just to get that little bit of upside. The ability has some use, but the body is simply too mediocre for me to get excited about it.",Black,https://mtgazone.com/reality-fracture-fra-limited-set-review-black/,60,https://scryfall.com/card/fra/60/rampart-hunter,https://cards.scryfall.io/normal/front/f/4/f4a80225-7459-4151-86bb-8fdea31c39a6.jpg?1789127211,f4a80225-7459-4151-86bb-8fdea31c39a6
Rank Rat,Rank Rat,Black,B,B,{1}{B},2,Common,Creature — Zombie Rat,1,1,,normal,,,,2.0,,"Another spin on Ravenous Rats. This time it’s a Zombie and gets a little better in multiplayer, which are both pretty close to irrelevant changes for Limited.

Aggressive decks probably don’t want to start piling these up because a tiny body isn’t exactly helping you beat someone down. If your deck is looking for sacrifice fodder, though, the grade starts climbing pretty quickly.

Making your opponent discard a card and then feeding the leftover Rat to something else is exactly the kind of miserable little value chain those decks are looking for.",Black,https://mtgazone.com/reality-fracture-fra-limited-set-review-black/,61,https://scryfall.com/card/fra/61/rank-rat,https://cards.scryfall.io/normal/front/4/f/4ff6da82-d7dd-4b59-b7e6-30670cea7169.jpg?1789556727,4ff6da82-d7dd-4b59-b7e6-30670cea7169
Rewrite Regrets,Rewrite Regrets,Black,B,B,{3}{B},4,Uncommon,Sorcery,,,,normal,,,,2.5,,"I won’t have any regrets to rewrite when I take this. Maybe I’ll have a few about some of my grades later, but that’s future Josh’s problem.

Four mana is usually about the point where I’m happy playing a reanimation spell straight up. This one can also bring back planeswalkers while tossing in a couple points of Empower Jace for good measure.

The six-mana restriction feels much more like a Constructed concern than something that’s going to come up very often in Limited. There’s even an entire cycle of landcyclers that are easy to get into your graveyard and conveniently cost six or less, giving you some natural targets without having to work too hard for them.",Black,https://mtgazone.com/reality-fracture-fra-limited-set-review-black/,62,https://scryfall.com/card/fra/62/rewrite-regrets,https://cards.scryfall.io/normal/front/4/5/453cfde7-c460-4b55-9472-b714e16f24bb.jpg?1788952087,453cfde7-c460-4b55-9472-b714e16f24bb
Rise of the Deathbringer,Rise of the Deathbringer,Black,B,B,{4}{B},5,Rare,Instant,,,,normal,,,,4.0,,"Five mana is a lot, but you don’t exactly see instant-speed sweepers every day. That timing can let you squeeze out one last juicy chunk of value by letting your opponent walk straight into it.

The catch is that -3/-3 isn’t going to clean up every big threat on the battlefield. Sometimes you’ll need to do a little blocking first to soften things up before pulling the trigger.

The fallback mode of cashing in some life for cards is also a really nice option when you’re the beatdown and don’t actually want to nuke the board.

That kind of flexibility on an already powerful effect is more than enough to keep this firmly in 4.0 territory.",Black,https://mtgazone.com/reality-fracture-fra-limited-set-review-black/,63,https://scryfall.com/card/fra/63/rise-of-the-deathbringer,https://cards.scryfall.io/normal/front/8/1/811719ad-b5a3-4d31-8c6f-5dbdfccf7c1f.jpg?1789470807,811719ad-b5a3-4d31-8c6f-5dbdfccf7c1f
Sanctum Lurker,Sanctum Lurker,Black,B,B,{2}{B},3,Rare,Creature — Horror,3,2,,normal,,,,4.0,,"This can immediately bump your Empowered Jace up to three while draining your opponent along the way.

That leaves Jace perfectly set up to draw you a card on the next turn without even having to worry about losing him when the loyalty hits zero. He’ll still be hanging around afterward, ready to start ticking back up again.

That’s a ridiculous amount of value packed into one card, especially when the drain is basically just gravy on top.",Black,https://mtgazone.com/reality-fracture-fra-limited-set-review-black/,64,https://scryfall.com/card/fra/64/sanctum-lurker,https://cards.scryfall.io/normal/front/2/1/2185c08f-bb4d-49d5-8b6c-c629a48bb61c.jpg?1789556729,2185c08f-bb4d-49d5-8b6c-c629a48bb61c
Screeching Soulbreaker,Screeching Soulbreaker,Black,B,B,{2}{B},3,Common,Creature — Siren Bard,1,4,,normal,,,,2.0,,"Do you have a bunch of cards that trigger off gaining life? If so, this can become a key enabler and I’d draft it more like a 2.5. The same applies if you have a bunch of cards that care about noncombat damage.

It’s still perfectly playable in the average deck, but it just won’t be doing nearly as much heavy lifting without those synergies around it.

The baseline is perfectly fine. The real value comes when the rest of your deck actually cares about what this card is doing.",Black,https://mtgazone.com/reality-fracture-fra-limited-set-review-black/,65,https://scryfall.com/card/fra/65/screeching-soulbreaker,https://cards.scryfall.io/normal/front/7/3/738667a1-c184-43ea-829f-49fbb69b6fc0.jpg?1789385960,738667a1-c184-43ea-829f-49fbb69b6fc0
Silence the Echo,Silence the Echo,Black,B,B,{1}{B},2,Common,Sorcery,,,,normal,,,,2.0,,"Five mana at sorcery speed is an awful lot to be paying for a removal spell in this economy.

Even the discounted rate is two mana, and we just had Stir Up Trouble doing something similar for one mana with a bunch of easily sacrificed artifacts floating around to fuel it. You’re far less likely to have an extra planeswalker just chilling on the battlefield that you don’t mind tossing away. Even with Jace tokens getting thrown around, those still have plenty of value on their own.

It’s still removal, so I’m not completely out on it, but the rate and setup leave a lot to be desired.",Black,https://mtgazone.com/reality-fracture-fra-limited-set-review-black/,66,https://scryfall.com/card/fra/66/silence-the-echo,https://cards.scryfall.io/normal/front/f/1/f1d274db-751b-4414-a38d-762198168e91.jpg?1789385640,f1d274db-751b-4414-a38d-762198168e91
Solve for Disappointment,Solve for Disappointment,Black,B,B,{1}{B},2,Common,Sorcery,,,,normal,,,,1.5,,"I originally wasn’t going to be disappointed in this card because I missed the part about permanent. Once it increased the chance of whiffing, I plan to only play this when I absolutely have to.",Black,https://mtgazone.com/reality-fracture-fra-limited-set-review-black/,67,https://scryfall.com/card/fra/67/solve-for-disappointment,https://cards.scryfall.io/normal/front/7/b/7beaa8c9-1a2c-4c88-b579-91e371d8d9e3.jpg?1788878155,7beaa8c9-1a2c-4c88-b579-91e371d8d9e3
Terminal Criticism,Terminal Criticism,Black,B,B,{1}{B},2,Uncommon,Instant,,,,normal,,,,0.5,,"You’re going to get criticized pretty hard if you’re running something this narrow in your main deck.

As a sideboard card, though, it can be absolutely brutal when the matchup lines up. That makes it a great tool in traditional Limited, but if you’re living in Bo1 land, you can basically pretend this card doesn’t exist.",Black,https://mtgazone.com/reality-fracture-fra-limited-set-review-black/,68,https://scryfall.com/card/fra/68/terminal-criticism,https://cards.scryfall.io/normal/front/7/e/7ebd7e38-b27c-4c6e-aaea-e8ee5ba5e5df.jpg?1789470810,7ebd7e38-b27c-4c6e-aaea-e8ee5ba5e5df
Theoretical Necromancer,Theoretical Necromancer,Black,B,B,{2}{B},3,Common,Creature — Vampire Warlock,4,1,,normal,,,,1.5,,"They had a theory of a plan, and eventually decided becoming a necromancer was the right career choice. Clearly, things have not gone especially well.

This would be an amazing card if it actually Reanimated something instead of just giving you a glorified Raise Dead. As printed, it’s fine, but definitely not exciting.

It gets noticeably better if your deck has self-mill or looting effects to drop this in the graveyard, but even then, it’s a little too expensive for what you’re actually getting.",Black,https://mtgazone.com/reality-fracture-fra-limited-set-review-black/,69,https://scryfall.com/card/fra/69/theoretical-necromancer,https://cards.scryfall.io/normal/front/e/3/e36a7908-1e22-494b-adb4-e72ac0974d62.jpg?1789556734,e36a7908-1e22-494b-adb4-e72ac0974d62
Void Extrapolator // Omit Variables,Void Extrapolator,Black,B,UB,{1}{B},2,Common,Creature — Aetherborn Warlock,2,2,,prepare,Omit Variables,{U/B},Sorcery,1.5,,"I feel like this really needed something like menace once you hit Threshold. It can be a key card in Dimir builds, but struggle elsewhere.

A potential 3/3 for two mana is certainly respectable, and you can usually find a spot to sneak in the extra mana for the mill ability. The problem is that you’re still asking your deck to put in a decent amount of work before this becomes anything more than mediocre.

There’s some upside here, but I want a lot of graveyard synergy before I’m interested.",Black,https://mtgazone.com/reality-fracture-fra-limited-set-review-black/,70,https://scryfall.com/card/fra/70/void-extrapolator-omit-variables,https://cards.scryfall.io/normal/front/0/e/0eae2efb-bf25-48ee-9c07-9098008110ad.jpg?1789556787,0eae2efb-bf25-48ee-9c07-9098008110ad
Vraska's Final Mercy,Vraska's Final Mercy,Black,B,B,{B}{B},2,Rare,Sorcery,,,,normal,,,,3.0,,"Two mana and two life to kill a creature is a solid deal, even if it is at sorcery speed.

The other half is basically a Sign in Blood where you have to wait around for the second card. That’s not an awful fallback plan, but this is almost always going to be used as the removal spell.

I’d easily bump this up to a 3.5 if it were an instant or if one of those black pips got swapped for a generic mana.",Black,https://mtgazone.com/reality-fracture-fra-limited-set-review-black/,71,https://scryfall.com/card/fra/71/vraskas-final-mercy,https://cards.scryfall.io/normal/front/9/9/992bd991-7cfb-459f-bafd-9a44f3c925c5.jpg?1789699369,992bd991-7cfb-459f-bafd-9a44f3c925c5
Ajani's Anguish,Ajani's Anguish,Red,R,R,{X}{R},1,Rare,Enchantment,,,,normal,,,,4.0,,"This probably looks a little high because an X-spell that deals damage to any target isn’t remotely as terrifying as it was back in the day. I promise I haven’t completely lost the plot, though. The flexibility to either clear out a blocker or just dome your opponent is still incredibly valuable.

The part that really pushes it for me is that it sticks around afterward and gives your creatures trample. That combination makes closing out the game a helluva lot easier because suddenly all those random chump blockers aren’t buying nearly as much time.

I also have a feeling the data on this card is going to look noticeably worse than how it actually plays. Cards that force you to decide between firing them off aggressively or diamond-handing them for the perfect moment tend to get butchered by average players.

The card is powerful. The hard part is knowing when to pull the trigger.",Red,https://mtgazone.com/reality-fracture-fra-limited-set-review-red/,72,https://scryfall.com/card/fra/72/ajanis-anguish,https://cards.scryfall.io/normal/front/d/9/d9039a58-2f17-4b8a-b714-3a2f0b46f057.jpg?1789470674,d9039a58-2f17-4b8a-b714-3a2f0b46f057
Artifist Acumen,Artifist Acumen,Red,R,R,{R},1,Common,Sorcery,,,,normal,,,,2.0,,"This can fill a pretty useful role whether you’re in a spells deck looking for cheap triggers or an aggressive deck that doesn’t mind cashing it in for a little extra oomph in combat.

It’s never going to be a card you’re fighting people for early in the draft, but I think it’ll quietly do more work than it looks like it should.

Not exciting. Not embarrassing. Just a useful little piece of cardboard that knows its job.",Red,https://mtgazone.com/reality-fracture-fra-limited-set-review-red/,73,https://scryfall.com/card/fra/73/artifist-acumen,https://cards.scryfall.io/normal/front/7/d/7d3b720d-f27c-462a-8f80-15748e5086e1.jpg?1789729762,7d3b720d-f27c-462a-8f80-15748e5086e1
Awaken the Inferno,Awaken the Inferno,Red,R,R,{4}{R},5,Common,Sorcery,,,,normal,,,,2.5,,"The base spell would be actively good at four mana, but it’s still perfectly reasonable at five.

The real thing helping it out is basic landcycling, which is usually worth about half a point by itself. Early on, it can bail you out of a sketchy hand or fix your colors, and later you can just cast the actual spell.

That kind of flexibility does a lot of work for an otherwise fairly ordinary five-mana card.",Red,https://mtgazone.com/reality-fracture-fra-limited-set-review-red/,74,https://scryfall.com/card/fra/74/awaken-the-inferno,https://cards.scryfall.io/normal/front/c/5/c596c4ec-8480-4be9-a45d-700398a126f6.jpg?1789556812,c596c4ec-8480-4be9-a45d-700398a126f6
Blazing Crescendo,Blazing Crescendo,Red,R,R,{1}{R},2,Common,Instant,,,,normal,,,,1.5,,"We’ve seen this card before, and it has always ended up as pretty middling filler.

The idea of a two-mana combat trick that replaces itself sounds great, but only getting to play the exiled card until your next turn makes things awkward. You’re often hesitant to fire this off early because there’s a real chance you won’t have the mana or opportunity to actually cash in on the extra card.

It also only adds one toughness, so the math has to line up pretty perfectly for it to actually save a creature in combat.

There’s enough here that I’ll play it when I need a trick, but I’m never going to be excited about it.",Red,https://mtgazone.com/reality-fracture-fra-limited-set-review-red/,75,https://scryfall.com/card/fra/75/blazing-crescendo,https://cards.scryfall.io/normal/front/8/4/8414a98c-0c79-4884-bc9b-061a6456b392.jpg?1789060147,8414a98c-0c79-4884-bc9b-061a6456b392
Chandra's Emberling,Chandra's Emberling,Red,R,R,{2}{R},3,Common,Creature — Gremlin Elemental,2,2,,normal,,,,2.0,,"This can grow pretty quickly in the right deck, and there are definitely going to be builds where you draft it more like a premium common.

You can almost look at the ability like a mini combat trick that’s already sitting on the battlefield. That makes blocking it super awkward because your opponent has to account for it suddenly getting bigger at the worst possible time.

The baseline is fine, but the right deck can push this well above the 2.0 grade.",Red,https://mtgazone.com/reality-fracture-fra-limited-set-review-red/,76,https://scryfall.com/card/fra/76/chandras-emberling,https://cards.scryfall.io/normal/front/3/a/3a64c5f4-9cfc-4d19-bd99-13d619b1aa9d.jpg?1789385708,3a64c5f4-9cfc-4d19-bd99-13d619b1aa9d
Command the Stage,Command the Stage,Red,R,R,{2}{R},3,Uncommon,Sorcery,,,,normal,,,,2.5,,"A 3/3 for three that pumps all of your other Wizard tokens is already a reasonable card on its own. Unfortunately this only pumps your OTHER wizard tokens so you’re only getting a 2/2 out of the deal.

The moment you bring this back once, though, we’re getting dangerously close to good. Anything beyond that starts wandering into excellent territory.

Suddenly all of those random drains from cards like Extended Absence are looking a whole lot more interesting. If your deck has enough ways to keep triggering this, Command the Stage can turn into one hell of an encore.",Red,https://mtgazone.com/reality-fracture-fra-limited-set-review-red/,77,https://scryfall.com/card/fra/77/command-the-stage,https://cards.scryfall.io/normal/front/f/3/f3307da2-6dad-4ef2-9614-a7d34f38088e.jpg?1789644825,f3307da2-6dad-4ef2-9614-a7d34f38088e
Craterclaw Colossus,Craterclaw Colossus,Red,R,R,{4}{R}{R}{R},7,Mythic,Artifact Creature — Beast Construct,5,5,,normal,,,,3.5,,"This is certainly no Craterhoof Behemoth, even if it does have some real potential in a deck that can flood the board with cheap artifacts and Heartwood tokens. That pretty firmly puts its best home in Gruul.

If you can consistently set that up, there’s something here. If not, this thing is just way too expensive, and the triple red certainly isn’t doing it any favors.

Taking it early at least gives you the opportunity to build around it, which is probably the best way to maximize what this card is capable of doing.

I also wouldn’t be surprised if the data ends up looking worse than the card actually is. This feels like exactly the kind of card people are going to jam into decks that have no business playing it just because the ceiling looks exciting.",Red,https://mtgazone.com/reality-fracture-fra-limited-set-review-red/,78,https://scryfall.com/card/fra/78/craterclaw-colossus,https://cards.scryfall.io/normal/front/4/7/47793a51-08c6-4ad2-a7e5-a4484d83a5cd.jpg?1788329298,47793a51-08c6-4ad2-a7e5-a4484d83a5cd
Curse-Marred Demon,Curse-Marred Demon,Red,R,R,{2}{R}{R},4,Rare,Creature — Demon,4,4,,normal,,,,4.0,,"A 4/4 flying trample creature for four mana is still an absurdly efficient rate and something I’m basically never cutting.

The Gamble effect is just bonus upside that will occasionally pay off in a huge way. Sure, sometimes the random discard is going to kick you directly in the teeth, but you were already getting a great creature before any of that nonsense.

Little hint: if you’re empty-handed, go grab something that can still generate value from the graveyard. Worst case, you can always grab a land and get it out of the way.

Great body, real upside, and just enough gambling to keep things interesting.",Red,https://mtgazone.com/reality-fracture-fra-limited-set-review-red/,79,https://scryfall.com/card/fra/79/curse-marred-demon,https://cards.scryfall.io/normal/front/8/f/8f827e50-0a08-4bc8-98b1-b26c9af15ef2.jpg?1789470818,8f827e50-0a08-4bc8-98b1-b26c9af15ef2
Draconic Visitor,Draconic Visitor,Red,R,R,{3}{R}{R},5,Rare,Creature — Dragon,5,5,,normal,,,,4.0,,"Another beefy flying rare with a pile of upside stapled onto it. Apparently Dragons showing up and just being huge isn’t enough anymore.

There aren’t a ton of Treasure or Food generators floating around to really abuse the ability, but turning your random Heartwood tokens into fresh Dragons is one hell of an upgrade.",Red,https://mtgazone.com/reality-fracture-fra-limited-set-review-red/,80,https://scryfall.com/card/fra/80/draconic-visitor,https://cards.scryfall.io/normal/front/1/1/112f8478-bd89-4a14-9721-8ab750613129.jpg?1789470842,112f8478-bd89-4a14-9721-8ab750613129
Eardrum Rattler,Eardrum Rattler,Red,R,R,{1}{R},2,Common,Creature — Human Bard,2,2,,normal,,,,1.5,,"This type of card has been a low-end playable in formats a lot less powerful than this one.

I’m not going to blow out your eardrums babbling about it, though, because this is never going to be more than curve filler. You’ll play it when you need something to fill the slot, and you’ll cut it the second you find something better.",Red,https://mtgazone.com/reality-fracture-fra-limited-set-review-red/,81,https://scryfall.com/card/fra/81/eardrum-rattler,https://cards.scryfall.io/normal/front/5/f/5f8771f9-8128-4818-a11d-41ea368cf697.jpg?1789127173,5f8771f9-8128-4818-a11d-41ea368cf697
Essence Burn,Essence Burn,Red,R,R,{1}{R},2,Uncommon,Instant,,,,normal,,,,0.5,,"There’s one of these in every color, so I feel like I’m starting to repeat myself.

You’re usually going to get burned if you put this in your main deck, but it can be a fantastic sideboard card when the matchup lines up.

Draft it, stash it on the bench, and bring it in when it actually has something worth setting on fire.",Red,https://mtgazone.com/reality-fracture-fra-limited-set-review-red/,82,https://scryfall.com/card/fra/82/essence-burn,https://cards.scryfall.io/normal/front/d/2/d2e958de-70de-4156-8f9b-b2c0c1ba704a.jpg?1789470825,d2e958de-70de-4156-8f9b-b2c0c1ba704a
Face Yourself,Face Yourself,Red,R,R,{5}{R}{R},7,Rare,Sorcery,,,,normal,,,,3.0,,"This is going to have a massive delta in how well it performs from game to game.

There are going to be times where it ends the game on the spot. There are going to be times where it drags you back into a game you had absolutely no business winning. And then there are going to be times where you pay seven mana to make a couple of creatures that disappear at the end of the turn.

The ceiling is enormous, but the floor is low enough that I’m not ready to push it any higher than this.",Red,https://mtgazone.com/reality-fracture-fra-limited-set-review-red/,83,https://scryfall.com/card/fra/83/face-yourself,https://cards.scryfall.io/normal/front/3/c/3ccf8f64-19bd-4fdf-b70a-30a042bacf2f.jpg?1789127528,3ccf8f64-19bd-4fdf-b70a-30a042bacf2f
Fulminous Forte,Fulminous Forte,Red,R,R,{2}{R},3,Uncommon,Instant,,,,normal,,,,3.5,,"This would already be a 3.0 if all it did was deal five damage for three mana. That’s just a damn good rate.

What pushes it higher is having the option to ping their entire side for one at instant speed. That’s the kind of mode that can sit quietly in your pocket until your opponent walks straight into a blowout.",Red,https://mtgazone.com/reality-fracture-fra-limited-set-review-red/,84,https://scryfall.com/card/fra/84/fulminous-forte,https://cards.scryfall.io/normal/front/1/9/19acb2b5-3b3e-43f0-bd81-8426ed3d9c55.jpg?1789614832,19acb2b5-3b3e-43f0-bd81-8426ed3d9c55
Hallway Heckler // Vicious Verse,Hallway Heckler,Red,R,BR,{2}{R},3,Common,Creature — Elemental Sorcerer,2,3,,prepare,Vicious Verse,{B/R},Sorcery,1.5,,"You might get heckled for playing this guy too often.

A three-mana rummager is perfectly fine, but without something like Madness around, it’s not doing anything especially exciting. The random point of damage will occasionally matter, and it’ll be hilarious when it actually finishes someone off, but most of the time it’s going to be pretty arbitrary.

This is functional curve filler with a little utility attached, nothing more.",Red,https://mtgazone.com/reality-fracture-fra-limited-set-review-red/,85,https://scryfall.com/card/fra/85/hallway-heckler-vicious-verse,https://cards.scryfall.io/normal/front/7/e/7e324816-552f-455d-97c4-5ea6b26d2e6e.jpg?1789127576,7e324816-552f-455d-97c4-5ea6b26d2e6e
Heartstring Puller,Heartstring Puller,Red,R,R,{3}{R},4,Common,Creature — Elf Sorcerer,3,1,,normal,,,,2.0,,"Creatures that give you two bodies for a reasonable rate tend to pull on my heartstrings, and this one is no different.

It feels like a minor upgrade over the usual version of this effect thanks to the three-power trampler and the potential Wizard token synergies floating around the set.

Nothing here is going to blow you away, but getting multiple bodies with a little extra upside is exactly the kind of filler I’m perfectly happy running.",Red,https://mtgazone.com/reality-fracture-fra-limited-set-review-red/,86,https://scryfall.com/card/fra/86/heartstring-puller,https://cards.scryfall.io/normal/front/c/b/cbfe3354-7ced-4773-9a4e-a937ae9f94f8.jpg?1789556808,cbfe3354-7ced-4773-9a4e-a937ae9f94f8
Identity Echo,Identity Echo,Red,R,R,{2}{R},3,Rare,Enchantment,,,,normal,,,,0.5,,"Maybe you can board this in against someone who showed you a ton of enchantment removal, but even then, I’m pretty sure you can find something better to do with the slot.

This has Constructed plant written all over it. Leave it there.",Red,https://mtgazone.com/reality-fracture-fra-limited-set-review-red/,87,https://scryfall.com/card/fra/87/identity-echo,https://cards.scryfall.io/normal/front/e/6/e600b33b-8916-43dd-95d3-d7cbf874933d.jpg?1789385968,e600b33b-8916-43dd-95d3-d7cbf874933d
Master of Barbs,Master of Barbs,Red,R,R,{1}{R},2,Rare,Creature — Lizard Bard,2,1,,normal,,,,2.5,,"A two-power menace creature with a little bit of upside is certainly worth playing in an aggressive deck.

You’re probably not going to be Lightning Bolting your opponent’s face like this is Constructed, but there are still plenty of ways to trigger the ability. Something like Screeching Soulbreaker can suddenly turn into a team-wide pump effect, which gives this a little more reach than it first appears.

The baseline is already playable, and the right deck can squeeze some real value out of the bonus.",Red,https://mtgazone.com/reality-fracture-fra-limited-set-review-red/,88,https://scryfall.com/card/fra/88/master-of-barbs,https://cards.scryfall.io/normal/front/4/4/4404d9d4-9cdd-4dad-a4f6-574d90db5052.jpg?1789127596,4404d9d4-9cdd-4dad-a4f6-574d90db5052
No Admittance,No Admittance,Red,R,R,{1}{R},2,Common,Sorcery,,,,normal,,,,3.5,,"This might seem a little high to some people, but stapling surveil onto an already efficient two-mana removal spell is pretty big game.

Cheap removal is always valuable, and getting to smooth out your next draw or help fuel graveyard synergies at the same time is exactly the kind of small bonus that adds up over a draft.",Red,https://mtgazone.com/reality-fracture-fra-limited-set-review-red/,89,https://scryfall.com/card/fra/89/no-admittance,https://cards.scryfall.io/normal/front/1/1/11ba4fdd-cc03-4bb6-a493-91a9785771d0.jpg?1788878170,11ba4fdd-cc03-4bb6-a493-91a9785771d0
Pompous Battlemage // Improvised Act,Pompous Battlemage,Red,R,R,{R},1,Rare,Creature — Goblin Sorcerer,1,1,,prepare,Improvised Act,{R},Sorcery,2.0,,"This feels like another card designed primarily for Constructed that just happens to have a minor role in Limited.

A 1/1 prowess creature for one can range from pretty meh to legitimately solid depending on the deck around it. The ability to pitch a random card for a redraw is also useful when you’re digging for a land early or trying to turn an extra one into something useful later.

It’s not exciting, but there’s enough flexibility here to make it a perfectly reasonable playable.",Red,https://mtgazone.com/reality-fracture-fra-limited-set-review-red/,90,https://scryfall.com/card/fra/90/pompous-battlemage-improvised-act,https://cards.scryfall.io/normal/front/a/a/aa0f77ac-741a-444a-8bf0-a42c644726bf.jpg?1788878186,aa0f77ac-741a-444a-8bf0-a42c644726bf
Pyre Rhymer // Molten Tide,Pyre Rhymer,Red,R,R,{1}{R}{R},3,Rare,Creature — Elemental Sorcerer,3,3,,prepare,Molten Tide,{R},Instant,2.5,,"I’m basically going to ignore the applications of the Molten Tide portion of this card because High Tide has never exactly been something you’re dying to play in a normal Limited format.

The one thing I will give that half is that it basically functions as a free spell to trigger prowess. Since it’s an instant, you don’t even have to cast it for that to matter. Just having it available can make blocking Pyre Rhymer awkward as hell because your opponent has to account for a pump at any time.

That little bit of free combat nonsense is enough to bump this up to a 2.5 for me.",Red,https://mtgazone.com/reality-fracture-fra-limited-set-review-red/,91,https://scryfall.com/card/fra/91/pyre-rhymer-molten-tide,https://cards.scryfall.io/normal/front/2/b/2b0ebea0-86de-4da4-9fe8-dacc1e75c161.jpg?1789470850,2b0ebea0-86de-4da4-9fe8-dacc1e75c161
Skilled Battlecarver,Skilled Battlecarver,Red,R,R,{1}{R},2,Common,Creature — Human Warrior,2,1,,normal,,,,2.0,,"This certainly isn’t going to do you many favors on defense, but it’s a great two-drop for an aggressive deck.

The threat of pumping a first striker is often enough to make your opponent decide blocking just isn’t worth the headache. The nice part is that you don’t even have to spend the mana unless they actually force you to, which means you can keep developing your board while Battlecarver keeps sneaking in damage.",Red,https://mtgazone.com/reality-fracture-fra-limited-set-review-red/,92,https://scryfall.com/card/fra/92/skilled-battlecarver,https://cards.scryfall.io/normal/front/0/e/0e44f959-1322-4abd-b6eb-dea992307c0c.jpg?1789556811,0e44f959-1322-4abd-b6eb-dea992307c0c
Stingcaster Mage,Stingcaster Mage,Red,R,R,{1}{R},2,Mythic,Creature — Human Wizard,2,1,,normal,,,,4.0,,"It’s really going to sting when this guy flashes back a removal spell and then immediately starts swinging.

You’d never be excited to play a plain 2/1 haste for two in a modern Limited deck, but there are absolutely situations where drawing exactly that body is still useful.

Of course, once Stingcaster starts flashing back something actually busted, now you’re cooking with gas.

This has the kind of ceiling that can completely swing a game, and the floor is still perfectly functional.",Red,https://mtgazone.com/reality-fracture-fra-limited-set-review-red/,93,https://scryfall.com/card/fra/93/stingcaster-mage,https://cards.scryfall.io/normal/front/2/d/2d8e8e5f-3bf5-490d-aa9c-9df2b26f1460.jpg?1788329303,2d8e8e5f-3bf5-490d-aa9c-9df2b26f1460
Tether Technician,Tether Technician,Red,R,R,{4}{R},5,Common,Creature — Minotaur Artificer,4,5,,normal,,,,1.5,,"Another five-drop filler creature that you can probably do better than.

That said, there are absolutely going to be games where your opponent stabilizes at two life, you rip this off the top, and suddenly this mediocre piece of curve filler looks like an absolute hero.

Most of the time, though, it’s still just a five-drop I’m hoping to replace with something better.",Red,https://mtgazone.com/reality-fracture-fra-limited-set-review-red/,94,https://scryfall.com/card/fra/94/tether-technician,https://cards.scryfall.io/normal/front/b/7/b75bbf46-a421-467a-9433-6cf22398a3a5.jpg?1789556839,b75bbf46-a421-467a-9433-6cf22398a3a5
Violent Echoes,Violent Echoes,Red,R,R,{2}{R}{R},4,Uncommon,Instant,,,,normal,,,,3.5,,"Four-mana removal isn’t what it used to be, but that equation changes in a hurry when you get to draw a card off of it.

Even when you don’t get the full value, I don’t think you’re going to complain too much about blowing up a big creature and getting a surveil out of the deal. The floor is still solid removal, and the ceiling turns it into a pretty ridiculous two-for-one.",Red,https://mtgazone.com/reality-fracture-fra-limited-set-review-red/,95,https://scryfall.com/card/fra/95/violent-echoes,https://cards.scryfall.io/normal/front/a/d/ad03ba90-2442-4a71-94df-2088b5b63662.jpg?1789127599,ad03ba90-2442-4a71-94df-2088b5b63662
Wrath of the Bloodmane,Wrath of the Bloodmane,Red,R,R,{2}{R},3,Common,Instant,,,,normal,,,,3.0,,"I guess I just really like a lot of the red removal in this set.

I’m a little lower on this one, though, even if it can potentially deal four damage for only two mana. Getting that discount requires you to have a legendary creature around, and an Empower Jace token doesn’t count.

It also doesn’t come with any extra value stapled onto it. Four damage is still four damage, so I’m happy to play it, but it’s not quite as exciting as some of the other removal options in the set.",Red,https://mtgazone.com/reality-fracture-fra-limited-set-review-red/,96,https://scryfall.com/card/fra/96/wrath-of-the-bloodmane,https://cards.scryfall.io/normal/front/b/5/b5b55617-684a-4036-be9b-a3b24fc9cd5a.jpg?1789385820,b5b55617-684a-4036-be9b-a3b24fc9cd5a
Arcane Amphisbaena,Arcane Amphisbaena,Green,G,G,{1}{G},2,Common,Creature — Snake,1,1,,normal,,,,2.0,,"A cheap deathtoucher can usually put in some work, especially when you pair it with cards like Compel Brutality. It can also just sit there and make your opponent think twice about sending their biggest ground pounder into combat.

We’ve been getting this type of body for one mana lately, so two is a little less exciting. That said, you do get to Empower Jace for two along the way, which makes the rate much easier to swallow.

It’s not flashy, but it’s a perfectly fine two-drop that can fill a useful role.",Green,https://mtgazone.com/reality-fracture-fra-limited-set-review-green/,97,https://scryfall.com/card/fra/97/arcane-amphisbaena,https://cards.scryfall.io/normal/front/1/b/1bf923c4-f0b7-4271-978c-fd2e79fe1cc8.jpg?1788878190,1bf923c4-f0b7-4271-978c-fd2e79fe1cc8
Bestial Incursion,Bestial Incursion,Green,G,G,{3}{G},4,Common,Sorcery,,,,normal,,,,2.5,,"Not to harp on power creep again, but this is a straight-up better Shadowbeast Sighting which was a top common in Midnight Hunt.

Granted, that format had a lot more cards that actively cared about the graveyard, and it was almost certainly slower than this one is going to be. Those things matter, but the comparison still says a lot about how far the baseline for Limited cards has moved.",Green,https://mtgazone.com/reality-fracture-fra-limited-set-review-green/,98,https://scryfall.com/card/fra/98/bestial-incursion,https://cards.scryfall.io/normal/front/e/0/e0de5f66-f0df-4866-9f73-104ce50411b4.jpg?1789127248,e0de5f66-f0df-4866-9f73-104ce50411b4
Budding Insurgent,Budding Insurgent,Green,G,G,{2}{G},3,Common,Creature — Dryad Scout,3,3,,normal,,,,2.0,,"With all of “The Way” enchantments floating around, there’s a nonzero chance you actually get to draw a card when you cash this in on one of them.

The baseline rate is perfectly acceptable, and there’s enough incidental upside here to make it a little more interesting than generic curve filler.

Nothing spectacular, but a totally acceptable card.",Green,https://mtgazone.com/reality-fracture-fra-limited-set-review-green/,99,https://scryfall.com/card/fra/99/budding-insurgent,https://cards.scryfall.io/normal/front/1/8/18c59d60-2640-4576-9375-3ba38aa3ecb7.jpg?1789127120,18c59d60-2640-4576-9375-3ba38aa3ecb7
Carnivorous Cultivator // Enroot,Carnivorous Cultivator,Green,G,G,{1}{G},2,Rare,Creature — Elf Warlock,2,3,,prepare,Enroot,{G},Sorcery,3.0,,"The rate on a 2/3 deathtoucher for two mana is already fantastic. Whether you get any extra value out of the ability remains to be seen, but you honestly don’t need much.

If this manages to draw you even a single card over the course of the game, it goes from solid to great in a hurry.",Green,https://mtgazone.com/reality-fracture-fra-limited-set-review-green/,100,https://scryfall.com/card/fra/100/carnivorous-cultivator-enroot,https://cards.scryfall.io/normal/front/7/9/79dd5c54-5ea5-47b5-8f9b-50ed57a5ea45.jpg?1789385967,79dd5c54-5ea5-47b5-8f9b-50ed57a5ea45
Compel Brutality,Compel Brutality,Green,G,G,{1}{G},2,Common,Instant,,,,normal,,,,2.5,,"A bite spell is one of those bread-and-butter cards that most green decks are happy to have in Limited. It’s cheap removal, even if you usually need to take board position and potential tricks into consideration before firing it off.

These cards also tend to get some little set-specific twist, and this time around we get to let our planeswalkers punch creatures in the face.

That’s not exactly revolutionary, but it is useful enough to give the card a little extra flexibility.",Green,https://mtgazone.com/reality-fracture-fra-limited-set-review-green/,101,https://scryfall.com/card/fra/101/compel-brutality,https://cards.scryfall.io/normal/front/b/d/bd32d736-7a58-46b9-90b4-2cac3c3e80a1.jpg?1788521235,bd32d736-7a58-46b9-90b4-2cac3c3e80a1
Flourishing Grapple,Flourishing Grapple,Green,G,G,{G},1,Uncommon,Instant,,,,normal,,,,0.5,,"You shouldn’t have to grapple with yourself over whether this belongs in your starting 40.

It doesn’t.

This is the kind of card that can absolutely flourish out of the sideboard when the matchup lines up, but main decking it is just asking to stare at a dead card at the worst possible time.",Green,https://mtgazone.com/reality-fracture-fra-limited-set-review-green/,102,https://scryfall.com/card/fra/102/flourishing-grapple,https://cards.scryfall.io/normal/front/f/7/f71958e9-6d6d-4393-8b49-567103b50877.jpg?1789470852,f71958e9-6d6d-4393-8b49-567103b50877
Gardenize,Gardenize,Green,G,G,{1}{G}{G},3,Rare,Enchantment,,,,normal,,,,0.0,,"They really don’t print many cards anymore that I can confidently say should never make your deck, but congratulations Gardenize—you found a way.

First, you have to spend three mana doing absolutely nothing. That’s already a giant red flag in Limited.

Then you need to have creatures.

Then those creatures need to die.

Then, after jumping through all of those hoops and getting later into the game, your glorious payoff is…checks notes…more mana.

You know, right around the point where your hand is probably empty and mana is the resource you need the least.

Even if your deck has a bunch of mana sinks, I still don’t want this anywhere near my starting 40.

If we were still doing the podcast, I’d 100% be betting Floridamun—go check out his Twitch stream—that he couldn’t trophy with this thing in his deck. And knowing him, he’d probably accept the bet just to spite me.",Green,https://mtgazone.com/reality-fracture-fra-limited-set-review-green/,103,https://scryfall.com/card/fra/103/gardenize,https://cards.scryfall.io/normal/front/9/3/930b89c3-4433-48de-829f-20fc3dbfced9.jpg?1789644837,930b89c3-4433-48de-829f-20fc3dbfced9
Greenhouse Propagator,Greenhouse Propagator,Green,G,G,{2}{G},3,Common,Creature — Cat Druid,2,3,,normal,,,,2.0,,"This is another card that basically asks one question: how many cards in your deck actually care about gaining life?

If you have multiple payoffs, this can become a key enabler and I’d value it quite a bit higher. If you don’t, then you’re mostly looking at a slightly overpriced ramp creature.

The right deck will want it badly. Everyone else can probably do better.",Green,https://mtgazone.com/reality-fracture-fra-limited-set-review-green/,104,https://scryfall.com/card/fra/104/greenhouse-propagator,https://cards.scryfall.io/normal/front/a/5/a56e0f91-b128-4693-a949-53cb403f4fbf.jpg?1789127136,a56e0f91-b128-4693-a949-53cb403f4fbf
Heartwood Crafter // Soul Tether,Heartwood Crafter,Green,G,RG,{G},1,Uncommon,Creature — Elf Artificer,1,1,,prepare,Soul Tether,{2}{R/G},Sorcery,2.0,,"Not being able to cast spells from your hand with the mana from this is a pretty enormous drawback unless your deck is absolutely loaded with Adventure or Prepared cards. Turns out Magic gets a little harder when half your hand is just decorative cardboard.

If you do have enough support, though, this can be kind of filthy. Dropping it on turn one and firing off the ability on turn two can put you way ahead of your opponent before they’ve even had time to wonder what the hell just happened. It can even help you steal back the tempo when you’re on the draw.

The downside is that this thing ages like gas station sushi. Great on turn one, considerably less exciting on turn five, and absolutely miserable when you rip it off the top late in the game.",Green,https://mtgazone.com/reality-fracture-fra-limited-set-review-green/,105,https://scryfall.com/card/fra/105/heartwood-crafter-soul-tether,https://cards.scryfall.io/normal/front/9/1/910a1f41-17fd-4ab0-9597-7151e79dc760.jpg?1789127630,910a1f41-17fd-4ab0-9597-7151e79dc760
Hexhaven Invigorator,Hexhaven Invigorator,Green,G,G,{G}{G}{G}{G},4,Mythic,Creature — Chimera Horror,6,6,,normal,,,,3.5,,"Obviously, the biggest issue here is the quadruple-green casting cost. Of course, when has a casting cost ever stopped a Limited player from jamming a bomb into a deck with six Forests and saying, “I’ll probably get there”?

Because if you can actually cast this thing, a 6/6 vigilance for four mana is disgusting. Then, just for fun, every time it takes damage it goes rummaging through your deck for a pile of lands.

At 2GG, I’d probably have this around a 4.5 and call it a day. At GGGG, I’m knocking it down to a 3.5 because the mana is a very real restriction.

That won’t stop people from putting it into decks where it has absolutely no business being, but at least I warned you.",Green,https://mtgazone.com/reality-fracture-fra-limited-set-review-green/,106,https://scryfall.com/card/fra/106/hexhaven-invigorator,https://cards.scryfall.io/normal/front/9/a/9a446cae-e93c-4574-8ffd-7688f9729a8a.jpg?1788878191,9a446cae-e93c-4574-8ffd-7688f9729a8a
Hungering Puppetbeast,Hungering Puppetbeast,Green,G,G,{3}{G}{G},5,Rare,Artifact Creature — Beast Construct,5,5,,normal,,,,4.0,,"You can tap and sacrifice the token immediately to come crashing in for six damage, which is a pretty rude way to introduce yourself.

If that’s not the right line, you can just hang onto the token for protection instead. Either way, you’re getting a big chonker with built-in versatility that can also cash in whatever random resources you have lying around.

That combination of raw stats, flexibility, and extra utility is exactly what I want out of a 4.0.",Green,https://mtgazone.com/reality-fracture-fra-limited-set-review-green/,107,https://scryfall.com/card/fra/107/hungering-puppetbeast,https://cards.scryfall.io/normal/front/3/d/3db2da7a-8088-4117-916b-f9c905d1b45b.jpg?1789127646,3db2da7a-8088-4117-916b-f9c905d1b45b
Hunter's Axe,Hunter's Axe,Green,G,G,{G},1,Uncommon,Artifact — Equipment,,,,normal,,,,2.5,,"Strangely enough, this might be one of the hardest cards in the set for me to rate properly.

If the equip cost were only one, I think this might actually be kind of disgusting. Of course, I’m also old enough to have Rancor and Bonesplitter permanently burned into my brain, so maybe nostalgia is doing some of the grading here.",Green,https://mtgazone.com/reality-fracture-fra-limited-set-review-green/,108,https://scryfall.com/card/fra/108/hunters-axe,https://cards.scryfall.io/normal/front/a/2/a2cc5d0e-9643-4ee2-81de-fa2c3bd1ab09.jpg?1789556822,a2cc5d0e-9643-4ee2-81de-fa2c3bd1ab09
Inspired Tethermage,Inspired Tethermage,Green,G,G,{2}{G},3,Common,Creature — Elf Warrior,3,2,,normal,,,,1.5,,"Mana sinks just don’t inspire me the way they used to. Cards are so efficient and packed with value now that I’m treating that part more like bonus upside than a reason to draft this.

What I do like is that it grows off every Empower Jace effect, and the fact that it can happen at instant speed makes combat significantly more awkward. There’s not even a once-per-turn restriction, so this can get out of hand if you really start chaining things together.

My biggest hangup is the two toughness. That leaves it fragile enough that all this potential upside might disappear before it ever gets going.",Green,https://mtgazone.com/reality-fracture-fra-limited-set-review-green/,109,https://scryfall.com/card/fra/109/inspired-tethermage,https://cards.scryfall.io/normal/front/0/7/073f4998-a204-447b-93d5-746ae87fd6a1.jpg?1788878192,073f4998-a204-447b-93d5-746ae87fd6a1
Omnipresence,Omnipresence,Green,G,G,{5}{G}{G}{G},8,Mythic,Enchantment,,,,normal,,,,0.0,,"I would say they really don’t print 0.0s anymore, but I’m pretty sure I already used that line recently. Apparently, Reality Fracture took that as a challenge.

Eight mana for an enchantment that lets you cast spells for free sounds exciting right up until you realize you also need to have a bunch of creatures lying around to make it work.

At that point, I think I’d rather just use that eight mana to…you know…cast my spells.

This is the kind of card that looks flashy, reads flashy, and then sits in your sideboard looking flashy.",Green,https://mtgazone.com/reality-fracture-fra-limited-set-review-green/,110,https://scryfall.com/card/fra/110/omnipresence,https://cards.scryfall.io/normal/front/e/a/eaf9dc77-c83b-49cf-84be-6bd791cb925e.jpg?1789470856,eaf9dc77-c83b-49cf-84be-6bd791cb925e
Puppet Crafting,Puppet Crafting,Green,G,G,{1}{G},2,Rare,Enchantment — Aura,,,,normal,,,,3.5,,"Ensoul Artifact used to be a busted Constructed card. This is basically a juiced-up version of that effect, just in a color that’s a lot less naturally interested in having piles of artifacts lying around. Green does at least have plenty of enchantments to work with.

This is a Limited review, though, so the first thing I’m checking is whether there are any cheap indestructible permanents around to really break this. There aren’t. There also isn’t a huge supply of cheap Treasures or other disposable artifacts to turn into monsters.

That probably leaves Heartwood tokens as your best option for consistently turning this into a giant beatstick and getting your beat on.

It should go without saying, but I’m going to say it anyway: do not put this in your deck if you don’t actually have artifacts or enchantments to target. A 3.5 assumes you brought the puppets before trying to do the crafting.",Green,https://mtgazone.com/reality-fracture-fra-limited-set-review-green/,111,https://scryfall.com/card/fra/111/puppet-crafting,https://cards.scryfall.io/normal/front/6/b/6b8789a6-3b63-4198-af5f-c2f2f49fafd9.jpg?1789470736,6b8789a6-3b63-4198-af5f-c2f2f49fafd9
Restore with Empathy,Restore with Empathy,Green,G,G,{2}{G},3,Uncommon,Instant,,,,normal,,,,2.0,,"A Regrowth that can only grab permanents is obviously a little limited, but in green that’s usually what you were planning to get back anyway.

What pushes this up for me is the instant speed and the four-life tacked on. Neither is earth-shattering, but together they add enough flexibility and value to bump this up about half a point.",Green,https://mtgazone.com/reality-fracture-fra-limited-set-review-green/,112,https://scryfall.com/card/fra/112/restore-with-empathy,https://cards.scryfall.io/normal/front/3/5/3546b93b-a7d1-451d-a369-22cc8ddcd00d.jpg?1788865848,3546b93b-a7d1-451d-a369-22cc8ddcd00d
Simulacrum Shaper,Simulacrum Shaper,Green,G,G,{1}{G}{G},3,Rare,Creature — Elf Druid,2,2,,normal,,,,4.0,,"Solemn Simulacrum has been a great card in both Limited and Constructed for about a billion years. Now you’re telling me I get a cheaper version? Sounds like a bargain to me.

The obvious catch is the double-green casting cost, which makes this noticeably harder to splash and a little less automatic than it first looks.

If this cost 2G instead of 1GG, I’d have no problem pushing it all the way up to a 4.5. As printed, it’s still an excellent card that I’m going to be very happy taking early.",Green,https://mtgazone.com/reality-fracture-fra-limited-set-review-green/,113,https://scryfall.com/card/fra/113/simulacrum-shaper,https://cards.scryfall.io/normal/front/7/c/7c725702-8696-4e5a-8318-62f5e2616d52.jpg?1789470857,7c725702-8696-4e5a-8318-62f5e2616d52
Something Worth Saving,Something Worth Saving,Green,G,G,{1}{G},2,Common,Instant,,,,normal,,,,2.0,,"This does a bunch of little things that can add up to something pretty useful in the right deck.

You get some card selection, a little graveyard filling in a format with plenty of ways to profit from that, and a life gain trigger thrown in for good measure. None of those things are spectacular on their own, but there’s a pretty good chance at least one of them is doing something your deck actually cares about.

That makes this exactly the kind of unassuming glue card that helps hold a deck together.",Green,https://mtgazone.com/reality-fracture-fra-limited-set-review-green/,114,https://scryfall.com/card/fra/114/something-worth-saving,https://cards.scryfall.io/normal/front/0/2/02ee7817-40af-4fcf-a2df-eb218b669281.jpg?1788878199,02ee7817-40af-4fcf-a2df-eb218b669281
Sureshot Sower,Sureshot Sower,Green,G,G,{1}{G},2,Common,Creature — Human Archer,3,1,,normal,,,,2.0,,"Normally, “destroy target creature with flying” is code for “please leave me in the sideboard until further notice.”

Sureshot Sower gets to dodge that fate because it’s still a perfectly acceptable two-drop when your opponent forgot to bring any birds, dragons, angels, or other airborne nonsense.

Most of the time, it’s just doing honest curve-filler work. Every once in a while, though, it gets to swat something expensive out of the sky.",Green,https://mtgazone.com/reality-fracture-fra-limited-set-review-green/,115,https://scryfall.com/card/fra/115/sureshot-sower,https://cards.scryfall.io/normal/front/b/6/b635389c-e286-4edb-80d1-23dbe4a18857.jpg?1789614751,b635389c-e286-4edb-80d1-23dbe4a18857
Tarmogoyf,Tarmogoyf,Green,G,G,{1}{G},2,Mythic,Creature — Lhurgoyf,*,1+*,,normal,,,,3.5,,"Oh, how the mighty have fallen.

There was a time when Tarmogoyf showing up across the table made people start reconsidering their life choices. Now we’re looking at it in Limited and saying, “Yeah, that’s a pretty good two-drop.”

It’s still going to be a whole lot of stats for the low, low price of two mana. It may take a little while to really get beefy, but cards like Something Worth Saving can help stock the graveyard and get Goyf online faster.

Still excellent. Just no longer the boogeyman it once was.",Green,https://mtgazone.com/reality-fracture-fra-limited-set-review-green/,116,https://scryfall.com/card/fra/116/tarmogoyf,https://cards.scryfall.io/normal/front/8/b/8be5ee47-8f8a-4e3c-b1a1-9ca0e1fdec7f.jpg?1789127270,8be5ee47-8f8a-4e3c-b1a1-9ca0e1fdec7f
Tethermage's Advantage,Tethermage's Advantage,Green,G,G,{G},1,Common,Instant,,,,normal,,,,1.5,,"Do you need a cheap combat trick and mostly just care about getting some extra stats? Cool, this does the job.

The reach and untap clauses will absolutely matter from time to time, but they also tempt you into casting this during combat while your opponent is sitting there with open mana and a suspicious amount of confidence.

I don’t know about you, but I try to avoid buying a one-way ticket to Blowout City. The accommodations suck and somehow your opponent always gets upgraded to first class.",Green,https://mtgazone.com/reality-fracture-fra-limited-set-review-green/,117,https://scryfall.com/card/fra/117/tethermages-advantage,https://cards.scryfall.io/normal/front/3/8/38589a7c-9cfb-4bcc-845e-9dc205095853.jpg?1789129937,38589a7c-9cfb-4bcc-845e-9dc205095853
Verdant Kraken,Verdant Kraken,Green,G,G,{4}{G}{G}{G},7,Rare,Creature — Plant Kraken,6,6,,normal,,,,4.5,,"I’ll be real here: I am very close to giving this a 5.0.

The only things holding me back are the seven-mana price tag and the fact that, if you’re not careful, your opponent can still kill it before you get any value. Make no mistake, though—this card is absolutely cracked.

If you never had the pleasure of playing against Verdant Force or Koma, Cosmos Serpent, you might not fully appreciate how miserable this kind of effect can be. Once the value engine starts rolling, the game stops feeling competitive and starts feeling like you’re slowly being buried under a pile of increasingly annoying cardboard.

If your opponent doesn’t deal with this immediately, there’s a very good chance the game is about to spiral completely out of control.",Green,https://mtgazone.com/reality-fracture-fra-limited-set-review-green/,118,https://scryfall.com/card/fra/118/verdant-kraken,https://cards.scryfall.io/normal/front/2/b/2bb7a8eb-227f-410b-859f-750ef0aea2f0.jpg?1789644841,2bb7a8eb-227f-410b-859f-750ef0aea2f0
Vinelasher Adept,Vinelasher Adept,Green,G,G,{4}{G}{G},6,Common,Creature — Rhino Soldier,2,4,,normal,,,,2.0,,"I’m putting this right alongside the other low-end basic landcyclers.

On raw rate, it’s the kind of top-end card you only really consider when your deck is running out of better options. Basic landcycling does a lot of heavy lifting, though, because suddenly your mediocre late-game creature can also bail you out of a sketchy opener or fix your colors.

That flexibility drags it from “please don’t make me play this” into perfectly acceptable filler.",Green,https://mtgazone.com/reality-fracture-fra-limited-set-review-green/,119,https://scryfall.com/card/fra/119/vinelasher-adept,https://cards.scryfall.io/normal/front/e/5/e5ed142b-2b61-4ef5-8b23-2db2a0a0319d.jpg?1789556814,e5ed142b-2b61-4ef5-8b23-2db2a0a0319d
Wrecking Gecko,Wrecking Gecko,Green,G,G,{4}{G},5,Common,Artifact Creature — Lizard Construct,5,5,,normal,,,,1.5,,"I guess this is what happens when you ignore the Gecko and don’t save 15% on your car insurance.

As a card, this is another chunky piece of top-end filler with a mana sink attached. Most of what it really brings to the table is keyword: chonker, although ward 2 does at least make your opponent work a little harder to get rid of it.",Green,https://mtgazone.com/reality-fracture-fra-limited-set-review-green/,120,https://scryfall.com/card/fra/120/wrecking-gecko,https://cards.scryfall.io/normal/front/3/d/3d693cb0-681e-480a-8f70-07e94c39225c.jpg?1789385843,3d693cb0-681e-480a-8f70-07e94c39225c
Aerid Konstrari,Aerid Konstrari,Multicolor (Red/Green),RG,RG,{1}{R}{G}{G},4,Mythic,Legendary Creature — Elder Sphinx,5,4,,normal,,,,4.5,,"This is already a fantastic rate for a huge flyer, and then they decided to toss in a Heartwood token for good measure.

Even if your opponent immediately kills it, you’re still left with a second Heartwood token. That’s obviously not the outcome you’re hoping for, but it’s a hell of a lot better than spending your mana just to get completely blown out.

The real fun starts when Aerid actually gets to stick around and start smashing. Once you’re pumping this thing up, your opponent’s life total can disappear in a hurry.

Great rate, built-in value, and a very real ability to end the game quickly. That’s exactly what I want out of a 4.5.",Multicolor,https://mtgazone.com/reality-fracture-fra-limited-set-review-multicolor/,121,https://scryfall.com/card/fra/121/aerid-konstrari,https://cards.scryfall.io/normal/front/f/1/f17d2792-b075-4c47-ad38-e7a7eaee5f8c.jpg?1788878199,f17d2792-b075-4c47-ad38-e7a7eaee5f8c
Avatar of Burgeoning Echoes,Avatar of Burgeoning Echoes,Multicolor (Blue/Green),UG,UG,{G}{U},2,Mythic,Creature — Avatar,2,3,,normal,,,,4.0,,"I’m sure the -10 will come up every once in a while and make somebody feel like a genius, but that’s not really why I’m excited about this card.

The real value is getting to Empower Jace for the low cost of playing a land every turn while already having an above-rate body on the battlefield. That’s the kind of repeatable value that starts looking innocent and then suddenly you realize Jace has been printing cards for three turns.

The ultimate is cute. The engine is what makes this a 4.0.",Multicolor,https://mtgazone.com/reality-fracture-fra-limited-set-review-multicolor/,122,https://scryfall.com/card/fra/122/avatar-of-burgeoning-echoes,https://cards.scryfall.io/normal/front/5/9/5905995b-7a20-4602-a7cc-90aa5089a082.jpg?1788878208,5905995b-7a20-4602-a7cc-90aa5089a082
Blessed Ghoul,Blessed Ghoul,Multicolor (White/Black),WB,WB,{W/B},1,Common,Creature — Zombie Cleric,1,1,,normal,,,,1.5,,"Blessed Ghoul feels like a bit of an oxymoron, but who am I to judge his life choices?

We’ve seen plenty of variations on this card before. It’s repeatable sacrifice fodder, repeatable blocking fodder, and generally a mildly annoying thing that keeps coming back for a little more mana than I’d like to spend.

The lifelink does matter quite a bit if your deck is loaded with life gain triggers, though. In that shell, repeatedly dragging this thing back out of the graveyard can start setting off enough extra nonsense to make the cost worthwhile.

Most decks won’t care. The right one absolutely will.",Multicolor,https://mtgazone.com/reality-fracture-fra-limited-set-review-multicolor/,123,https://scryfall.com/card/fra/123/blessed-ghoul,https://cards.scryfall.io/normal/front/b/b/bb975803-9bf2-401e-9414-d272df314398.jpg?1789556847,bb975803-9bf2-401e-9414-d272df314398
Bloombrute,Bloombrute,Multicolor (White/Green),WG,WG,{2}{G}{W},4,Uncommon,Creature — Plant Elemental,4,4,,normal,,,,3.5,,"Now this is the kind of payoff I want for jumping through all those life gain hoops.

You really can’t go wrong with turning your triggers into extra cards, especially when the creature carrying the ability is already perfectly on rate. It even has a way to help turn itself on later in the game, which keeps it from relying entirely on the rest of your deck.

Good body, real card advantage, and built-in support for its own nonsense.

Yeah, this sounds pretty brutal.",Multicolor,https://mtgazone.com/reality-fracture-fra-limited-set-review-multicolor/,124,https://scryfall.com/card/fra/124/bloombrute,https://cards.scryfall.io/normal/front/6/b/6b804503-9c70-4b1f-bb13-a65fb6dd3ef8.jpg?1789644843,6b804503-9c70-4b1f-bb13-a65fb6dd3ef8
Charge the Sanctum,Charge the Sanctum,Multicolor (White/Red),WR,WR,{2}{R/W},3,Common,Instant,,,,normal,,,,1.5,,"I’m normally pretty low on Trumpet Blast effects, but this one gets a little more interesting thanks to the single-target mode.

Giving one creature +2/+0, first strike, and a +1/+1 counter can completely flip a combat that looked unwinnable a second ago.

I’m still not thrilled about spending three mana on a combat trick, but this has enough flexibility that I can potentially see it doing some work.",Multicolor,https://mtgazone.com/reality-fracture-fra-limited-set-review-multicolor/,125,https://scryfall.com/card/fra/125/charge-the-sanctum,https://cards.scryfall.io/normal/front/8/7/87b40df5-5c0a-41f5-a09c-a04f17066a91.jpg?1788521570,87b40df5-5c0a-41f5-a09c-a04f17066a91
Clash of Elements,Clash of Elements,Multicolor (Blue/Red),UR,UR,{1}{U}{R},3,Uncommon,Instant,,,,normal,,,,3.5,,"Three mana for an instant-speed Time Ebb is already a steal, even when you have to pay two different colors for it.

Then your opponent gets the lovely choice of either accepting that card heading to the bottom of their deck or taking two damage if they really want that card back. Neither option is exactly making their day better.",Multicolor,https://mtgazone.com/reality-fracture-fra-limited-set-review-multicolor/,126,https://scryfall.com/card/fra/126/clash-of-elements,https://cards.scryfall.io/normal/front/b/6/b61bcef7-5832-45e6-a2bc-26d4f23707fc.jpg?1788878210,b61bcef7-5832-45e6-a2bc-26d4f23707fc
Craftwork Crusher,Craftwork Crusher,Multicolor (Red/Green),RG,RG,{3}{R}{R}{G}{G},7,Uncommon,Artifact Creature — Boar Construct,7,5,,normal,,,,3.5,,"Is this expensive? Absolutely.

Is it color intensive? Obviously.

Is it also a giant tank with a ridiculous pile of value stapled onto it? Yep, and that’s why I’m still perfectly happy paying the price.

Getting to pick two between killing a creature or planeswalker, making a 2/2, or drawing a card would already be a strong package. Doing that while also dropping a massive trampler onto the battlefield is the kind of thing that can crush a game in short order.",Multicolor,https://mtgazone.com/reality-fracture-fra-limited-set-review-multicolor/,127,https://scryfall.com/card/fra/127/craftwork-crusher,https://cards.scryfall.io/normal/front/0/3/03f9839c-aa07-4ee7-847b-091e47ab80c4.jpg?1789470711,03f9839c-aa07-4ee7-847b-091e47ab80c4
Denzilore Fatehold,Denzilore Fatehold,Multicolor (White/Blue),WU,WU,{1}{W}{U}{U},4,Mythic,Legendary Creature — Elder Sphinx,3,4,,normal,,,,4.5,,"The baseline is already great. You’re getting a flash flyer at a solid rate that can randomly ambush an unsuspecting attacker and completely wreck combat.

The real nonsense starts when every scry and surveil suddenly turns into a +1/+1 counter for your entire team.

That can snowball out of control absurdly fast in a set where those effects are already floating around everywhere. You’re not even being asked to play bad cards to enable it—you’re just getting rewarded for doing things your deck probably wanted to do anyway.

If this sticks around for more than a turn or two, things are going to get stupid in a hurry.",Multicolor,https://mtgazone.com/reality-fracture-fra-limited-set-review-multicolor/,128,https://scryfall.com/card/fra/128/denzilore-fatehold,https://cards.scryfall.io/normal/front/9/8/986f9e98-9d8d-428b-9187-860745cf3269.jpg?1788878215,986f9e98-9d8d-428b-9187-860745cf3269
Desperate Futurescribe,Desperate Futurescribe,Multicolor (White/Blue),WU,WU,{2}{W}{U},4,Uncommon,Creature — Kor Scout,3,4,,normal,,,,3.5,,"So far, all of the signpost uncommons have been really strong, and you certainly don’t need to be desperate to slam this one.

The baseline rate is already solid, and you’re probably going to have enough incidental scrying and surveilling floating around to keep the bonus turned on without trying too hard.

That means the upside should stick around well into the future instead of being some cute little bonus you only get once.",Multicolor,https://mtgazone.com/reality-fracture-fra-limited-set-review-multicolor/,129,https://scryfall.com/card/fra/129/desperate-futurescribe,https://cards.scryfall.io/normal/front/c/f/cfaa3ebd-5c21-4e99-a0dd-8426d19b53a5.jpg?1789644852,cfaa3ebd-5c21-4e99-a0dd-8426d19b53a5
Emergency Phytomedic // Seed Suture,Emergency Phytomedic,Multicolor (White/Green),WG,WG,{G/W},1,Common,Creature — Dryad Cleric,1,1,,prepare,Seed Suture,{G/W},Sorcery,2.5,,"We’ve seen plenty of two-mana 1/1s that come down and toss a +1/+1 counter onto something, but this feels a couple of steps above the usual version.

You can still play it that way if you really need to. The much more appealing line is getting it down as a one-drop and then keeping that counter ability in your pocket for only one mana later. That flexibility feels so much better.

The life gain trigger looks small, but in the right deck it’s just another little piece of value stacking on top of everything else.

There’s a lot more going on here than you’d expect from such an unassuming card.",Multicolor,https://mtgazone.com/reality-fracture-fra-limited-set-review-multicolor/,130,https://scryfall.com/card/fra/130/emergency-phytomedic-seed-suture,https://cards.scryfall.io/normal/front/d/e/de94d388-919d-44ff-baef-8c90a417ac6d.jpg?1789637792,de94d388-919d-44ff-baef-8c90a417ac6d
Entrust the Spark,Entrust the Spark,Multicolor (Blue/Green),UG,UG,{3}{G}{U},5,Rare,Sorcery,,,,normal,,,,1.0,,"This is awfully close to wandering into never play this territory.

The only thing barely keeping it alive is that having an Empowered Jace token isn’t exactly difficult in this format, and there are enough completely busted planeswalkers running around that the effect can occasionally matter.

Still, I’d entrust this card with one very important job: keeping the rest of my sideboard company.",Multicolor,https://mtgazone.com/reality-fracture-fra-limited-set-review-multicolor/,131,https://scryfall.com/card/fra/131/entrust-the-spark,https://cards.scryfall.io/normal/front/c/a/ca894d25-b9fc-4cd6-8746-70d8c2868721.jpg?1789614779,ca894d25-b9fc-4cd6-8746-70d8c2868721
Fatehold Charm,Fatehold Charm,Multicolor (White/Blue),WU,WU,{W}{U},2,Uncommon,Instant,,,,normal,,,,3.5,,"This Charm sure does give you a whole pile of good options depending on what the game calls for.

Need to basically cycle it while tossing in some Empower Jace value? Done. Need to bounce a creature or spell and completely screw up your opponent’s plans? Also done. Need to pump the whole team and turn a normal attack into a math problem from hell? It has you covered there too.

None of the modes need to be busted when you get this much flexibility packed into one card. Fatehold Charm is going to have your back in a whole lot of different situations.",Multicolor,https://mtgazone.com/reality-fracture-fra-limited-set-review-multicolor/,132,https://scryfall.com/card/fra/132/fatehold-charm,https://cards.scryfall.io/normal/front/c/f/cfc54011-647e-4428-bcdb-59400e1da49d.jpg?1789127637,cfc54011-647e-4428-bcdb-59400e1da49d
Fatehold Chronologist // Peer Review,Fatehold Chronologist,Multicolor (White/Blue),WU,WU,{1}{W/U},2,Common,Creature — Bird Wizard,1,2,,prepare,Peer Review,{2}{W/U},Sorcery,2.0,,"On one side, you’ve got a cheap little dorky flyer. On the other, you get a slightly overcosted Bear with a surveil thrown in for your trouble.

Neither half is exactly setting the world on fire, but getting both has some real value.",Multicolor,https://mtgazone.com/reality-fracture-fra-limited-set-review-multicolor/,133,https://scryfall.com/card/fra/133/fatehold-chronologist-peer-review,https://cards.scryfall.io/normal/front/2/9/29e7ec16-0c16-48aa-8e09-ce6e0d5bd40b.jpg?1789060173,29e7ec16-0c16-48aa-8e09-ce6e0d5bd40b
Ferocity of the Hunt,Ferocity of the Hunt,Multicolor (Black/Green),BG,BG,{1}{B/G},2,Common,Enchantment — Aura,,,,normal,,,,1.5,,"I love having one copy of this type of effect when it costs a single mana. At one, it slides into a deck pretty painlessly. At two, I need a much better reason, which means I’m really looking to hunt down some creatures that have strong ETBs.

The nice part is that the deathtouch sticks around. If you manage to slap this onto a first striker and surprise someone in combat, they’re going to be absolutely miserable.

There’s some sneaky upside here, but at two mana I need the rest of my deck to help justify it.",Multicolor,https://mtgazone.com/reality-fracture-fra-limited-set-review-multicolor/,134,https://scryfall.com/card/fra/134/ferocity-of-the-hunt,https://cards.scryfall.io/normal/front/a/9/a9793ce9-5a0b-41fe-b9ad-02f6f7da2481.jpg?1789644856,a9793ce9-5a0b-41fe-b9ad-02f6f7da2481
Frostbite Pyromental,Frostbite Pyromental,Multicolor (Blue/Red),UR,UR,{U}{R}{R},3,Rare,Creature — Elemental,4,4,,normal,,,,1.5,,"This is a weird one to grade because it costs the same amount as Divination, and the dream outcome is basically drawing two cards while sneaking in four damage. That sounds great on paper.

The problem is that the whole plan falls apart pretty quickly if your opponent has a giant blocker just chilling in the way. It can also eat a removal spell before doing anything useful, and not every deck is trying to race your opponent down to zero as quickly as possible. That’s without mentioning the difficulty of the casting cost.

There are definitely games where this will feel amazing. There are also going to be plenty where I’d rather cut out all the extra steps and just cast a draw-two.",Multicolor,https://mtgazone.com/reality-fracture-fra-limited-set-review-multicolor/,135,https://scryfall.com/card/fra/135/frostbite-pyromental,https://cards.scryfall.io/normal/front/7/a/7a44581f-8fc4-457d-888a-1e211090ee7e.jpg?1789470870,7a44581f-8fc4-457d-888a-1e211090ee7e
Grim Repriser,Grim Repriser,Multicolor (Black/Red),BR,BR,{B}{R},2,Uncommon,Creature — Zombie Bard,2,2,,normal,,,,2.5,,"This signpost uncommon is looking a little grim compared to some of the others I’ve graded so far.

That doesn’t mean it’s bad. A 2/2 prowess creature for two mana is already a perfectly solid card, and I’d expect to run this in almost every Rakdos deck.

The problem is that it doesn’t really become something special unless you have reliable ways to bring it back and squeeze extra value out of it. Without that, it’s good—but not something I’m spending a premium pick on.",Multicolor,https://mtgazone.com/reality-fracture-fra-limited-set-review-multicolor/,136,https://scryfall.com/card/fra/136/grim-repriser,https://cards.scryfall.io/normal/front/8/2/8295c48c-b4dd-4bc1-a206-04cf12b79bbd.jpg?1789470746,8295c48c-b4dd-4bc1-a206-04cf12b79bbd
Ingris Stingerquill,Ingris Stingerquill,Multicolor (Black/Red),BR,BR,{B}{R}{R},3,Mythic,Legendary Creature — Elder Sphinx,1,4,,normal,,,,4.5,,"Another mythic Sphinx is really good. I am absolutely shocked. Stunned, even.

This one comes down cheap and turns your entire squad, including itself, into pingers whenever they attack. That kind of passive damage adds up ridiculously fast and makes racing basically impossible.

And because apparently that wasn’t enough, you can also start pooping out hasty bodies for a very reasonable cost—and the ability doesn’t even require a tap.

Cheap threat, immediate pressure, and a built-in army factory. Yeah, this thing is disgusting.",Multicolor,https://mtgazone.com/reality-fracture-fra-limited-set-review-multicolor/,137,https://scryfall.com/card/fra/137/ingris-stingerquill,https://cards.scryfall.io/normal/front/6/4/6471b135-33a8-4005-9a07-ebb74e0bf145.jpg?1788878212,6471b135-33a8-4005-9a07-ebb74e0bf145
Konstrari Charm,Konstrari Charm,Multicolor (Red/Green),RG,RG,{R}{G},2,Uncommon,Instant,,,,normal,,,,2.0,,"Man, Fatehold Charm puts this thing to shame. SHAME.

It’s really hard to imagine a spot where spending two mana and an entire card just to make three colorless mana is the correct play unless it immediately sets up lethal or some other completely disgusting turn.

The damage-to-a-flyer mode is mostly sideboard material, which leaves this functioning as a two-mana combat trick most of the time.

Granted, it’s a pretty good trick for the cost. It’s just hard to get excited when the other Charm showed up to the party wearing a tuxedo and this one brought a polo shirt.",Multicolor,https://mtgazone.com/reality-fracture-fra-limited-set-review-multicolor/,138,https://scryfall.com/card/fra/138/konstrari-charm,https://cards.scryfall.io/normal/front/7/d/7d29dfa1-9582-47bc-8f42-62b611bdcc4e.jpg?1789127645,7d29dfa1-9582-47bc-8f42-62b611bdcc4e
Konstrari Improviser // Soul Tether,Konstrari Improviser,Multicolor (Red/Green),RG,RG,{1}{R/G},2,Common,Creature — Human Artificer,2,2,,prepare,Soul Tether,{2}{R/G},Sorcery,2.0,,"A Bear that basically lets you cast a Manalith off of it is perfectly respectable curve filler.

The real value comes when you have some bigger threats you’re trying to get onto the battlefield with a little extra swiftness. In those decks, this can smooth out your curve and help you jump ahead without playing a dedicated ramp spell.

Nothing flashy, but it does a useful job at a reasonable price.",Multicolor,https://mtgazone.com/reality-fracture-fra-limited-set-review-multicolor/,139,https://scryfall.com/card/fra/139/konstrari-improviser-soul-tether,https://cards.scryfall.io/normal/front/4/2/42e28bd2-486b-45d4-8840-6e33c19c2d57.jpg?1789556881,42e28bd2-486b-45d4-8840-6e33c19c2d57
Kwia Vigorbloom,Kwia Vigorbloom,Multicolor (White/Green),WG,WG,{3}{G}{W}{W},6,Mythic,Legendary Creature — Elder Sphinx,6,6,,normal,,,,4.5,,"I honestly couldn’t care less about the Lotus token. That just feels like fancy packaging designed to make the kids think they’re getting something extra. It’s the rest of the card that has my attention.

I usually hesitate to rate anything this highly when it can eat a removal spell without leaving behind extra value, but this thing is basically impossible to race. A 6/6 with flying, vigilance, and lifelink can swing the game so violently that your opponent might need a seatbelt.

It even has ward 2, so dealing with it isn’t exactly convenient either.",Multicolor,https://mtgazone.com/reality-fracture-fra-limited-set-review-multicolor/,140,https://scryfall.com/card/fra/140/kwia-vigorbloom,https://cards.scryfall.io/normal/front/2/d/2d6ff182-a853-4898-895b-072c89324ca7.jpg?1788878236,2d6ff182-a853-4898-895b-072c89324ca7
Mind Meanderer,Mind Meanderer,Multicolor (Blue/Green),UG,UG,{3}{G}{U}{U},6,Uncommon,Creature — Bird Fish Illusion,4,4,,normal,,,,3.0,,"It’s a little pricey, but this is still a solid piece of top end that can fight something when it enters and then start winning through the air.

Most of the time, it’s basically going to play like a Serra Angel because having an Empowered Jace around is hardly asking for much in this set.

Removal stapled to an evasive threat is always a combination I’m interested in, even if I have to pay a little extra for it.",Multicolor,https://mtgazone.com/reality-fracture-fra-limited-set-review-multicolor/,141,https://scryfall.com/card/fra/141/mind-meanderer,https://cards.scryfall.io/normal/front/9/4/94c290ce-252c-42b3-bcb0-c1ef621df566.jpg?1789470861,94c290ce-252c-42b3-bcb0-c1ef621df566
Null Summoner,Null Summoner,Multicolor (Blue/Black),UB,UB,{2}{U}{B},4,Rare,Creature — Human Warlock,4,2,,normal,,,,4.0,,"The value is already there when you’re getting a four-power creature that basically casts Coercion on your opponent on the way in. That’s a pretty disgusting two-for-one before we even start talking about the upside.

Threshold can push things even further, although there’s a decent chance your opponent’s hand is already running on fumes by the time you get there. Hard to rip apart a hand that doesn’t exist anymore.

Still, that’s a pretty minor complaint. Big body, immediate card advantage, and some bonus ceiling if everything lines up. This is a great card.",Multicolor,https://mtgazone.com/reality-fracture-fra-limited-set-review-multicolor/,142,https://scryfall.com/card/fra/142/null-summoner,https://cards.scryfall.io/normal/front/3/a/3afdc75a-1bf5-4f2f-84eb-d82f77a095cd.jpg?1789127648,3afdc75a-1bf5-4f2f-84eb-d82f77a095cd
Paradox Shaper // Omit Variables,Paradox Shaper,Multicolor (Blue/Black),UB,UB,{1}{U/B},2,Uncommon,Creature — Octopus Wizard,1,3,,prepare,Omit Variables,{U/B},Sorcery,2.5,,"There are definitely decks that are going to want this card. For example, you 100% want this if you’re running multiple Threshold cards or have a ton of the cards you can exile form your graveyard for value.

In theory, you can mill away most of your deck and eventually start choosing exactly what you want to draw every turn. That sounds great.

In reality, you’re probably going to spend several turns milling yourself while falling behind on board, only for Paradox Shaper to get removed right when it was finally about to do something useful. That means you better have that value available in your graveyard to maximize this.",Multicolor,https://mtgazone.com/reality-fracture-fra-limited-set-review-multicolor/,143,https://scryfall.com/card/fra/143/paradox-shaper-omit-variables,https://cards.scryfall.io/normal/front/e/6/e61b9d48-0ace-4453-afe0-a1024444bac0.jpg?1788329390,e61b9d48-0ace-4453-afe0-a1024444bac0
Primal Witchstalker,Primal Witchstalker,Multicolor (Black/Green),BG,BG,{1}{B}{G},3,Uncommon,Creature — Wolf,2,1,,normal,,,,3.0,,"This is another one that really makes you wish Evolving Wilds had made the trip into this set.

Even without it, milling four gives you a pretty decent shot at hitting a land, and there’s a good chance you dump some other graveyard goodies along the way.

That makes this a nice mix of value and synergy without asking you to do anything too ridiculous. If your deck already cares about the graveyard, it gets even better.",Multicolor,https://mtgazone.com/reality-fracture-fra-limited-set-review-multicolor/,144,https://scryfall.com/card/fra/144/primal-witchstalker,https://cards.scryfall.io/normal/front/0/4/04e64af7-cca1-499e-8951-f386e84c8b5b.jpg?1789644850,04e64af7-cca1-499e-8951-f386e84c8b5b
Proctor of Potential,Proctor of Potential,Multicolor (White/Blue),WU,WU,{W}{U},2,Rare,Creature — Human Cleric,3,1,,normal,,,,4.0,,"On its own, this does a great job smoothing out your draws without asking much more from you than simply curving out with creatures. That gets even easier when you keep getting to sculpt what you draw next.

The real potential shows up when your deck is packed with cards that trigger every time you surveil. At that point, this stops being simple card selection and starts turning on a whole pile of extra nonsense.

Good by itself. Potentially disgusting in the right shell.",Multicolor,https://mtgazone.com/reality-fracture-fra-limited-set-review-multicolor/,145,https://scryfall.com/card/fra/145/proctor-of-potential,https://cards.scryfall.io/normal/front/c/f/cf0eec8c-0475-4050-8144-481a9bb13a0f.jpg?1789127661,cf0eec8c-0475-4050-8144-481a9bb13a0f
Prudent Fateseer // Peer Review,Prudent Fateseer,Multicolor (White/Blue),WU,WU,{1}{W/U}{W/U},3,Uncommon,Creature — Dwarf Wizard,1,4,,prepare,Peer Review,{2}{W/U},Sorcery,2.0,,"This is usually going to be a two-for-one unless your opponent decides they really need to spend a removal spell on your 1/4.

How much value you get beyond that is going to vary wildly depending on how wide your deck goes and how many reliable ways you have to trigger the ability.

The floor is already respectable, but the right deck can squeeze a lot more out of it.",Multicolor,https://mtgazone.com/reality-fracture-fra-limited-set-review-multicolor/,146,https://scryfall.com/card/fra/146/prudent-fateseer-peer-review,https://cards.scryfall.io/normal/front/6/c/6c1c790b-9e0e-4964-9ea3-554843907f06.jpg?1788329412,6c1c790b-9e0e-4964-9ea3-554843907f06
Recursive Recruitment,Recursive Recruitment,Multicolor (Blue/Black),UB,UB,{2}{U}{B},4,Uncommon,Sorcery,,,,normal,,,,3.5,,"This is one of those cards where I’m already wondering if 3.5 is a little too conservative.

Making two 2/2s for four mana is already a perfectly solid Limited card. Then you get to flash it back later and make the next batch even bigger, which is where things start getting kind of stupid.

The first cast is good value. The second one is where this starts looking like an absolute beating.

I’m starting at 3.5, but I would not be shocked if this ends up playing like a 4.0.",Multicolor,https://mtgazone.com/reality-fracture-fra-limited-set-review-multicolor/,147,https://scryfall.com/card/fra/147/recursive-recruitment,https://cards.scryfall.io/normal/front/6/8/68fddb6a-86d4-4ebb-907d-fdcaadebc4b3.jpg?1789556898,68fddb6a-86d4-4ebb-907d-fdcaadebc4b3
Solarium Sentry,Solarium Sentry,Multicolor (White/Green),WG,WG,{G}{W},2,Rare,Creature — Cat Soldier,3,3,,normal,,,,3.0,,"I remember when people freaked out because Watchwolf existed. Now we get that card with a relevant ability stapled on and everyone just shrugs because apparently this is what Limited looks like now.

You obviously want life gain triggers to really maximize Solarium Sentry, but you don’t need to go completely overboard. Even a little incidental life gain can start adding up when the body is already above rate before any of the synergy kicks in.",Multicolor,https://mtgazone.com/reality-fracture-fra-limited-set-review-multicolor/,148,https://scryfall.com/card/fra/148/solarium-sentry,https://cards.scryfall.io/normal/front/1/e/1ef12dcf-df50-4da6-8c4c-e2937ba9698e.jpg?1789127651,1ef12dcf-df50-4da6-8c4c-e2937ba9698e
Solitary Cell,Solitary Cell,Multicolor (White/Red),WR,WR,{R}{W},2,Rare,Artifact,,,,normal,,,,3.0,,"The second half of this card might as well be blank in about 90% of situations, so the grade is almost entirely riding on that first ability.

Two mana to remove something that costs three or less is a perfectly reasonable deal in Limited. The only real knock is that being two colors makes it a little harder to slot into just any deck.

Nothing flashy here, but efficient removal is efficient removal.",Multicolor,https://mtgazone.com/reality-fracture-fra-limited-set-review-multicolor/,149,https://scryfall.com/card/fra/149/solitary-cell,https://cards.scryfall.io/normal/front/5/1/5142bbb6-194c-4b12-b11a-1a21c9fe81a6.jpg?1788260690,5142bbb6-194c-4b12-b11a-1a21c9fe81a6
Stingerquill Charm,Stingerquill Charm,Multicolor (Black/Red),BR,BR,{B}{R},2,Uncommon,Instant,,,,normal,,,,3.5,,"Another busted Charm where all three modes are actually good. What a concept.

Lightning Strike is always going to be a great card. First strike plus deathtouch can turn basically any random creature into a removal spell, and it gets especially nasty when your opponent tries to gang block and you do something so disgusting that you better put the kids to bed first.

And if none of that is what you need, you can always just poop out a 2/2 with haste and add to the board.

There really isn’t a bad option here. This one is going to sting.",Multicolor,https://mtgazone.com/reality-fracture-fra-limited-set-review-multicolor/,150,https://scryfall.com/card/fra/150/stingerquill-charm,https://cards.scryfall.io/normal/front/8/1/81733ff7-e611-43ee-bf38-6bb700676017.jpg?1789127652,81733ff7-e611-43ee-bf38-6bb700676017
Stingerquill Voxmancer // Vicious Verse,Stingerquill Voxmancer,Multicolor (Black/Red),BR,BR,{B/R},1,Uncommon,Creature — Goblin Sorcerer,1,2,,prepare,Vicious Verse,{B/R},Sorcery,2.5,,"This isn’t exactly going to beat your opponent down on its own, but it can usually sneak in a hit or two early.

More importantly, it gives you a pile of triggers for dealing noncombat damage to your opponent. It even gives aggressive decks a little extra reach when they’re struggling to close things out. And if your opponent decides to spend a real removal spell on your one-drop, that’s a trade you’re probably pretty happy to make.

Especially when there’s a decent chance you picked this thing up on the wheel.",Multicolor,https://mtgazone.com/reality-fracture-fra-limited-set-review-multicolor/,151,https://scryfall.com/card/fra/151/stingerquill-voxmancer-vicious-verse,https://cards.scryfall.io/normal/front/8/4/84b1c268-3b8a-41b6-92e3-a2ce0cc3d738.jpg?1788329418,84b1c268-3b8a-41b6-92e3-a2ce0cc3d738
Stinging Vitriol,Stinging Vitriol,Multicolor (Black/Red),BR,BR,{B}{R},2,Rare,Sorcery,,,,normal,,,,3.0,,"I’m sure there are going to be games where the two damage actually matters, and it’s nice that this still does something when you rip it off the top after your opponent has already emptied their hand.

The real reason I’m interested, though, is much simpler: it’s a two-mana catch-all discard spell.

Getting to strip basically anything before it becomes a problem is already strong. The random burn is just a little extra sting on top.",Multicolor,https://mtgazone.com/reality-fracture-fra-limited-set-review-multicolor/,152,https://scryfall.com/card/fra/152/stinging-vitriol,https://cards.scryfall.io/normal/front/a/7/a7d78297-7411-4ec5-8931-a25146869d5b.jpg?1789385971,a7d78297-7411-4ec5-8931-a25146869d5b
Tam's Resistance,Tam's Resistance,Multicolor (Blue/Green),UG,UG,{1}{G/U},2,Common,Sorcery,,,,normal,,,,1.5,,"If you’re actively looking for more ways to Empower Jace, then this is something you can talk yourself into playing.

Otherwise, even with the cantrip attached, a sorcery-speed +1/+1 effect just isn’t really a modern Limited card anymore.

The Jace synergy is doing basically all of the heavy lifting here. Without it, this is the kind of card that makes you wonder what year the design file came from.",Multicolor,https://mtgazone.com/reality-fracture-fra-limited-set-review-multicolor/,153,https://scryfall.com/card/fra/153/tams-resistance,https://cards.scryfall.io/normal/front/b/3/b3d33df2-a77b-4c2e-ba7f-2cc9c1505f9b.jpg?1788878215,b3d33df2-a77b-4c2e-ba7f-2cc9c1505f9b
Tenured Tethermage,Tenured Tethermage,Multicolor (Red/Green),RG,RG,{1}{R}{G},3,Rare,Creature — Human Artificer,1,1,,normal,,,,3.5,,"I like this as a ramp spell that just so happens to toss a land into your graveyard, which is actually a feature in this set instead of an unfortunate side effect.

The fact that it can start growing itself afterward is a nice bonus, but it begins life absolutely teeny tiny. That leaves it extremely vulnerable to basically anything your opponent feels like pointing at it.

If it survives, though, you’re getting ramp, graveyard synergy, and a threat that can eventually grow into something relevant. That’s a pretty solid package for three mana.",Multicolor,https://mtgazone.com/reality-fracture-fra-limited-set-review-multicolor/,154,https://scryfall.com/card/fra/154/tenured-tethermage,https://cards.scryfall.io/normal/front/1/7/1703306d-6a3d-4ab8-bf58-a9992236ef0f.jpg?1789385792,1703306d-6a3d-4ab8-bf58-a9992236ef0f
Theorix Charm,Theorix Charm,Multicolor (Blue/Black),UB,UB,{U}{B},2,Uncommon,Instant,,,,normal,,,,2.5,,"Another solid Charm with multiple decent options. I still don’t know what Konstrari Charm did to deserve its fate, but apparently somebody on the design team had beef.

I do think the first mode should have just been Quench instead of limiting it to noncreature spells. The -2/-2 mode sort of covers you against smaller creatures, but you’re still hanging out to dry against anything bigger or anything with a nasty ETB.

Even the mill-three-and-draw mode is perfectly respectable because it basically gets you four cards closer to Threshold while replacing itself.

Nothing here is completely busted, but having three useful options adds up to a card I’m pretty happy playing.",Multicolor,https://mtgazone.com/reality-fracture-fra-limited-set-review-multicolor/,155,https://scryfall.com/card/fra/155/theorix-charm,https://cards.scryfall.io/normal/front/2/8/2835c9aa-0904-44db-8da2-e8c4e04201aa.jpg?1789127659,2835c9aa-0904-44db-8da2-e8c4e04201aa
Theorix Metamage // Omit Variables,Theorix Metamage,Multicolor (Blue/Black),UB,UB,{2}{U/B},3,Common,Creature — Shade Wizard,2,3,,prepare,Omit Variables,{U/B},Sorcery,2.0,,"How much the self-mill matters is really going to depend on whether your deck has other ways to reach Threshold and enough payoffs to care once you get there.

A 3/3 flyer for three mana is already a solid deal, even if you have to jump through a minor hoop to turn it on.

Basically, I’m looking at this as closer to a 2.5 in graveyard decks such as Dimir and a 1.5 almost everywhere else. Split the difference, slap a 2.0 on it, and call it a day.",Multicolor,https://mtgazone.com/reality-fracture-fra-limited-set-review-multicolor/,156,https://scryfall.com/card/fra/156/theorix-metamage-omit-variables,https://cards.scryfall.io/normal/front/f/b/fb6bad96-841d-4738-8e62-92f346f914fd.jpg?1789556930,fb6bad96-841d-4738-8e62-92f346f914fd
Twinned Vision,Twinned Vision,Multicolor (Blue/Red),UR,UR,{1}{U/R},2,Common,Instant,,,,normal,,,,2.0,,"Think Twice was always a perfectly reasonable card and even managed to see some Constructed play back in the day. This is basically that with a rummage stapled on for a little extra value.

It’s not doing anything flashy, but spell-heavy decks are going to appreciate the cheap card flow.

I can see the vision here. It’s just not exactly 20/20.",Multicolor,https://mtgazone.com/reality-fracture-fra-limited-set-review-multicolor/,157,https://scryfall.com/card/fra/157/twinned-vision,https://cards.scryfall.io/normal/front/5/5/55f85984-0137-4899-8993-bbc8c4794d33.jpg?1789556940,55f85984-0137-4899-8993-bbc8c4794d33
Twisted Fates,Twisted Fates,Multicolor (White/Black),WB,WB,{2}{W}{W}{B},5,Uncommon,Sorcery,,,,normal,,,,3.5,,"Kill anything and pump your whole team? Yes please.

Don’t get it twisted, this card is sick. Removal is already premium, and stapling a team-wide combat boost onto it can turn a normal exchange into an absolute beating.

I’m starting at 3.5, but this feels like the kind of card that could creep up to a 4.0 once we actually get a couple weeks of games in.",Multicolor,https://mtgazone.com/reality-fracture-fra-limited-set-review-multicolor/,158,https://scryfall.com/card/fra/158/twisted-fates,https://cards.scryfall.io/normal/front/c/7/c7c0765d-38fd-4d7b-bfb4-49b10ff5939b.jpg?1789614785,c7c0765d-38fd-4d7b-bfb4-49b10ff5939b
Uldaros Theorix,Uldaros Theorix,Multicolor (Blue/Black),UB,UB,{3}{U}{B}{B},6,Mythic,Legendary Creature — Elder Sphinx,5,5,,normal,,,,4.5,,"It shouldn’t be particularly difficult to stock your graveyard in Dimir, and this gives you some premium options for turning all that junk into actual value.

Getting an extra dude and a removal spell tacked onto an already massive 5/5 flyer sounds like a pretty damn effective way to flip a game completely in your favor.",Multicolor,https://mtgazone.com/reality-fracture-fra-limited-set-review-multicolor/,159,https://scryfall.com/card/fra/159/uldaros-theorix,https://cards.scryfall.io/normal/front/a/7/a7ad622a-42ff-48fa-ae95-12e0a5bd9387.jpg?1788878220,a7ad622a-42ff-48fa-ae95-12e0a5bd9387
Vigorbloom Charm,Vigorbloom Charm,Multicolor (White/Green),WG,WG,{G}{W},2,Uncommon,Instant,,,,normal,,,,3.5,,"Charms are good, mmkay.

Protecting a key creature, cycling while picking up some life in the colors that actually care about lifegain triggers, or tossing on a +1/+1 counter and fighting something are all pretty great things to be doing for only two mana.

None of the modes are wasted, and that kind of flexibility is exactly what makes these Charms so strong.",Multicolor,https://mtgazone.com/reality-fracture-fra-limited-set-review-multicolor/,160,https://scryfall.com/card/fra/160/vigorbloom-charm,https://cards.scryfall.io/normal/front/2/b/2b198e10-b507-4314-a29c-a219f06e48b7.jpg?1789127656,2b198e10-b507-4314-a29c-a219f06e48b7
Vigorbloom Vanguard // Seed Suture,Vigorbloom Vanguard,Multicolor (White/Green),WG,WG,{1}{G/W},2,Uncommon,Creature — Troll Druid,2,2,,prepare,Seed Suture,{G/W},Sorcery,2.5,,"This rating might look a little high at first, but I think the whole is better than the sum of its parts.

A generic bear isn’t exactly something to write home about these days, but for just one more mana you can turn it into a 3/3 with vigilance. Better yet, that +1/+1 counter can go on any creature, which can seriously mess with combat math.

Then, just to squeeze out a little more value, you gain a life and trigger one of the many life-gain payoffs floating around the set.

None of those things are amazing on their own, but together they make this a really solid Limited card.",Multicolor,https://mtgazone.com/reality-fracture-fra-limited-set-review-multicolor/,161,https://scryfall.com/card/fra/161/vigorbloom-vanguard-seed-suture,https://cards.scryfall.io/normal/front/a/c/acefc515-bf97-4dc0-b0f7-ae8ae5a61671.jpg?1788329423,acefc515-bf97-4dc0-b0f7-ae8ae5a61671
Vindictive Triumph,Vindictive Triumph,Multicolor (White/Black),WB,WB,{W}{B}{B},3,Rare,Instant,,,,normal,,,,2.5,,"This is some pretty awkward three-mana removal to cast, even if it does hit almost anything.

The bonus mode asks for a lot more to really shine. You need to hit something that costs three or less, and ideally it has a useful ETB so you’re actually getting meaningful value out of bringing it back.

The token even enters tapped, so there aren’t any cute surprise-blocking blowouts hiding here.",Multicolor,https://mtgazone.com/reality-fracture-fra-limited-set-review-multicolor/,162,https://scryfall.com/card/fra/162/vindictive-triumph,https://cards.scryfall.io/normal/front/a/8/a803dbe7-153a-4e92-ad4d-c2babebe003d.jpg?1789127665,a803dbe7-153a-4e92-ad4d-c2babebe003d
Warrior's Blades,Warrior's Blades,Multicolor (White/Red),WR,WR,{2}{R}{W},4,Uncommon,Artifact — Equipment,,,,normal,,,,2.0,,"We already saw with Crude Bent Blade how effective Equipment can be when it kills something on the way in. The problem here is that Warrior's Blades costs one more mana to cast and one more to equip, and those little taxes add up quickly.

On the plus side, this is basically casting Lightning Helix instead of Diabolic Edict, which is usually going to work in this card’s favor. You get to choose what dies while also picking up some life.

Still, the extra mana is enough to keep me from getting too excited. I’m fine playing one, but I definitely don’t want my deck turning into a Warrior's Blades outlet store.",Multicolor,https://mtgazone.com/reality-fracture-fra-limited-set-review-multicolor/,163,https://scryfall.com/card/fra/163/warriors-blades,https://cards.scryfall.io/normal/front/c/6/c63d5b0e-ee72-42ed-aa7e-484ba84507cd.jpg?1789007648,c63d5b0e-ee72-42ed-aa7e-484ba84507cd
Whiplash Wordsmith // Vicious Verse,Whiplash Wordsmith,Multicolor (Black/Red),BR,BR,{3}{B/R},4,Common,Creature — Vampire Sorcerer,3,3,,prepare,Vicious Verse,{B/R},Sorcery,1.5,,"It’s not particularly hard to deal noncombat damage in Rakdos, and this even gives you its own one-shot enabler if you want to give it haste and get swinging immediately.

The problem is that we’re all the way up at five mana for that option, and that’s a little more than I want to pay for what this is ultimately doing. Expensive cards need to earn their keep, and this one is mostly showing up because it knows the right people.

It’s a reasonable role player in Rakdos, especially if you have plenty of noncombat damage triggers, but I don’t see it getting much work anywhere else.",Multicolor,https://mtgazone.com/reality-fracture-fra-limited-set-review-multicolor/,164,https://scryfall.com/card/fra/164/whiplash-wordsmith-vicious-verse,https://cards.scryfall.io/normal/front/8/0/8096bc9a-a610-448f-bef2-7230e17e9777.jpg?1789127692,8096bc9a-a610-448f-bef2-7230e17e9777
Woodwork Prodigy // Soul Tether,Woodwork Prodigy,Multicolor (Red/Green),RG,RG,{2}{R/G},3,Uncommon,Creature — Cat Druid,3,3,,prepare,Soul Tether,{2}{R/G},Sorcery,2.5,,"This can certainly go up in value if your deck is looking to ramp or has a good mana sink to dump all that extra mana into.

I also really appreciate that the tokens don’t enter tapped, because that effectively makes them cost two mana instead of forcing you to pay three and wait around before they actually do anything.

It’s not flashy, but in the right deck this can quietly do a lot of useful work.",Multicolor,https://mtgazone.com/reality-fracture-fra-limited-set-review-multicolor/,165,https://scryfall.com/card/fra/165/woodwork-prodigy-soul-tether,https://cards.scryfall.io/normal/front/7/d/7d17f7e3-7b63-4674-9024-4fd1827f40ec.jpg?1788329429,7d17f7e3-7b63-4674-9024-4fd1827f40ec
Afterthought Sentry,Afterthought Sentry,Colorless,C,C,{2},2,Common,Artifact Creature — Gargoyle,2,2,,normal,,,,2.5,,"I fully expect to catch some heat for this grade, but this feels pretty far above the curve for a colorless two-drop.

Common artifact creatures are usually intentionally a little crappy so they can serve as emergency filler for whatever deck desperately needs another playable. This honestly feels like the kind of card that would normally have defender slapped on it just to remind you not to get too excited.

Instead, you get a perfectly reasonable bear that can gain flying for a manageable cost. Two-drops that are useful early and still have something relevant to do later tend to overperform, and getting all of that without committing to a color is a pretty big deal.

The second ability is also legitimately useful in this format with all the graveyard shenanigans floating around.

Maybe 2.5 ends up looking aggressive, but I have a feeling this little pile of colorless cardboard is going to make a lot more decks than people expect.",Artifacts and Lands,https://mtgazone.com/reality-fracture-fra-limited-set-review-artifacts-and-lands/,166,https://scryfall.com/card/fra/166/afterthought-sentry,https://cards.scryfall.io/normal/front/4/d/4d4b3bf7-a149-4099-b97d-4e36a87dfa60.jpg?1789385875,4d4b3bf7-a149-4099-b97d-4e36a87dfa60
Archive Arbiter,Archive Arbiter,Colorless,C,C,{6},6,Uncommon,Artifact Creature — Sphinx,4,4,,normal,,,,2.0,,"This is a great example of what I was talking about with Afterthought Sentry. It’s perfectly serviceable, but it feels like it either wants to cost one less mana or come with a slightly beefier body.

Not being able to hit creatures or lands is a bit of a frowny face, but there are still plenty of good targets floating around. Planeswalkers, Memory Trap, and other annoying noncreature permanents can all get lit up by this.

If you nail something important, this feels great. If you’re just playing it for a little life and a flyer, though, it starts to feel like you paid the artifact creature tax.",Artifacts and Lands,https://mtgazone.com/reality-fracture-fra-limited-set-review-artifacts-and-lands/,167,https://scryfall.com/card/fra/167/archive-arbiter,https://cards.scryfall.io/normal/front/0/2/024bce1e-a5f3-4292-bc17-d0355a5d65e1.jpg?1789614867,024bce1e-a5f3-4292-bc17-d0355a5d65e1
"Codie, Ravenous Codex","Codie, Ravenous Codex",Colorless,C,WUBRG,{3},3,Rare,Legendary Artifact Creature — Book Construct,1,4,,normal,,,,1.5,,"I’m not saying there won’t be five-color soup decks in this format because I can assure you there absolutely will be. The problem is that Codie wants you to have the whole damn pantry.

You need this, access to all five colors, and enough creatures with Prepared to really start abusing what it’s doing. That’s a pretty specific grocery list.

You can still run it as a 1/4 for three if you have multiple Prepared creatures and hope to squeeze out some extra triggers along the way, but that version is a whole lot less exciting.",Artifacts and Lands,https://mtgazone.com/reality-fracture-fra-limited-set-review-artifacts-and-lands/,168,https://scryfall.com/card/fra/168/codie-ravenous-codex,https://cards.scryfall.io/normal/front/c/3/c3192390-1518-49fc-8716-f2c7a0384f39.jpg?1789646811,c3192390-1518-49fc-8716-f2c7a0384f39
The Echoverse Fulcrum,The Echoverse Fulcrum,Colorless,C,C,{2},2,Mythic,Legendary Artifact,,,,normal,,,,4.0,,"It is a colorless sweeper, so obviously there were going to be some strings attached. Even at mythic, they weren’t just going to hand every deck a free Wrath and call it a day.

If you want to surprise your opponent with it, the full package is going to cost you seven mana, which is a hell of a lot for a sweeper.

If you want to loot early or spread the cost across two turns, then you’re basically putting up a giant neon sign that says “PLEASE STOP COMMITTING CREATURES TO THE BOARD.”

The flexibility is still fantastic and being colorless is a huge deal, but every mode makes you pay for that privilege somehow.",Artifacts and Lands,https://mtgazone.com/reality-fracture-fra-limited-set-review-artifacts-and-lands/,169,https://scryfall.com/card/fra/169/the-echoverse-fulcrum,https://cards.scryfall.io/normal/front/d/7/d71d250f-c0e0-44b2-877c-76f3bcab4f34.jpg?1789385887,d71d250f-c0e0-44b2-877c-76f3bcab4f34
Eye of Jace,Eye of Jace,Colorless,C,C,{1},1,Uncommon,Artifact,,,,normal,,,,1.0,,"I need to be pretty deep in the sauce on graveyard value before I’m interested in playing this.

Surveiling every turn is certainly useful, but it’s not automatically worth spending an entire card on, even when the setup is cheap.

The part that really annoys me is that the second ability isn’t optional. Draining for two is rarely going to be better than just continuing to surveil and sculpt your draws over the course of the game.

If my deck is absolutely begging to fill the graveyard, I’ll consider it. Otherwise, Jace can creep on someone else with his eye.",Artifacts and Lands,https://mtgazone.com/reality-fracture-fra-limited-set-review-artifacts-and-lands/,170,https://scryfall.com/card/fra/170/eye-of-jace,https://cards.scryfall.io/normal/front/0/e/0edba64a-39cf-4a8d-ba20-4f7da10b6c3d.jpg?1789614864,0edba64a-39cf-4a8d-ba20-4f7da10b6c3d
Keeper of the Quiet Hour,Keeper of the Quiet Hour,Colorless,C,C,{3},3,Common,Artifact Creature — Chimera,3,2,,normal,,,,1.5,,"I’m really tempted to give this the extra half point and bump it up to a 2.0, but two toughness is a pretty rough place to be on a three-drop.

If this Empowered Jace for just one more, we’d be having a completely different conversation. Getting him to three immediately would let you grip an extra card right away and push this dangerously close to busted-common territory.

As printed, it gets a lot better if you already have other ways to Empower Jace and can bridge that gap. There’s definitely value here, but the fragile body and being one counter short keep me from going any higher.",Artifacts and Lands,https://mtgazone.com/reality-fracture-fra-limited-set-review-artifacts-and-lands/,171,https://scryfall.com/card/fra/171/keeper-of-the-quiet-hour,https://cards.scryfall.io/normal/front/b/6/b6331218-dbb8-44a9-8ba5-5fb1ab41c5c0.jpg?1788878239,b6331218-dbb8-44a9-8ba5-5fb1ab41c5c0
Living Library,Living Library,Colorless,C,C,{2},2,Common,Artifact Creature — Book Illusion,0,4,,normal,,,,1.5,,"This is certainly one obnoxious way to tell aggressive decks to calm down.

Early on, it’s basically a two-mana brick wall that clogs up the ground. Later, it can cash itself in to deal with their best creature or planeswalker, which is a pretty respectable second career for something that started life as a speed bump.

The problem is that aggressive decks want absolutely nothing to do with this. If you’re trying to turn creatures sideways and end the game quickly, Living Library is mostly just sitting there reading while everyone else is fighting.",Artifacts and Lands,https://mtgazone.com/reality-fracture-fra-limited-set-review-artifacts-and-lands/,172,https://scryfall.com/card/fra/172/living-library,https://cards.scryfall.io/normal/front/5/d/5d4a8e5f-0024-4da3-a2f5-edb48b12e733.jpg?1789556949,5d4a8e5f-0024-4da3-a2f5-edb48b12e733
Medic's Kitesail,Medic's Kitesail,Colorless,C,C,{2},2,Common,Artifact — Equipment,,,,normal,,,,1.5,,"This really needed to be one mana cheaper to equip or give you a free equip the turn it enters. Those tiny differences matter a ton when it comes to Equipment because paying one extra mana over and over adds up fast.

As printed, I’m happy enough to play this in a deck loaded with life gain triggers where the extra value actually matters.

Everywhere else, I’m fading it pretty hard.",Artifacts and Lands,https://mtgazone.com/reality-fracture-fra-limited-set-review-artifacts-and-lands/,173,https://scryfall.com/card/fra/173/medics-kitesail,https://cards.scryfall.io/normal/front/8/b/8b07409a-1dce-461d-95e4-1130521ff4c4.jpg?1789556945,8b07409a-1dce-461d-95e4-1130521ff4c4
Murmuring Volume,Murmuring Volume,Colorless,C,C,{3},3,Common,Artifact — Book,,,,normal,,,,1.5,,"This grade is mostly a reminder that I’m rating cards based on how they fit into the average deck.

A whole lot of decks have absolutely no interest in playing a Manalith, even if this one can rummage away whatever garbage you’re stuck with later.

Five-color soup decks and slower control piles are a completely different story. Those decks will happily scoop this up for the fixing, and the rummage gives it something useful to do once you stop caring about the extra mana.

Pretty mediocre for most decks. Quietly important for the ones that actually want it.",Artifacts and Lands,https://mtgazone.com/reality-fracture-fra-limited-set-review-artifacts-and-lands/,174,https://scryfall.com/card/fra/174/murmuring-volume,https://cards.scryfall.io/normal/front/d/6/d68eab2e-89dd-4377-b7af-01512b1804a0.jpg?1789385977,d68eab2e-89dd-4377-b7af-01512b1804a0
Dedicated Commons,Dedicated Commons,Colorless,C,WR,,0,Common,Land,,,,normal,,,,2.5,Group rating for 'Planeswalker Lands',"By now, you already know the value of a dual land in Limited. If it’s in your colors or helps enable a splash, you’re taking it over random filler while still passing it for anything actually strong.

Normally, requiring a planeswalker to be untapped would make the extra ability pretty unreliable. In Reality Fracture, though, that hurdle is about as low as it gets thanks to Empower Jace giving almost every deck access to a planeswalker.

That makes these a little more than your average fixing lands, even if you still shouldn’t be taking them over real power.",Artifacts and Lands,https://mtgazone.com/reality-fracture-fra-limited-set-review-artifacts-and-lands/,175,https://scryfall.com/card/fra/175/dedicated-commons,https://cards.scryfall.io/normal/front/3/2/3223e5db-5cc4-42f9-ae9e-ff58abc7c390.jpg?1789556950,3223e5db-5cc4-42f9-ae9e-ff58abc7c390
Deserted Beach,Deserted Beach,Colorless,C,WU,,0,Rare,Land,,,,normal,,,,3.0,Group rating for 'Rare Slow Lands',"These are going to enter untapped pretty reliably once you’re past the first couple of turns.

Even on turn one, the downside is barely a downside because most Limited decks aren’t exactly overflowing with one-drops they’re desperate to cast.

Good fixing with very little real cost attached is always something I’m happy to pick up, especially if it helps support a splash.",Artifacts and Lands,https://mtgazone.com/reality-fracture-fra-limited-set-review-artifacts-and-lands/,176,https://scryfall.com/card/fra/176/deserted-beach,https://cards.scryfall.io/normal/front/5/6/56dae4c4-3e71-4a32-979b-4e26d9c9e96c.jpg?1788878239,56dae4c4-3e71-4a32-979b-4e26d9c9e96c
Fatehold Annex,Fatehold Annex,Colorless,C,WU,,0,Common,Land,,,,normal,,,,2.5,Group rating for 'Planeswalker Lands',"By now, you already know the value of a dual land in Limited. If it’s in your colors or helps enable a splash, you’re taking it over random filler while still passing it for anything actually strong.

Normally, requiring a planeswalker to be untapped would make the extra ability pretty unreliable. In Reality Fracture, though, that hurdle is about as low as it gets thanks to Empower Jace giving almost every deck access to a planeswalker.

That makes these a little more than your average fixing lands, even if you still shouldn’t be taking them over real power.",Artifacts and Lands,https://mtgazone.com/reality-fracture-fra-limited-set-review-artifacts-and-lands/,177,https://scryfall.com/card/fra/177/fatehold-annex,https://cards.scryfall.io/normal/front/5/1/5140f962-62f3-40fd-a322-44896c7e2613.jpg?1789556955,5140f962-62f3-40fd-a322-44896c7e2613
Formidable Commons,Formidable Commons,Colorless,C,BG,,0,Common,Land,,,,normal,,,,2.5,Group rating for 'Planeswalker Lands',"By now, you already know the value of a dual land in Limited. If it’s in your colors or helps enable a splash, you’re taking it over random filler while still passing it for anything actually strong.

Normally, requiring a planeswalker to be untapped would make the extra ability pretty unreliable. In Reality Fracture, though, that hurdle is about as low as it gets thanks to Empower Jace giving almost every deck access to a planeswalker.

That makes these a little more than your average fixing lands, even if you still shouldn’t be taking them over real power.",Artifacts and Lands,https://mtgazone.com/reality-fracture-fra-limited-set-review-artifacts-and-lands/,178,https://scryfall.com/card/fra/178/formidable-commons,https://cards.scryfall.io/normal/front/e/6/e6ca6c3e-f145-42d6-8a17-90770c15afaf.jpg?1789556960,e6ca6c3e-f145-42d6-8a17-90770c15afaf
Hall of Echoes,Hall of Echoes,Colorless,C,C,,0,Rare,Land,,,,normal,,,,2.5,,"The cost of putting a colorless land in your deck is very real unless your mana base already has enough fixing to absorb it.

If you’re comfortably two colors with a couple of duals or other fixing lands, though, this goes up significantly. Getting an actual creature out of a land slot has a ton of value, especially when you’re flooding out and would otherwise be drawing blanks.

You just need to make sure your mana base can actually afford the luxury.

As the old saying goes: if you have to ask, you probably can’t afford it.",Artifacts and Lands,https://mtgazone.com/reality-fracture-fra-limited-set-review-artifacts-and-lands/,179,https://scryfall.com/card/fra/179/hall-of-echoes,https://cards.scryfall.io/normal/front/4/a/4a771010-b397-4849-ac9b-08e4dd5d6a72.jpg?1789644859,4a771010-b397-4849-ac9b-08e4dd5d6a72
Haunted Ridge,Haunted Ridge,Colorless,C,BR,,0,Rare,Land,,,,normal,,,,3.0,Group rating for 'Rare Slow Lands',"These are going to enter untapped pretty reliably once you’re past the first couple of turns.

Even on turn one, the downside is barely a downside because most Limited decks aren’t exactly overflowing with one-drops they’re desperate to cast.

Good fixing with very little real cost attached is always something I’m happy to pick up, especially if it helps support a splash.",Artifacts and Lands,https://mtgazone.com/reality-fracture-fra-limited-set-review-artifacts-and-lands/,180,https://scryfall.com/card/fra/180/haunted-ridge,https://cards.scryfall.io/normal/front/a/4/a4e4966b-8963-4fac-a8bf-e778e063c7dd.jpg?1788878241,a4e4966b-8963-4fac-a8bf-e778e063c7dd
Hexhaven Dueling Arena,Hexhaven Dueling Arena,Colorless,C,C,,0,Uncommon,Land,,,,normal,,,,1.5,,"I just talked about the very real cost of playing a colorless land with Hall of Echoes, so I don’t need to beat that horse again here.

The difference is that Hall of Echoes only asked you to have a creature before it started generating value. This one specifically needs a creature that can get Prepared, which narrows the number of decks that actually want it by quite a bit.

There are definitely builds where this can pop off and feel great. There are also plenty of decks that shouldn’t touch it with a ten-foot pole.

If your deck is built for it, go nuts. If not, don’t get cute and wreck your mana base for a dream.",Artifacts and Lands,https://mtgazone.com/reality-fracture-fra-limited-set-review-artifacts-and-lands/,181,https://scryfall.com/card/fra/181/hexhaven-dueling-arena,https://cards.scryfall.io/normal/front/9/1/9128ce00-6744-4d36-bfbe-ef75d78110b0.jpg?1789556985,9128ce00-6744-4d36-bfbe-ef75d78110b0
Innovative Commons,Innovative Commons,Colorless,C,UR,,0,Common,Land,,,,normal,,,,2.5,Group rating for 'Planeswalker Lands',"By now, you already know the value of a dual land in Limited. If it’s in your colors or helps enable a splash, you’re taking it over random filler while still passing it for anything actually strong.

Normally, requiring a planeswalker to be untapped would make the extra ability pretty unreliable. In Reality Fracture, though, that hurdle is about as low as it gets thanks to Empower Jace giving almost every deck access to a planeswalker.

That makes these a little more than your average fixing lands, even if you still shouldn’t be taking them over real power.",Artifacts and Lands,https://mtgazone.com/reality-fracture-fra-limited-set-review-artifacts-and-lands/,182,https://scryfall.com/card/fra/182/innovative-commons,https://cards.scryfall.io/normal/front/8/4/84ea799a-faa2-4ff1-a933-432d4ee31a3b.jpg?1789556991,84ea799a-faa2-4ff1-a933-432d4ee31a3b
Konstrari Annex,Konstrari Annex,Colorless,C,RG,,0,Common,Land,,,,normal,,,,2.5,Group rating for 'Planeswalker Lands',"By now, you already know the value of a dual land in Limited. If it’s in your colors or helps enable a splash, you’re taking it over random filler while still passing it for anything actually strong.

Normally, requiring a planeswalker to be untapped would make the extra ability pretty unreliable. In Reality Fracture, though, that hurdle is about as low as it gets thanks to Empower Jace giving almost every deck access to a planeswalker.

That makes these a little more than your average fixing lands, even if you still shouldn’t be taking them over real power.",Artifacts and Lands,https://mtgazone.com/reality-fracture-fra-limited-set-review-artifacts-and-lands/,183,https://scryfall.com/card/fra/183/konstrari-annex,https://cards.scryfall.io/normal/front/3/9/39c805e3-82cd-42a9-80fe-8d81712a94ea.jpg?1789556993,39c805e3-82cd-42a9-80fe-8d81712a94ea
Meticulous Commons,Meticulous Commons,Colorless,C,WB,,0,Common,Land,,,,normal,,,,2.5,Group rating for 'Planeswalker Lands',"By now, you already know the value of a dual land in Limited. If it’s in your colors or helps enable a splash, you’re taking it over random filler while still passing it for anything actually strong.

Normally, requiring a planeswalker to be untapped would make the extra ability pretty unreliable. In Reality Fracture, though, that hurdle is about as low as it gets thanks to Empower Jace giving almost every deck access to a planeswalker.

That makes these a little more than your average fixing lands, even if you still shouldn’t be taking them over real power.",Artifacts and Lands,https://mtgazone.com/reality-fracture-fra-limited-set-review-artifacts-and-lands/,184,https://scryfall.com/card/fra/184/meticulous-commons,https://cards.scryfall.io/normal/front/9/3/93ac525e-1919-43dd-aba4-073b7e4c1768.jpg?1789557002,93ac525e-1919-43dd-aba4-073b7e4c1768
Overgrown Farmland,Overgrown Farmland,Colorless,C,WG,,0,Rare,Land,,,,normal,,,,3.0,Group rating for 'Rare Slow Lands',"These are going to enter untapped pretty reliably once you’re past the first couple of turns.

Even on turn one, the downside is barely a downside because most Limited decks aren’t exactly overflowing with one-drops they’re desperate to cast.

Good fixing with very little real cost attached is always something I’m happy to pick up, especially if it helps support a splash.",Artifacts and Lands,https://mtgazone.com/reality-fracture-fra-limited-set-review-artifacts-and-lands/,185,https://scryfall.com/card/fra/185/overgrown-farmland,https://cards.scryfall.io/normal/front/1/7/178e61e4-472f-42cd-9d3b-4880c2acc527.jpg?1788878246,178e61e4-472f-42cd-9d3b-4880c2acc527
Rockfall Vale,Rockfall Vale,Colorless,C,RG,,0,Rare,Land,,,,normal,,,,3.0,Group rating for 'Rare Slow Lands',"These are going to enter untapped pretty reliably once you’re past the first couple of turns.

Even on turn one, the downside is barely a downside because most Limited decks aren’t exactly overflowing with one-drops they’re desperate to cast.

Good fixing with very little real cost attached is always something I’m happy to pick up, especially if it helps support a splash.",Artifacts and Lands,https://mtgazone.com/reality-fracture-fra-limited-set-review-artifacts-and-lands/,186,https://scryfall.com/card/fra/186/rockfall-vale,https://cards.scryfall.io/normal/front/e/3/e3c8a8b6-23ba-45ad-80d1-8e2dc79897f7.jpg?1788878243,e3c8a8b6-23ba-45ad-80d1-8e2dc79897f7
Roiling Canopy,Roiling Canopy,Colorless,C,G,,0,Rare,Land,,,,normal,,,,0.5,,"If you’re mono-green, then sure, go nuts.

Outside of that, this just isn’t doing enough to justify entering tapped. Even in a normal two-color deck, you’re probably only sitting on around seven Forests once you count this as one of your green sources and factor in a random dual land.

That means the payoff is going to be way less reliable than it looks.

Mono-green can have its fun. Everyone else should probably leave this one in the binder.",Artifacts and Lands,https://mtgazone.com/reality-fracture-fra-limited-set-review-artifacts-and-lands/,187,https://scryfall.com/card/fra/187/roiling-canopy,https://cards.scryfall.io/normal/front/d/b/db61361b-bd12-453e-abc2-bbe09b66e3d9.jpg?1789514074,db61361b-bd12-453e-abc2-bbe09b66e3d9
Room of Refuge,Room of Refuge,Colorless,C,C,,0,Common,Land,,,,normal,,,,2.5,,"This is the Room of Refuge, not refuse, because it’s pretty far from garbage.

Functionally, it fills a lot of the same role as Evolving Wilds by entering tapped and fixing your mana. The big difference is that you don’t actually need to have a basic of the splash color sitting in your deck, which can matter in some weird corner cases.

It also has the upside of eventually turning into a couple of +1/+1 counters instead of just being a land forever.

It’s not technically a dual land, but I think there’s a pretty legitimate debate over which one you’d rather have.",Artifacts and Lands,https://mtgazone.com/reality-fracture-fra-limited-set-review-artifacts-and-lands/,188,https://scryfall.com/card/fra/188/room-of-refuge,https://cards.scryfall.io/normal/front/9/a/9a467560-6676-4fc2-9400-768a79650aa4.jpg?1789557010,9a467560-6676-4fc2-9400-768a79650aa4
Shipwreck Marsh,Shipwreck Marsh,Colorless,C,UB,,0,Rare,Land,,,,normal,,,,3.0,Group rating for 'Rare Slow Lands',"These are going to enter untapped pretty reliably once you’re past the first couple of turns.

Even on turn one, the downside is barely a downside because most Limited decks aren’t exactly overflowing with one-drops they’re desperate to cast.

Good fixing with very little real cost attached is always something I’m happy to pick up, especially if it helps support a splash.",Artifacts and Lands,https://mtgazone.com/reality-fracture-fra-limited-set-review-artifacts-and-lands/,189,https://scryfall.com/card/fra/189/shipwreck-marsh,https://cards.scryfall.io/normal/front/9/e/9e944c5b-68ac-4a30-bbd4-09a4288319ce.jpg?1788878245,9e944c5b-68ac-4a30-bbd4-09a4288319ce
Stingerquill Annex,Stingerquill Annex,Colorless,C,BR,,0,Common,Land,,,,normal,,,,2.5,Group rating for 'Planeswalker Lands',"By now, you already know the value of a dual land in Limited. If it’s in your colors or helps enable a splash, you’re taking it over random filler while still passing it for anything actually strong.

Normally, requiring a planeswalker to be untapped would make the extra ability pretty unreliable. In Reality Fracture, though, that hurdle is about as low as it gets thanks to Empower Jace giving almost every deck access to a planeswalker.

That makes these a little more than your average fixing lands, even if you still shouldn’t be taking them over real power.",Artifacts and Lands,https://mtgazone.com/reality-fracture-fra-limited-set-review-artifacts-and-lands/,190,https://scryfall.com/card/fra/190/stingerquill-annex,https://cards.scryfall.io/normal/front/6/e/6ede3143-69ac-4cbe-922a-d25b07c26da7.jpg?1789557046,6ede3143-69ac-4cbe-922a-d25b07c26da7
Theorist's Sanctum,Theorist's Sanctum,Colorless,C,U,,0,Rare,Land — Island,,,,normal,,,,3.5,,"Beholding Jace is a pretty small ask in a set that has his fingerprints all over basically everything.

That makes this fairly close to an Island with a very real upside attached. Once it’s online, you can keep squeezing extra value out of your land slot by Empowering Jace turn after turn.",Artifacts and Lands,https://mtgazone.com/reality-fracture-fra-limited-set-review-artifacts-and-lands/,191,https://scryfall.com/card/fra/191/theorists-sanctum,https://cards.scryfall.io/normal/front/2/2/22db5bba-46c9-4a26-821d-303ddb386ea4.jpg?1788878256,22db5bba-46c9-4a26-821d-303ddb386ea4
Theorix Annex,Theorix Annex,Colorless,C,UB,,0,Common,Land,,,,normal,,,,2.5,Group rating for 'Planeswalker Lands',"By now, you already know the value of a dual land in Limited. If it’s in your colors or helps enable a splash, you’re taking it over random filler while still passing it for anything actually strong.

Normally, requiring a planeswalker to be untapped would make the extra ability pretty unreliable. In Reality Fracture, though, that hurdle is about as low as it gets thanks to Empower Jace giving almost every deck access to a planeswalker.

That makes these a little more than your average fixing lands, even if you still shouldn’t be taking them over real power.",Artifacts and Lands,https://mtgazone.com/reality-fracture-fra-limited-set-review-artifacts-and-lands/,192,https://scryfall.com/card/fra/192/theorix-annex,https://cards.scryfall.io/normal/front/9/7/97bbbd23-ecb1-4407-ac14-dede08532a1e.jpg?1789557008,97bbbd23-ecb1-4407-ac14-dede08532a1e
Transformative Commons,Transformative Commons,Colorless,C,UG,,0,Common,Land,,,,normal,,,,2.5,Group rating for 'Planeswalker Lands',"By now, you already know the value of a dual land in Limited. If it’s in your colors or helps enable a splash, you’re taking it over random filler while still passing it for anything actually strong.

Normally, requiring a planeswalker to be untapped would make the extra ability pretty unreliable. In Reality Fracture, though, that hurdle is about as low as it gets thanks to Empower Jace giving almost every deck access to a planeswalker.

That makes these a little more than your average fixing lands, even if you still shouldn’t be taking them over real power.",Artifacts and Lands,https://mtgazone.com/reality-fracture-fra-limited-set-review-artifacts-and-lands/,193,https://scryfall.com/card/fra/193/transformative-commons,https://cards.scryfall.io/normal/front/b/5/b57d5be7-3157-4b49-aeb8-d7368ca7e9dd.jpg?1789557014,b57d5be7-3157-4b49-aeb8-d7368ca7e9dd
Vigorbloom Annex,Vigorbloom Annex,Colorless,C,WG,,0,Common,Land,,,,normal,,,,2.5,Group rating for 'Planeswalker Lands',"By now, you already know the value of a dual land in Limited. If it’s in your colors or helps enable a splash, you’re taking it over random filler while still passing it for anything actually strong.

Normally, requiring a planeswalker to be untapped would make the extra ability pretty unreliable. In Reality Fracture, though, that hurdle is about as low as it gets thanks to Empower Jace giving almost every deck access to a planeswalker.

That makes these a little more than your average fixing lands, even if you still shouldn’t be taking them over real power.",Artifacts and Lands,https://mtgazone.com/reality-fracture-fra-limited-set-review-artifacts-and-lands/,194,https://scryfall.com/card/fra/194/vigorbloom-annex,https://cards.scryfall.io/normal/front/d/b/db8c7bdd-76cd-4be0-ae0d-d430e9a5fe7a.jpg?1789557019,db8c7bdd-76cd-4be0-ae0d-d430e9a5fe7a
Ajani Resolute,Ajani Resolute,White,W,W,{1}{W},2,Mythic,Legendary Planeswalker — Ajani,,,2,normal,,,,3.5,,"Two-mana planeswalkers are always a dangerous design space, even in Constructed, so seeing one show up in Limited immediately gets my attention.

Thankfully, Ajani isn’t going to protect himself very well right away unless you already have another source of life gain. That means a turn-two Ajani on the play is certainly scary, but it’s not an automatic “well, I guess this game is over” moment.

The ultimate also isn’t quite game-ending, and actually getting there in Limited is going to be significantly harder unless your draft comes together perfectly.

Still, this is potentially a very powerful card for only two mana.",White,https://mtgazone.com/reality-fracture-fra-limited-set-review-white/,195,https://scryfall.com/card/fra/195/ajani-resolute,https://cards.scryfall.io/normal/front/a/5/a5e1a7dd-8c49-4435-935c-bcc78704082b.jpg?1788329189,a5e1a7dd-8c49-4435-935c-bcc78704082b
"Danitha, Sword of Hope","Danitha, Sword of Hope",White,W,W,{2}{W},3,Uncommon,Legendary Creature — Human Knight,2,2,,normal,,,,2.5,,"There’s a pretty large delta on this card because it can be almost unplayable if your deck doesn’t properly support it. You really want a healthy number of cheap Equipment, Auras, combat tricks, and other spells that target your own creatures. If you can consistently trigger Danitha without going out of your way, she can turn those cards into an excellent card advantage engine without costing you much tempo.

If you only have a couple ways to trigger her, though, you’re basically looking at a 2/2 first striker for three. This is one of those cards where the rating is going to depend heavily on the deck around it. You’re going to have to make the call on which version of Danitha you’re actually getting.",White,https://mtgazone.com/reality-fracture-fra-limited-set-review-white/,196,https://scryfall.com/card/fra/196/danitha-sword-of-hope,https://cards.scryfall.io/normal/front/d/5/d5cb9810-3c2d-4ae4-b8b6-0155ca3f47ad.jpg?1789127178,d5cb9810-3c2d-4ae4-b8b6-0155ca3f47ad
Ghalta the Immovable,Ghalta the Immovable,White,W,W,{8}{W},9,Uncommon,Legendary Creature — Elder Dinosaur,0,7,,normal,,,,1.5,,"While you’ll usually be able to cast this for less than nine mana, you can’t completely ignore that massive starting cost. There are definitely going to be games where it gets stranded in your hand while you stare at it wishing it was basically anything else.

Realistically, you’re often going to have two- or three-toughness creatures helping reduce the cost, which means you’re still paying somewhere around six or seven mana for it. Functionally, a 7/7 for that price just isn’t anything to get excited about.

There will certainly be decks that can do a better job of cheating the cost down, but I’m not going out of my way to draft around it.",White,https://mtgazone.com/reality-fracture-fra-limited-set-review-white/,197,https://scryfall.com/card/fra/197/ghalta-the-immovable,https://cards.scryfall.io/normal/front/a/9/a9f3aa55-908f-42db-8135-4201433df850.jpg?1789014423,a9f3aa55-908f-42db-8135-4201433df850
Gideon's Memorial,Gideon's Memorial,White,W,W,{1}{W},2,Rare,Legendary Artifact,,,,normal,,,,1.5,,"Jace must have had beef with Gideon if he did him dirty like this. This card does a lot of different things without doing any of them particularly well.

I’m sure there are going to be decks that make a pile of creature tokens while also having a planeswalker they really want to ramp out, but I don’t see too many of those floating around. Most of the time, this is probably just going to be two mana to deal four damage to a creature that’s in combat.",White,https://mtgazone.com/reality-fracture-fra-limited-set-review-white/,198,https://scryfall.com/card/fra/198/gideons-memorial,https://cards.scryfall.io/normal/front/7/6/768c0e64-9907-417a-a763-c836fdf36883.jpg?1789127685,768c0e64-9907-417a-a763-c836fdf36883
Koth of the Homestead,Koth of the Homestead,White,W,W,{2}{W},3,Uncommon,Legendary Creature — Human Citizen,2,3,,normal,,,,3.5,,"Continuous source of life gain triggers? Check.

Pumps up your dudes whenever you play a Plains? Also check.

Does all of that for three mana? Yeah, I’ll take that deal before somebody realizes they priced it wrong.

This does exactly what the life gain deck wants while still providing plenty of value on its own. That’s the kind of uncommon I’m more than happy to build around.",White,https://mtgazone.com/reality-fracture-fra-limited-set-review-white/,199,https://scryfall.com/card/fra/199/koth-of-the-homestead,https://cards.scryfall.io/normal/front/9/2/920703fd-2a2f-454b-8829-af8f2afda4f4.jpg?1789568532,920703fd-2a2f-454b-8829-af8f2afda4f4
Liliana the Faultless,Liliana the Faultless,White,W,W,{W},1,Rare,Legendary Creature — Human Cleric,1,1,,normal,,,,4.0,,"We’re not even going to get into how messed up it is that Jace’s idealized version of his ex is literally called the Faultless. Then you read the flavor text — “All mistakes can be fixed. Even you.” — and somehow it gets even worse.

As for the actual card, this is an absurdly good one-drop. It can generate a steady stream of relevant life gain triggers while also giving you a way to protect your other creatures by pitching a card.

The catch is that Liliana can’t protect herself, which keeps her from feeling completely ridiculous.

Still, for one mana, you’re getting a lot of value packed into a very cheap package.",White,https://mtgazone.com/reality-fracture-fra-limited-set-review-white/,200,https://scryfall.com/card/fra/200/liliana-the-faultless,https://cards.scryfall.io/normal/front/7/0/70d8c400-87dc-4f15-808f-e54a95d779fc.jpg?1788329194,70d8c400-87dc-4f15-808f-e54a95d779fc
"Lyra, Archangel of Dawn","Lyra, Archangel of Dawn",White,W,W,{2}{W},3,Rare,Legendary Creature — Angel Knight,3,3,,normal,,,,3.5,,"There aren’t a ton of Angels flying around Reality Fracture, so Lyra is mostly going to be pumping herself. Fortunately, there are plenty of ways to gain life, so she shouldn’t have too much trouble getting large and in charge.

Even at the base level, though, a 3/3 flyer for three is already a perfectly solid card. Anything beyond that is just gravy.",White,https://mtgazone.com/reality-fracture-fra-limited-set-review-white/,201,https://scryfall.com/card/fra/201/lyra-archangel-of-dawn,https://cards.scryfall.io/normal/front/8/6/86a3866e-68a8-402c-baf0-1908e98e3995.jpg?1789127693,86a3866e-68a8-402c-baf0-1908e98e3995
"Rescue Girl, First Responder","Rescue Girl, First Responder",White,W,W,{2}{W},3,Uncommon,Legendary Creature — Human Cleric,1,3,,normal,,,,2.5,,"This grade is definitely assuming you have a healthy number of ETBs that you’re interested in abusing. If you do, Rescue Girl can generate some pretty nice value by letting you reuse them.

The big knock is the “only during your turn” restriction. That keeps her from doing the coolest version of this effect and actually rescuing your creatures from removal.

So she’s less of a first responder and more of a scheduled follow-up appointment, but there’s still enough value here in the right deck.",White,https://mtgazone.com/reality-fracture-fra-limited-set-review-white/,202,https://scryfall.com/card/fra/202/rescue-girl-first-responder,https://cards.scryfall.io/normal/front/6/9/699874e3-1ccf-4a6c-8371-61040de82d08.jpg?1789645598,699874e3-1ccf-4a6c-8371-61040de82d08
"Saheeli, Consul of Oversight","Saheeli, Consul of Oversight",White,W,W,{3}{W}{W},5,Uncommon,Legendary Creature — Human Advisor,4,4,,normal,,,,3.0,,"I could go on another rant about power creep here, but I’m pretty sure you’ve heard that speech enough times already.

How good Saheeli ends up being is really going to depend on how many random scrys and surveils your deck is already generating. If those effects are happening naturally, she can quietly squeeze out a ton of extra value without asking you to do anything weird.

If they aren’t, she’s still fine, just considerably less exciting. This is one of those cards where your deck is going to decide whether she’s merely solid or legitimately great.",White,https://mtgazone.com/reality-fracture-fra-limited-set-review-white/,203,https://scryfall.com/card/fra/203/saheeli-consul-of-oversight,https://cards.scryfall.io/normal/front/0/7/07572be0-6610-493c-a21e-14b78e9805c9.jpg?1789645608,07572be0-6610-493c-a21e-14b78e9805c9
"Teyo, Lightshield Expert","Teyo, Lightshield Expert",White,W,W,{1}{W},2,Uncommon,Legendary Creature — Human Cleric,1,1,,normal,,,,3.0,,"This is one of those incredibly unassuming cards that is going to cause a ridiculous number of random blowouts.

Sometimes it’s going to completely wreck a removal spell. Other times, it’ll pump a creature just enough to flip combat in your favor and make your opponent regret all of their decisions.

The fact that it leaves an extra body behind afterward is just gravy. This doesn’t look flashy, but it’s going to put in a lot more work than people expect.",White,https://mtgazone.com/reality-fracture-fra-limited-set-review-white/,204,https://scryfall.com/card/fra/204/teyo-lightshield-expert,https://cards.scryfall.io/normal/front/5/f/5f7521d7-9f1f-4f03-b2ea-dd2a1b1e4e5b.jpg?1789471515,5f7521d7-9f1f-4f03-b2ea-dd2a1b1e4e5b
"Thalia, the Survivor","Thalia, the Survivor",White,W,W,{3}{W},4,Uncommon,Legendary Creature — Human Soldier,3,4,,normal,,,,2.5,,"A 3/4 lifelinker for four is about the rate you’d expect to pay for one these days, so the baseline is perfectly acceptable.

The ability is really going to depend on your opponent’s deck. Against a spell-heavy deck, it can be downright crippling. Against a deck that’s mostly creatures, they might barely even notice it’s there.

That makes her a solid playable with some matchups where she’ll perform well above this grade.",White,https://mtgazone.com/reality-fracture-fra-limited-set-review-white/,205,https://scryfall.com/card/fra/205/thalia-the-survivor,https://cards.scryfall.io/normal/front/8/0/80226231-9e70-430e-aabc-f262f70b9226.jpg?1789127700,80226231-9e70-430e-aabc-f262f70b9226
"Tomik, Orzhov Lawmage","Tomik, Orzhov Lawmage",White,W,W,{1}{W},2,Uncommon,Legendary Creature — Human Advisor,2,1,,normal,,,,2.5,,"You really can’t go too wrong with a two-power flyer for two mana. That’s already a perfectly acceptable rate before you even start looking at the extra text.

The first ability obviously needs a planeswalker around before it matters, so I’m treating that as more of a bonus than part of the baseline. The second one is a lot easier to turn on since all it asks is that you have another creature with a +1/+1 counter hanging around.",White,https://mtgazone.com/reality-fracture-fra-limited-set-review-white/,206,https://scryfall.com/card/fra/206/tomik-orzhov-lawmage,https://cards.scryfall.io/normal/front/7/c/7ca95235-6e54-4ff8-bc2e-6a3d483ff007.jpg?1789729766,7ca95235-6e54-4ff8-bc2e-6a3d483ff007
Way of the Healer,Way of the Healer,White,W,W,{3}{W},4,Uncommon,Legendary Enchantment,,,,normal,,,,2.5,,"This is where the Empower Jace ability really starts to show its limitations. I’d be significantly higher on this card if you could get all of the value in the same turn.

Being able to make two 2/2s with a surveil or a 2/2 with a cantrip would make this a really strong modal card. Having to wait between those chunks of value holds it back quite a bit, especially if you’re playing other Empower Jace cards that are competing for the same time gating.

There’s still enough here to make it a solid playable, but it’s definitely slower and clunkier than it looks at first glance.",White,https://mtgazone.com/reality-fracture-fra-limited-set-review-white/,207,https://scryfall.com/card/fra/207/way-of-the-healer,https://cards.scryfall.io/normal/front/5/0/50326a2a-7e10-464b-a97e-e880bda0558c.jpg?1789729503,50326a2a-7e10-464b-a97e-e880bda0558c
Way of the Mentor,Way of the Mentor,White,W,W,{2}{W},3,Uncommon,Legendary Enchantment,,,,normal,,,,1.5,,"I don’t like this nearly as much as some of the other Empower Jace enchantments. It doesn’t add some cool unique ability, so the entire value of the card really comes down to how many counters you can squeeze out of it.

Gaining life isn’t especially difficult in this set, but you’re probably not going to have many planeswalkers beyond the Jace token itself. That means all of your Empower effects are competing for the same place to dump their value, and that bottleneck can get crowded pretty quickly.",White,https://mtgazone.com/reality-fracture-fra-limited-set-review-white/,208,https://scryfall.com/card/fra/208/way-of-the-mentor,https://cards.scryfall.io/normal/front/1/a/1a59d5b1-12d6-486b-bd29-ca371359addd.jpg?1789729554,1a59d5b1-12d6-486b-bd29-ca371359addd
"Yoshimaru, Beloved Companion","Yoshimaru, Beloved Companion",White,W,W,{2}{W},3,Uncommon,Legendary Creature — Dog,2,2,,normal,,,,1.5,,"I’m not saying Yoshimaru is a bad dog. He’s a very good boy. He just happens to be a slightly underwhelming Magic card.

At two mana, I’d be looking at this as a premium uncommon. At three, I need a pretty specific deck before I’m excited to put him in my 40.

That said, card grade aside, he still gets all the pets. Some things are more important than Limited efficiency.",White,https://mtgazone.com/reality-fracture-fra-limited-set-review-white/,209,https://scryfall.com/card/fra/209/yoshimaru-beloved-companion,https://cards.scryfall.io/normal/front/3/8/384f3b7d-8d7f-41bf-bebd-64e8babe7fca.jpg?1789470881,384f3b7d-8d7f-41bf-bebd-64e8babe7fca
"Yuriko, Blade of the Mighty","Yuriko, Blade of the Mighty",White,W,W,{3}{W},4,Uncommon,Legendary Creature — Human Samurai,2,3,,normal,,,,2.0,,"You never really have to worry about tricks while Yuriko is on the battlefield, so you’re free to attack with a lot more information than usual.

That double strike can also be mighty nice when you’ve got an evasive creature or some big chonker with trample rumbling into the red zone. The ceiling is definitely there, but you need the right creature around to really take advantage of it.",White,https://mtgazone.com/reality-fracture-fra-limited-set-review-white/,210,https://scryfall.com/card/fra/210/yuriko-blade-of-the-mighty,https://cards.scryfall.io/normal/front/c/c/ccbe92a5-42bc-4228-9d5a-212df2f5dc15.jpg?1789128047,ccbe92a5-42bc-4228-9d5a-212df2f5dc15
"Arni, Humble Scribe","Arni, Humble Scribe",Blue,U,U,{2}{U},3,Uncommon,Legendary Creature — Human Wizard,3,2,,normal,,,,3.0,,"Let’s start with the good. This is a looter that doesn’t cost any mana to activate, and people tend to forget just how powerful that effect can be. Arni can even loot multiple times in the same turn just for doing something you were probably planning to do anyway: playing creatures.

There are also plenty of cards in the set that generate extra value from the graveyard, along with all the self-mill shenanigans floating around. Arni lines up beautifully with that strategy because suddenly discarding a card can feel a whole lot less like a cost.

The downside is that a three-mana looter is significantly worse than a two-mana one. By turn three, you’d usually like to be developing your board with something that can actually rumble into the red zone, and Arni’s small body makes that difficult.

Still, this is a good card with the potential to become great in the right deck.",Blue,https://mtgazone.com/reality-fracture-fra-limited-set-review-blue/,211,https://scryfall.com/card/fra/211/arni-humble-scribe,https://cards.scryfall.io/normal/front/8/e/8e3a2239-9348-4639-9318-e9e35b2cf86b.jpg?1789568409,8e3a2239-9348-4639-9318-e9e35b2cf86b
"Chandra, Chill of Compliance","Chandra, Chill of Compliance",Blue,U,U,{1}{U}{U},3,Mythic,Legendary Planeswalker — Chandra,,,3,normal,,,,3.5,,"I’m pretty chill on Chandra unless you’ve managed to assemble the spells deck. If you have, she might end up performing more like a 4.5.

In a normal Limited deck, getting to surveil every turn is certainly useful, but you’re probably not going to be hitting a ton of free cards off it. She can also help protect herself from a creature, although that mode is fairly limited and starts chewing through her loyalty pretty quickly if you want it to have a meaningful impact.

So, while Chandra is solid on her own, she really needs the right deck before things start heating up.",Blue,https://mtgazone.com/reality-fracture-fra-limited-set-review-blue/,212,https://scryfall.com/card/fra/212/chandra-chill-of-compliance,https://cards.scryfall.io/normal/front/2/4/240f58ab-944c-4f4c-9df9-5f40b132bf3e.jpg?1788329242,240f58ab-944c-4f4c-9df9-5f40b132bf3e
"Fblthp, Impossibly Lost","Fblthp, Impossibly Lost",Blue,U,U,{1}{U},2,Uncommon,Legendary Creature — Homunculus,1,1,,normal,,,,1.5,,"I would windmill slam a two-mana card that draws two cards with absolutely no questions asked. Unfortunately, this one asks a few too many questions for my liking.

If you have a free attack, then it can be really good. If you don’t, then congratulations—you just played a two-mana 1/1 in 2026.

It’s not impossible that you pull off the alternate win condition, but that feels much more like a “tell your buddies about it afterward” moment than something you should actually expect to happen.",Blue,https://mtgazone.com/reality-fracture-fra-limited-set-review-blue/,213,https://scryfall.com/card/fra/213/fblthp-impossibly-lost,https://cards.scryfall.io/normal/front/a/3/a3a2edbb-d144-4670-acad-17316cea98d2.jpg?1789127697,a3a2edbb-d144-4670-acad-17316cea98d2
Geist of Saint Thalia,Geist of Saint Thalia,Blue,U,U,{1}{U},2,Uncommon,Legendary Creature — Spirit Cleric,1,2,,normal,,,,2.0,,"This is another card that’s going to have a massive range of effectiveness depending on the deck around it.

In a spell-heavy deck, this could be one of the key cards that helps pull you ahead by generating mana tempo over the course of the game. If you only have a few noncreature spells, though, you’re basically just looking at a slightly underpowered flyer.

The ceiling is definitely there, but you need the right shell to actually reach it.",Blue,https://mtgazone.com/reality-fracture-fra-limited-set-review-blue/,214,https://scryfall.com/card/fra/214/geist-of-saint-thalia,https://cards.scryfall.io/normal/front/9/c/9c334530-0880-46b5-a358-9603eee3cecf.jpg?1789128026,9c334530-0880-46b5-a358-9603eee3cecf
"Hapatra, the Desert Frost","Hapatra, the Desert Frost",Blue,U,U,{3}{U},4,Uncommon,Legendary Creature — Human Wizard,4,3,,normal,,,,3.0,,"I was torn between a 2.5 and a 3.0 on this one, but I ended up leaning a little higher.

A four-power Frost Lynx for four mana is already a solid card, but adding the ability to untap any creature pushes it over the top for me. Whether you’re using it to get around something like Infinite Coursework or just giving one of your creatures pseudo-vigilance, there’s enough versatility here to get some real work done.

It’s a little pricey, but the combination of tempo, stats, and flexibility makes me happy to play it.",Blue,https://mtgazone.com/reality-fracture-fra-limited-set-review-blue/,215,https://scryfall.com/card/fra/215/hapatra-the-desert-frost,https://cards.scryfall.io/normal/front/8/5/85faaa9d-4656-4365-871d-7cba53ed0996.jpg?1789387113,85faaa9d-4656-4365-871d-7cba53ed0996
"Jace, Reality Sculptor","Jace, Reality Sculptor",Blue,U,U,{3}{U}{U},5,Rare,Legendary Planeswalker — Jace,,,5,normal,,,,2.5,,"This version of Jace is definitely lagging behind the other one in the set.

You need to be pretty heavily blue to get much out of the first ability, and even then you’re still dealing with the built-in time gate on Empower Jace abilities. There’s value there, but it’s not exactly coming at lightning speed.

The second ability is much better at stopping an incoming horde, but it also eats up most of Jace’s starting loyalty. If you fire it off, you’d better have some kind of defensive plan ready because he’s not going to have much gas left in the tank.

The third ability feels more like a pipe dream than something I’m going to waste space doing the math for. Somebody will absolutely pull it off, just like people used to pop off Door to Nothingness.

It’ll make for a really cool story when it happens. I just wouldn’t build my game plan around expecting it.",Blue,https://mtgazone.com/reality-fracture-fra-limited-set-review-blue/,216,https://scryfall.com/card/fra/216/jace-reality-sculptor,https://cards.scryfall.io/normal/front/7/4/74087795-0b38-4fd2-9841-147583baca41.jpg?1790075861,74087795-0b38-4fd2-9841-147583baca41
"Lyra, Tolarian Archangel","Lyra, Tolarian Archangel",Blue,U,U,{1}{U}{U},3,Rare,Legendary Creature — Angel Wizard,3,3,,normal,,,,3.5,,"I’m really close to giving this a 4.0, but I’m landing here because there are going to be games where she just eats a removal spell the second she hits the battlefield.

The big question is how you’re going to trigger the extra card draw, and Lyra conveniently answers that herself. She gives you a built-in way to grip dem cards while also tossing in a bonus Angel at your end step.

If she sticks around for even a little while, things can get out of hand very quickly.",Blue,https://mtgazone.com/reality-fracture-fra-limited-set-review-blue/,217,https://scryfall.com/card/fra/217/lyra-tolarian-archangel,https://cards.scryfall.io/normal/front/a/5/a5183681-447b-4023-91f7-00e9338f4417.jpg?1789128032,a5183681-447b-4023-91f7-00e9338f4417
"Proft, Consulting Detective","Proft, Consulting Detective",Blue,U,U,{1}{U},2,Uncommon,Legendary Creature — Human Detective,2,2,,normal,,,,3.5,,"You don’t need to consult a detective to figure out that you want plenty of scry and surveil cards in your deck to maximize this.

The grade might seem a little high at first, but you’re already getting an on-rate two-drop before factoring in the upside. If your deck can reliably trigger Proft, he can start generating extra value later in the game without asking you to play cards you wouldn’t already want.

That combination of a solid floor and very real upside makes me pretty happy to take him early.",Blue,https://mtgazone.com/reality-fracture-fra-limited-set-review-blue/,218,https://scryfall.com/card/fra/218/proft-consulting-detective,https://cards.scryfall.io/normal/front/b/8/b8466593-40fe-4557-89b2-760c1c92087b.jpg?1789127178,b8466593-40fe-4557-89b2-760c1c92087b
"Ruric Thar, Biomagus","Ruric Thar, Biomagus",Blue,U,U,{4}{U}{U},6,Uncommon,Legendary Creature — Ogre Crab Wizard,4,6,,normal,,,,3.0,,"Now this is a card that really makes you feel the power creep. Back in my day, Mahamoti Djinn was a legitimate bomb. This feels like a significantly better version of that card, and somehow, we’re still only calling it solid.

That says a lot more about modern Limited than it does about Runic Thar. It’s still a big evasive threat that can take over a game if unanswered, but the bar for expensive finishers has gotten ridiculously high.",Blue,https://mtgazone.com/reality-fracture-fra-limited-set-review-blue/,219,https://scryfall.com/card/fra/219/ruric-thar-biomagus,https://cards.scryfall.io/normal/front/0/0/00af4e87-5576-4a43-9422-4c35b2b66775.jpg?1789127229,00af4e87-5576-4a43-9422-4c35b2b66775
"Samut, Tyrant of Naktamun","Samut, Tyrant of Naktamun",Blue,U,U,{1}{U},2,Rare,Legendary Creature — Human Wizard,2,1,,normal,,,,2.0,,"There are definitely going to be games where Split Second absolutely wrexxors your opponent out of nowhere. There are also going to be plenty of games where it barely changes how the card would have played out anyway.

The baseline is just good enough that I’m happy putting Samut in my deck, and the ability gives it some very real upside against anyone trying to hold up counterspells or other instant-speed nonsense.

Most of the time it’ll be fine. Every once in a while, though, somebody is going to stare at the cards in their hand and realize they don’t get to do anything about it.",Blue,https://mtgazone.com/reality-fracture-fra-limited-set-review-blue/,220,https://scryfall.com/card/fra/220/samut-tyrant-of-naktamun,https://cards.scryfall.io/normal/front/6/d/6d7d8fa7-ce69-4a8c-9af0-55571393a244.jpg?1789729644,6d7d8fa7-ce69-4a8c-9af0-55571393a244
"Tetsuko Umezawa, Fugitive","Tetsuko Umezawa, Fugitive",Blue,U,U,{1}{U},2,Uncommon,Legendary Creature — Human Rogue,1,3,,normal,,,,1.5,,"I wasn’t really expecting too many straight-up reprints in this set, but here we are.

Tetsuko saw a decent amount of play back in its original release, but there just aren’t enough creatures running around in this format that actually benefit from the ability. When it works, it can make combat incredibly annoying for your opponent, but most decks just aren’t going to have enough creatures that benefit from it to justify the slot.

That leaves it as more of a niche synergy card than something I’m actively looking to play.",Blue,https://mtgazone.com/reality-fracture-fra-limited-set-review-blue/,221,https://scryfall.com/card/fra/221/tetsuko-umezawa-fugitive,https://cards.scryfall.io/normal/front/3/9/3983d71e-3c23-4b36-b331-08e0707d8245.jpg?1789127702,3983d71e-3c23-4b36-b331-08e0707d8245
"Traxos, Academy Guardian","Traxos, Academy Guardian",Blue,U,U,{3}{U},4,Uncommon,Legendary Artifact Creature — Dragon Construct,1,5,,normal,,,,2.5,,"Casting a noncreature spell isn’t exactly asking you to solve the mysteries of the universe, and getting this thing down for two mana is an absolute bargain.

This is definitely the kind of card Sir Mix-a-Lot would approve of. That big ol’ backside can shut down attacks from both the ground and the air while still waddling into the red zone to poke in for a point or two.

It’s not flashy, but two mana for a defensive roadblock this efficient is a deal I’m perfectly happy to take.",Blue,https://mtgazone.com/reality-fracture-fra-limited-set-review-blue/,222,https://scryfall.com/card/fra/222/traxos-academy-guardian,https://cards.scryfall.io/normal/front/a/3/a349800f-b634-4e74-a9d9-185df37ad909.jpg?1789568451,a349800f-b634-4e74-a9d9-185df37ad909
Way of the Cryomancer,Way of the Cryomancer,Blue,U,U,{2}{U},3,Uncommon,Legendary Enchantment,,,,normal,,,,2.5,,"The place where this can really shine is using its ability to copy spells that also Empower Jace. That can start snowballing out of control pretty quickly if you’re able to keep the token alive.

The downside is that it does ask you to have the right mix of spells and enough protection to keep the engine going. When everything lines up, though, there’s some very real upside here.",Blue,https://mtgazone.com/reality-fracture-fra-limited-set-review-blue/,223,https://scryfall.com/card/fra/223/way-of-the-cryomancer,https://cards.scryfall.io/normal/front/8/3/838b0efb-7398-4df9-8fdf-b8af43b47938.jpg?1789014637,838b0efb-7398-4df9-8fdf-b8af43b47938
Way of the Mind Sculptor,Way of the Mind Sculptor,Blue,U,U,{4}{U},5,Uncommon,Legendary Enchantment,,,,normal,,,,1.5,,"Remember, we’re grading these based on how they fit into the average deck. At baseline, this is basically a draw two that leaves behind a couple points of Empower Jace. That’s fine, but you’re usually going to want more for five mana.

If you can find just one more point of Empower from somewhere else, though, suddenly you’re drawing another couple of cards the next turn and things can start snowballing pretty quickly.

The problem is that it needs those other Empower sources—or additional planeswalkers—to go from “fine” to actually “good.” The ceiling is definitely there, but the average deck isn’t always going to reach it.",Blue,https://mtgazone.com/reality-fracture-fra-limited-set-review-blue/,224,https://scryfall.com/card/fra/224/way-of-the-mind-sculptor,https://cards.scryfall.io/normal/front/5/8/5838af68-66c3-4fe8-ab89-0a1721b0cfeb.jpg?1789729565,5838af68-66c3-4fe8-ab89-0a1721b0cfeb
"Yargle, Goliath of Otaria","Yargle, Goliath of Otaria",Blue,U,U,{4}{U},5,Uncommon,Legendary Creature — Frog Spirit,3,9,,normal,,,,1.5,,"I can definitely see the vision of Sir Mix-a-Lot playing a bunch of these. Unless you share his appreciation for rear ends, though, you might be a little less interested.

Did I really make two big-butt jokes in one article? Don’t judge me. The material was right there.

I do love the continuation of Yargle getting completely ridiculous stat lines without any actual abilities. This version isn’t going to be dealing much damage, but it’s also going to be incredibly annoying to kill in combat outside of something with deathtouch.

That makes it a decent roadblock, but not something I’m particularly excited to spend a card on.",Blue,https://mtgazone.com/reality-fracture-fra-limited-set-review-blue/,225,https://scryfall.com/card/fra/225/yargle-goliath-of-otaria,https://cards.scryfall.io/normal/front/f/4/f45ba926-6496-4bd4-96eb-663946d56bbf.jpg?1789128043,f45ba926-6496-4bd4-96eb-663946d56bbf
"Yuriko, Hope from the Shadows","Yuriko, Hope from the Shadows",Blue,U,U,{U},1,Uncommon,Legendary Creature — Human Ninja,1,1,,normal,,,,2.0,,"This is one of those cards that reads like it should probably be a 1.0 or 1.5, but I have a feeling it’s going to play better than that.

I love one-mana tricks, and this one even leaves behind a body. The only real ask is that you have some cards in your graveyard, which shouldn’t be too difficult in most games. Even if you don’t, you can still use it to surveil and help set things up while possibly getting some sick triggers.

It’s not flashy, but there’s enough cheap utility packed in here that I think it’ll overperform its first impression.",Blue,https://mtgazone.com/reality-fracture-fra-limited-set-review-blue/,226,https://scryfall.com/card/fra/226/yuriko-hope-from-the-shadows,https://cards.scryfall.io/normal/front/4/5/45e81487-8b8c-480b-922a-eaa9edc7201d.jpg?1789127717,45e81487-8b8c-480b-922a-eaa9edc7201d
"Danitha, Spear of Agony","Danitha, Spear of Agony",Black,B,B,{2}{B},3,Uncommon,Legendary Creature — Human Knight,2,2,,normal,,,,2.0,,"You definitely don’t want to be running this if you don’t have enough ways to trigger it. Of course, if your black deck somehow doesn’t have any removal spells, you probably have bigger problems anyway.

The nice part is that instant-speed interaction can do double duty by pumping Danitha at the same time. First strike makes that especially nasty because it can turn combat into a nightmare for your opponent if you’re holding up the right backup.

The floor is pretty mediocre, but there’s enough synergy here that the right deck can make her a real pain to deal with.",Black,https://mtgazone.com/reality-fracture-fra-limited-set-review-black/,227,https://scryfall.com/card/fra/227/danitha-spear-of-agony,https://cards.scryfall.io/normal/front/6/4/6489814b-3d10-423e-988c-324740d36748.jpg?1789127194,6489814b-3d10-423e-988c-324740d36748
"Gallia, Tragic Host","Gallia, Tragic Host",Black,B,B,{1}{B},2,Uncommon,Legendary Creature — Zombie Satyr,2,1,,normal,,,,3.0,,"We all know Gallia loves to party, and apparently becoming a Zombie isn’t going to change that. She’s already a two-power menace creature for two mana, which is an easy include in basically any aggressive deck.

The party doesn’t end there, though. Gallia can crack open a Red Bull and rally back to the battlefield as long as you have another creature in the graveyard.

Since that ability works from the graveyard, you can even squeeze out some extra value if she gets milled or discarded. That gives an already solid two-drop a nice bit of resilience.",Black,https://mtgazone.com/reality-fracture-fra-limited-set-review-black/,228,https://scryfall.com/card/fra/228/gallia-tragic-host,https://cards.scryfall.io/normal/front/4/9/498fa810-8522-4020-b773-52ad404c9f65.jpg?1789385697,498fa810-8522-4020-b773-52ad404c9f65
"Garruk, Veiled Butcher","Garruk, Veiled Butcher",Black,B,B,{3}{B}{B},5,Mythic,Legendary Planeswalker — Garruk,,,5,normal,,,,4.5,,"This doesn’t read as overwhelmingly powerful, but Garruk is good in so many different situations that I’m still very high on him.

Giving something -4/-1 might not outright kill many creatures, but it will usually put them on the sidelines for a turn. The sacrifice ability is going to swing wildly depending on your opponent’s board, but turning one of your random dorks into a 4/4 can be a massive upgrade.

Then there’s the occasional Mind Rot mode, which can turn into actual factual card advantage when your opponent doesn’t have two real cards in hand.

None of the abilities look completely busted on their own, but having this many useful options on one card is exactly what makes Garruk so strong in Limited.",Black,https://mtgazone.com/reality-fracture-fra-limited-set-review-black/,229,https://scryfall.com/card/fra/229/garruk-veiled-butcher,https://cards.scryfall.io/normal/front/d/4/d48bfb8a-d135-45f3-be99-4694b4b9ab93.jpg?1788329269,d48bfb8a-d135-45f3-be99-4694b4b9ab93
Gideon the Oathless,Gideon the Oathless,Black,B,B,{2}{B},3,Rare,Legendary Creature — Human Mercenary,3,3,,normal,,,,2.5,,"Why does Jace have so much beef with all these former planeswalkers? He must really have it out for Gideon considering the guy literally sacrificed himself to save Liliana. Now we’ve got a former hero wandering around bitter and hating on everybody. Sounds like Jace is projecting a bit.

The card itself is a little disappointing considering Gideon’s legacy. Most of the time, you’re getting a 3/3 for three that can chip in for a few extra points over the course of the game.

It’s still a perfectly solid playable, just not nearly as exciting as the name and story make it sound.",Black,https://mtgazone.com/reality-fracture-fra-limited-set-review-black/,230,https://scryfall.com/card/fra/230/gideon-the-oathless,https://cards.scryfall.io/normal/front/c/9/c985b0d1-25bd-4069-aab7-a566ff27a8f6.jpg?1789127990,c985b0d1-25bd-4069-aab7-a566ff27a8f6
Liliana the Repentant,Liliana the Repentant,Black,B,B,{1}{B},2,Rare,Legendary Creature — Human Warlock,2,2,,normal,,,,3.0,,"This grade can definitely go up if your deck is built around keeping a well-stocked graveyard. The flip side is that drawing Liliana too late can make her considerably less impressive if you’re about to deck yourself.

Six mana is about one more than I really want to pay for a Reanimate spell, even if it does toss another counter onto Lili in the process.

At least you get the bear up front, so you’re not completely out of luck if you decide you don’t want to wait for her to do her necromancer thing.",Black,https://mtgazone.com/reality-fracture-fra-limited-set-review-black/,231,https://scryfall.com/card/fra/231/liliana-the-repentant,https://cards.scryfall.io/normal/front/1/e/1eb25a6c-d6b4-465d-990e-f1ab86b26b69.jpg?1788329273,1eb25a6c-d6b4-465d-990e-f1ab86b26b69
"Loot, the Anomaly","Loot, the Anomaly",Black,B,B,{2}{B},3,Uncommon,Legendary Creature — Beast Horror,-2,4,,normal,,,,1.5,,"Let me get this straight. Cards named Loot have spent a lot of time being completely busted, and this one shows up as basically a 2/4 for three mana. What happened here?

Once you hit Threshold, it turns into a sacrifice outlet, which at least gives it something to do. Even then, though, you’re only getting two extra power every time you feed something to it.

That’s not nothing, but it’s also nowhere near enough to get me excited. Not my cup of tea.

Side note: You probably don’t want to use combat tricks on Loot very often. Making his power 0 instead of a negative is no bueno.",Black,https://mtgazone.com/reality-fracture-fra-limited-set-review-black/,232,https://scryfall.com/card/fra/232/loot-the-anomaly,https://cards.scryfall.io/normal/front/4/f/4f6fd2fa-8bc8-4743-bbc8-b56475d64eff.jpg?1789568430,4f6fd2fa-8bc8-4743-bbc8-b56475d64eff
"Mabel, Bitter Recluse","Mabel, Bitter Recluse",Black,B,B,{B},1,Uncommon,Legendary Creature — Mouse Warlock,1,1,,normal,,,,2.0,,"If your deck wants a 1/1 deathtouch for one, then Mabel certainly provides that.

The other ability is much harder to evaluate because it’s going to range from doing absolutely nothing to completely wrecking someone depending on the matchup and board state. That kind of variance makes it tough to give her much credit for it in the baseline grade.

Most of the time, I’m treating this as a cheap deathtoucher with some occasional upside.",Black,https://mtgazone.com/reality-fracture-fra-limited-set-review-black/,233,https://scryfall.com/card/fra/233/mabel-bitter-recluse,https://cards.scryfall.io/normal/front/b/2/b2a412b0-2ae4-4552-bc5e-70654b6b9b4e.jpg?1789385677,b2a412b0-2ae4-4552-bc5e-70654b6b9b4e
"Massacre Girl, Most Wanted","Massacre Girl, Most Wanted",Black,B,B,{4}{B},5,Uncommon,Legendary Creature — Human Assassin,4,4,,normal,,,,2.5,,"Another legend with multiple busted previous versions showing up as a bit of a disappointment.

This is definitely better off than Loot, but five mana is still five mana, and that slot gets crowded fast. The upside is real enough that I can see this outperforming a lot of the other generic five-drops floating around.

I’m not slamming it early, but I’ll be perfectly happy to play it if my deck can actually take advantage of what it’s doing. That means it’s best home will probably be Rakdos where you can easily grow her while benefiting from all of those noncombat damage triggers.",Black,https://mtgazone.com/reality-fracture-fra-limited-set-review-black/,234,https://scryfall.com/card/fra/234/massacre-girl-most-wanted,https://cards.scryfall.io/normal/front/9/0/9028d31f-9c41-47e3-885b-6a869bca8178.jpg?1789644882,9028d31f-9c41-47e3-885b-6a869bca8178
"Proft, Sinister Mastermind","Proft, Sinister Mastermind",Black,B,B,{2}{B},3,Uncommon,Legendary Creature — Human Rogue,5,5,,normal,,,,2.0,,"Obviously, a 5/5 menace for three mana is an absurd rate. How you’re supposed to reliably hit threshold fast enough in this format is another question entirely. Dimir and Golgari can probably get it done easily while the other combinations might run into more trouble.

The fallback of discarding Proft to shrink a creature does give you something to do when he’s stuck in your hand, but I’d be much higher on that mode if it could knock off two toughness instead of one.

There’s definitely upside here, but the setup makes me nervous enough that I’m not ready to treat him like the monster his stats suggest.",Black,https://mtgazone.com/reality-fracture-fra-limited-set-review-black/,235,https://scryfall.com/card/fra/235/proft-sinister-mastermind,https://cards.scryfall.io/normal/front/d/3/d36b0e06-cb82-4c48-bf35-e76f109116f6.jpg?1789127196,d36b0e06-cb82-4c48-bf35-e76f109116f6
"Teyo, Diamondblade Mage","Teyo, Diamondblade Mage",Black,B,B,{3}{B},4,Uncommon,Legendary Creature — Human Warlock,3,1,,normal,,,,2.5,,"This is going to perform a lot better if you have a few first strikers floating around.

The +1/+1 counter can turn what your opponent thought was a fair trade into a complete disaster, and Teyo can also just give himself deathtouch when needed. A 4/2 deathtoucher feels a whole lot more appropriate for the casting cost than the base body does.",Black,https://mtgazone.com/reality-fracture-fra-limited-set-review-black/,236,https://scryfall.com/card/fra/236/teyo-diamondblade-mage,https://cards.scryfall.io/normal/front/1/0/100c3b67-0c92-4224-b5ed-67789c612df7.jpg?1789470892,100c3b67-0c92-4224-b5ed-67789c612df7
"Tinybones, Pocket Nuisance","Tinybones, Pocket Nuisance",Black,B,B,{2}{B},3,Uncommon,Legendary Creature — Skeleton Rogue,2,1,,normal,,,,2.0,,"How much discard are you realistically going to be playing? It’s not like your opponent is showing up with some dedicated cycling deck either, so that second ability is almost always just going to be one damage when Tinybones enters plus an occasional ping off a landcycler.

That basically leaves you with a Ravenous Rats that costs an extra mana in exchange for an extra point of power.

That’s fine. It’s playable. It’s also pretty obvious this card had Commander in mind long before anyone started worrying about how good it would be in Limited.",Black,https://mtgazone.com/reality-fracture-fra-limited-set-review-black/,237,https://scryfall.com/card/fra/237/tinybones-pocket-nuisance,https://cards.scryfall.io/normal/front/2/f/2f47ddf7-35b6-4205-8045-f057914c5f64.jpg?1788329294,2f47ddf7-35b6-4205-8045-f057914c5f64
Way of the Deathbringer,Way of the Deathbringer,Black,B,B,{2}{B},3,Uncommon,Legendary Enchantment,,,,normal,,,,1.5,,"I’m not going to stoop quite as low as making Mandalorian references for all of these Way cards. Maybe that is the way.

I certainly don’t mind upgrading a couple of random tokens into 4/4s. The problem is that you need all the pieces in place to make that happen while still having enough Empower Jace available to actually cash in on it.

The payoff is real, but there’s just a little too much setup involved for me to get excited about it.",Black,https://mtgazone.com/reality-fracture-fra-limited-set-review-black/,238,https://scryfall.com/card/fra/238/way-of-the-deathbringer,https://cards.scryfall.io/normal/front/1/2/12dd46b2-e892-4660-b120-55766fd4d878.jpg?1789729576,12dd46b2-e892-4660-b120-55766fd4d878
Way of the Necromancer,Way of the Necromancer,Black,B,B,{1}{B},2,Uncommon,Legendary Enchantment,,,,normal,,,,1.0,,"You need way too many things to go your way before this generates enough value to be worth the trouble. You need creatures, at least one planeswalker, and this on the battlefield. Then you need those creatures to die while your planeswalker somehow survives through everything.

I’m positive there will eventually be a game where I get absolutely ranched by this because every piece lines up perfectly. There are going to be a lot more games where my opponent plays it, it barely does anything, and they wish it had stayed in the sideboard.

That’s just too many hoops for me to want anything to do with it. This is not the way.",Black,https://mtgazone.com/reality-fracture-fra-limited-set-review-black/,239,https://scryfall.com/card/fra/239/way-of-the-necromancer,https://cards.scryfall.io/normal/front/a/0/a0ff9689-ea49-4fff-b37c-4abbaeb0f73d.jpg?1789729526,a0ff9689-ea49-4fff-b37c-4abbaeb0f73d
"Winter, Tormented Loner","Winter, Tormented Loner",Black,B,B,{2}{B},3,Uncommon,Legendary Creature — Human Warlock,0,3,,normal,,,,1.5,,"I initially read this as Tormented Loser and had a much darker writeup prepared for it. Loner is a little better, but still not exactly where one wants to be.

Oh yeah, you’re here for card reviews and not my random rambles…

Winter can sacrifice itself if you don’t have anything else lying around, but at that point you’re still paying three mana for an edict effect. That’s just not what I’m looking for.

It does have the potential to get pretty beefy on the front end, but even then it still dies to something as simple as Last Gasp or No Admittance. There’s some upside here, but not enough for me to be especially interested.",Black,https://mtgazone.com/reality-fracture-fra-limited-set-review-black/,240,https://scryfall.com/card/fra/240/winter-tormented-loner,https://cards.scryfall.io/normal/front/9/6/9670f754-f41f-45ac-8e8b-025ad2c0f66b.jpg?1789127724,9670f754-f41f-45ac-8e8b-025ad2c0f66b
"Yargle, Glutton of Urborg","Yargle, Glutton of Urborg",Black,B,B,{4}{B},5,Uncommon,Legendary Creature — Frog Spirit,9,3,,normal,,,,1.5,,"Good ol’ Yargle showing up after Yargle Day to try to Yargle your opponent in the middle of nowhere.

Honestly, you probably shouldn’t be playing this card very often, and it’s definitely closer to a 1.0 than a 2.0. It’s a big pile of stats, but for five mana it dies to almost anything and gives you absolutely no extra value when it does.",Black,https://mtgazone.com/reality-fracture-fra-limited-set-review-black/,241,https://scryfall.com/card/fra/241/yargle-glutton-of-urborg,https://cards.scryfall.io/normal/front/0/4/04c816fb-5951-4db1-8834-ed3f0b36bfe1.jpg?1789127722,04c816fb-5951-4db1-8834-ed3f0b36bfe1
Ajani Unrelenting,Ajani Unrelenting,Red,R,R,{4}{R}{R},6,Mythic,Legendary Planeswalker — Ajani,,,5,normal,,,,5.0,,"Yes, I am well aware that this costs six mana. I am also aware that it is completely busted in half.

No matter which option you choose, you get a 2/2 thrown in for free. Those 2/2s come from other planeswalkers as well since the card doesn’t actually specify Ajani so usign your Empowered Jace token gives you a dude too.

Pumping your entire team, making a dude, and giving them haste is absurd. Drawing a pile of cards while making a dude is absurd. Oh, and just in case those weren’t enough, Ajani also comes with a built-in board wipe that conveniently leaves your token creatures alone including the one it makes.

You really can’t ask for much more out of a Limited card before R&D has to come in and confiscate it.",Red,https://mtgazone.com/reality-fracture-fra-limited-set-review-red/,242,https://scryfall.com/card/fra/242/ajani-unrelenting,https://cards.scryfall.io/normal/front/b/c/bc3c096f-7f6c-474c-a2c8-75d3e6ddd6f5.jpg?1788329317,bc3c096f-7f6c-474c-a2c8-75d3e6ddd6f5
"Arni, Renowned Champion","Arni, Renowned Champion",Red,R,R,{3}{R},4,Uncommon,Legendary Creature — Human Berserker,1,5,,normal,,,,2.0,,"I feel like this could be really good at three mana, but four pushes it firmly into “depends on the deck” territory.

There are going to be builds where Arni does some serious work because you have enough large creatures to make the ability matter. There are also going to be plenty of decks that want absolutely nothing to do with him because they simply don’t have enough beef lying around.

The upside is real, but you need the right roster before this Champion actually feels renowned.",Red,https://mtgazone.com/reality-fracture-fra-limited-set-review-red/,243,https://scryfall.com/card/fra/243/arni-renowned-champion,https://cards.scryfall.io/normal/front/b/d/bd8db649-1dba-457d-8327-e1f1da1aab36.jpg?1789557035,bd8db649-1dba-457d-8327-e1f1da1aab36
"Chandra, Torch of Defiance","Chandra, Torch of Defiance",Red,R,R,{2}{R}{R},4,Mythic,Legendary Planeswalker — Chandra,,,4,normal,,,,4.5,,"I know what you’re thinking. Josh has finally lost his marbles, or someone at the old folks’ home forgot to bring him his meds.

We already know how good this card is. Chandra has been around for years, and she’s been completely ridiculous for most of that time. So by now you’re probably wondering why she didn’t get the full 5.0.

Here’s the thing: a 5.0 is relative to the set it’s in.

Chandra can either generate card advantage or protect herself. The Theorist, Jace Beleren and Ajani Unrelenting can do both at the same time, which puts them on another level.

I’m not saying I’m passing Chandra. Outside of some truly absurd double-mythic pack, I’m slamming her every single time.

I’m just saying that, somehow, Reality Fracture managed to print some planeswalkers that make Chandra, Torch of Defiance look merely excellent.",Red,https://mtgazone.com/reality-fracture-fra-limited-set-review-red/,244,https://scryfall.com/card/fra/244/chandra-torch-of-defiance,https://cards.scryfall.io/normal/front/4/0/40cb22c8-cb03-45c9-bb0e-b8cabdcc43cd.jpg?1788329325,40cb22c8-cb03-45c9-bb0e-b8cabdcc43cd
"Gallia, the Merrymaker","Gallia, the Merrymaker",Red,R,R,{1}{R},2,Uncommon,Legendary Creature — Satyr,2,1,,normal,,,,2.5,,"Ain’t no party like a Gallia party, cuz a Gallia party don’t stop.

Gallia makes sure every new attendee downs a couple of Red Bulls on the way in, pumps up the jams, and heads straight into the red zone. It does cost a couple of extra mana to hand out that boost, but Gallia is already a perfectly serviceable two-drop before she starts adding some late-game value.

That’s exactly the kind of flexibility I like out of an aggressive card.",Red,https://mtgazone.com/reality-fracture-fra-limited-set-review-red/,245,https://scryfall.com/card/fra/245/gallia-the-merrymaker,https://cards.scryfall.io/normal/front/f/2/f27d50f0-d76e-4ce1-a8d9-d997af6a5b41.jpg?1789385716,f27d50f0-d76e-4ce1-a8d9-d997af6a5b41
"Jiang Yanggu, Alone","Jiang Yanggu, Alone",Red,R,R,{4}{R},5,Uncommon,Legendary Creature — Human Berserker,4,4,,normal,,,,1.5,,"I assume we’re all just calling this guy John Wick. Something clearly happened to his dog, and now half the multiverse is about to find out why that was a terrible idea.

As a card, there’s some potential here, but it’s a little too pricey for my liking. You can only fit so many five-drops into a Limited deck, and most of the ones competing for that slot are going to be doing something more impactful than this dude.",Red,https://mtgazone.com/reality-fracture-fra-limited-set-review-red/,246,https://scryfall.com/card/fra/246/jiang-yanggu-alone,https://cards.scryfall.io/normal/front/e/8/e8c1ce21-b77d-40bf-9ed1-478604e71f5f.jpg?1789014416,e8c1ce21-b77d-40bf-9ed1-478604e71f5f
Kiora of Fire and Ashes,Kiora of Fire and Ashes,Red,R,R,{4}{R}{R},6,Uncommon,Legendary Creature — Merfolk Noble,2,2,,normal,,,,4.0,,"This is a wonderful example of just how much power creep has changed Limited over the years.

Back in my day, a 5/5 flyer for six mana was a certified bomb. You opened that thing, slammed it on the table, and started mentally filling out your Top 8 paperwork. Now they staple a 2/2 onto it and we’re supposed to say, “Yeah, seems pretty good.”.

You can even bounce the 2/2 and replay it to make another Dragon. And that’s before we get into the mana sink that lets you start cranking out even more big ol’ Dragons.

This is still a great uncommon, but it’s not quite the ridiculous bomb it would have been back in my day when we rode dinosaurs to school and a Shivan Dragon was considered a legitimate threat.",Red,https://mtgazone.com/reality-fracture-fra-limited-set-review-red/,247,https://scryfall.com/card/fra/247/kiora-of-fire-and-ashes,https://cards.scryfall.io/normal/front/0/8/08657053-86f9-4c52-abf0-d9cdd443ae3b.jpg?1789127995,08657053-86f9-4c52-abf0-d9cdd443ae3b
"Koth, the Geomancer","Koth, the Geomancer",Red,R,R,{2}{R},3,Uncommon,Legendary Creature — Human Warrior,3,2,,normal,,,,2.5,,"This can be really nice when you play it on curve, untap, drop a Mountain, and jump straight into a five-drop. That’s the kind of start that can put you comfortably ahead without doing anything especially fancy.

It can also give you some much-needed reach if you’re struggling to drag yourself across the finish line.

The problem is that Koth is a little too fragile for me to go much higher. There’s definitely value here, but I don’t love investing too much into something that can get knocked over by a stiff breeze.",Red,https://mtgazone.com/reality-fracture-fra-limited-set-review-red/,248,https://scryfall.com/card/fra/248/koth-the-geomancer,https://cards.scryfall.io/normal/front/5/4/54f64e95-5a97-4d7c-9939-7f33a3165562.jpg?1789470892,54f64e95-5a97-4d7c-9939-7f33a3165562
"Marwyn, the Clearcutter","Marwyn, the Clearcutter",Red,R,R,{R},1,Uncommon,Legendary Creature — Elf Warrior,2,1,,normal,,,,3.0,,"Savannah Lions certainly aren’t what they used to be, but they’re still a perfectly nice way to kick off a game—especially when they don’t become completely useless later.

Marwyn lets you cash in extra artifacts or lands for fresh cards once they’ve outlived their usefulness. That gives an already efficient one-drop a surprising amount of staying power.

That’s a whole lot of utility packed into something this cheap.",Red,https://mtgazone.com/reality-fracture-fra-limited-set-review-red/,249,https://scryfall.com/card/fra/249/marwyn-the-clearcutter,https://cards.scryfall.io/normal/front/f/9/f93da73c-ca8b-438e-8387-6109dac3fc1a.jpg?1789644549,f93da73c-ca8b-438e-8387-6109dac3fc1a
"Pia, Determined Rebuilder","Pia, Determined Rebuilder",Red,R,R,{2}{R},3,Uncommon,Legendary Creature — Human Artificer,2,2,,normal,,,,2.5,,"While I usually prefer my Preening Champions to have the 2/2 portion flying, I can still work with what Pia is building here.

The six-mana ability is dangerously close to being a nothing burger, but I’m sure there will be games where simply threatening the activation makes combat awkward enough to matter.

The body and extra piece are doing most of the heavy lifting, though. The ability is more of a bonus than a reason to draft her.",Red,https://mtgazone.com/reality-fracture-fra-limited-set-review-red/,250,https://scryfall.com/card/fra/250/pia-determined-rebuilder,https://cards.scryfall.io/normal/front/d/d/dd3faaf4-45ca-4714-8dbe-37102ec131cf.jpg?1789385851,dd3faaf4-45ca-4714-8dbe-37102ec131cf
"Samut, Hazoret's Champion","Samut, Hazoret's Champion",Red,R,R,{1}{R},2,Rare,Legendary Creature — Human Warrior Cleric,2,2,,normal,,,,3.0,,"This is another one where people may question how high I am on it, but giving everything haste is a legitimately game-changing effect.

The best part is that you’re not even going down a card to get it because the ability is stapled onto a perfectly serviceable Grizzly Bears. That means you can develop your board while turning every creature you draw afterward into an immediate threat.

That’s exactly the kind of nonsense I want in an aggressive creature deck.",Red,https://mtgazone.com/reality-fracture-fra-limited-set-review-red/,251,https://scryfall.com/card/fra/251/samut-hazorets-champion,https://cards.scryfall.io/normal/front/b/a/ba920f23-f05c-410e-8516-c93abedf1d4d.jpg?1789729662,ba920f23-f05c-410e-8516-c93abedf1d4d
"Tetsuko Umezawa, Pursuer","Tetsuko Umezawa, Pursuer",Red,R,R,{3}{R},4,Uncommon,Legendary Creature — Human Mercenary,2,4,,normal,,,,2.5,,"The random pings are actually pretty relevant because they punish your opponent when they inevitably start chump blocking this thing.

A double striker with prowess is already a very real threat, and once you start stacking a couple of triggers on it, Tetsuko can hit them like an RKO out of nowhere.

It’s the kind of card that looks manageable right up until combat math suddenly turns into a complete disaster. The only reason its not higher is that it dies to removal with no extra value.",Red,https://mtgazone.com/reality-fracture-fra-limited-set-review-red/,252,https://scryfall.com/card/fra/252/tetsuko-umezawa-pursuer,https://cards.scryfall.io/normal/front/d/f/df818900-ce5e-4b0d-a927-c975cbef7eda.jpg?1789128002,df818900-ce5e-4b0d-a927-c975cbef7eda
"Tomik, Izzet Sparkmage","Tomik, Izzet Sparkmage",Red,R,R,{1}{R},2,Uncommon,Legendary Creature — Human Wizard,1,2,,normal,,,,1.5,,"This feels much more like a low-end Constructed engine than something I’m especially excited about in Limited.

You can definitely bump the grade if your deck has a bunch of ways to randomly ping your opponent and keep the triggers flowing which is conveniently the plan for Rakdos. The prowess helps too, but the base body leaves quite a bit to be desired.

There’s a deck where this can do some real work. I’m just not convinced the average draft deck is going to be that deck.",Red,https://mtgazone.com/reality-fracture-fra-limited-set-review-red/,253,https://scryfall.com/card/fra/253/tomik-izzet-sparkmage,https://cards.scryfall.io/normal/front/5/c/5c5afd5f-6f37-4c3e-83f0-68fdcea98810.jpg?1789729773,5c5afd5f-6f37-4c3e-83f0-68fdcea98810
Way of the Pyromancer,Way of the Pyromancer,Red,R,R,{1}{R},2,Uncommon,Legendary Enchantment,,,,normal,,,,1.0,,"Must resist cheap Mandalorian references…well, for now. I’m 100% doing them when we hit green, but at least I’ll have the excuse of Grogu flavor when we get there.

Oh yeah, the actual card. To quote Mr. Horse: “No sir, I don’t like it.”

You only get to Empower Jace for two, which means this doesn’t even replace itself, and the ability you get for all that trouble is pretty mediocre. If I’m spending a card on one of these Way enchantments, I need a much better payoff than this.",Red,https://mtgazone.com/reality-fracture-fra-limited-set-review-red/,254,https://scryfall.com/card/fra/254/way-of-the-pyromancer,https://cards.scryfall.io/normal/front/c/1/c1a00020-7c14-4503-a057-5763704bb83e.jpg?1788878311,c1a00020-7c14-4503-a057-5763704bb83e
Way of the Warlord,Way of the Warlord,Red,R,R,{2}{R},3,Uncommon,Legendary Enchantment,,,,normal,,,,2.5,,"On its own, this can come down, pop a creature and your opponent for two damage each, and still leave you with a surveil afterward. That’s a pretty solid pile of value.

The problem is that there’s a huge difference between dealing two damage and three, especially when this also costs one more mana than No Admittance.",Red,https://mtgazone.com/reality-fracture-fra-limited-set-review-red/,255,https://scryfall.com/card/fra/255/way-of-the-warlord,https://cards.scryfall.io/normal/front/6/d/6d86e410-20c4-4248-96bf-5780ece6274a.jpg?1789729585,6d86e410-20c4-4248-96bf-5780ece6274a
"Winter, Team Player","Winter, Team Player",Red,R,R,{4}{R},5,Uncommon,Legendary Creature — Human Warrior,3,3,,normal,,,,1.5,,"Unlike Game of Thrones, Winter is not coming—at least not to my draft deck. He can play for a team, just not mine.

Terrible jokes aside, this feels like it would be a perfectly serviceable card at three mana even without convoke. The problem is that the actual payoff wants you to go wide while playing a healthy number of noncreature spells.

Those two plans don’t exactly hold hands and skip through the meadow together. I’m sure there’s a deck where everything lines up, but I’m not interested in doing that much roster construction to make an otherwise mediocre card work.",Red,https://mtgazone.com/reality-fracture-fra-limited-set-review-red/,256,https://scryfall.com/card/fra/256/winter-team-player,https://cards.scryfall.io/normal/front/d/f/df8713cd-3f4b-43ef-adbd-e37c2617c617.jpg?1789128020,df8713cd-3f4b-43ef-adbd-e37c2617c617
"Edgar, Moonlit Sovereign","Edgar, Moonlit Sovereign",Green,G,G,{3}{G}{G},5,Uncommon,Legendary Creature — Werewolf Noble,4,4,,normal,,,,3.0,,"Apparently, Edgar switched from Team Edward to Team Jacob. I could keep going with the Twilight jokes, but my wife reads these and it’s not worth the debate when I know which team she is on.

I’m a sucker for big creatures with flash because they give you a real chance to ambush an unsuspecting attacker and completely blow-up combat. That alone pushes Edgar above the usual pile of interchangeable five-drops for me.

Mana sinks aren’t as exciting as they used to be, but this one at least gives you something productive to do if you passed the turn without casting a spell. Getting to grow Edgar instead of completely wasting the mana is a nice fallback.",Green,https://mtgazone.com/reality-fracture-fra-limited-set-review-green/,257,https://scryfall.com/card/fra/257/edgar-moonlit-sovereign,https://cards.scryfall.io/normal/front/d/a/dad6afc9-8505-4cdd-bf79-e9ba4670f2bb.jpg?1789127966,dad6afc9-8505-4cdd-bf79-e9ba4670f2bb
"Fblthp, Knows the Way","Fblthp, Knows the Way",Green,G,G,{X}{G}{G},2,Uncommon,Legendary Creature — Homunculus Scout,*,2,,normal,,,,2.5,,"I’ll start by saying that I’m genuinely happy for Fblthp. After all these years, the little guy finally knows where he’s going. Easily the best change Jace made to reality.

This is going to be at its best in heavy-green multicolor nonsense decks where you’re trying to grab a pile of different basics and splash whatever shiny cards caught your eye during the draft.

If you’re just playing a normal two-color deck, though, you’re probably topping out at finding one of each basic type you need, which is a whole lot less exciting.",Green,https://mtgazone.com/reality-fracture-fra-limited-set-review-green/,258,https://scryfall.com/card/fra/258/fblthp-knows-the-way,https://cards.scryfall.io/normal/front/2/8/28fbb55a-5c9d-45ee-bf42-a84b1048f5d2.jpg?1789127976,28fbb55a-5c9d-45ee-bf42-a84b1048f5d2
"Garruk, Curse Breaker","Garruk, Curse Breaker",Green,G,G,{3}{G}{G},5,Mythic,Legendary Planeswalker — Garruk,,,5,normal,,,,5.0,,"Hey look, another planeswalker that generates card advantage while protecting itself. At this point, that seems to be the easiest way to earn a 5.0 in this set.

A 4/4 trampler for five mana that draws you a card when it enters would already be a perfectly playable Limited card. Leaving behind a planeswalker that can keep doing it over and over again is where things start getting ridiculous.

But wait, there’s more.

You can even use the ultimate the turn Garruk comes down to basically Overrun your opponent and potentially end the game on the spot.

This is good when you’re ahead, good when you’re behind, and good when the board is stalled. That’s pretty much the definition of a Limited bomb.",Green,https://mtgazone.com/reality-fracture-fra-limited-set-review-green/,259,https://scryfall.com/card/fra/259/garruk-curse-breaker,https://cards.scryfall.io/normal/front/9/0/90ca5812-ceb5-46bd-b049-aed7ff10e6af.jpg?1788329370,90ca5812-ceb5-46bd-b049-aed7ff10e6af
Ghalta the Unstoppable,Ghalta the Unstoppable,Green,G,G,{8}{G},9,Uncommon,Legendary Creature — Elder Dinosaur,8,8,,normal,,,,2.0,,"I don’t know if we’re talking Shaq-in-his-prime levels of unstoppable here. Sharptooth might be overselling himself a little considering there are plenty of cards in this set that can stop him just fine.

If you already have a 3/3 on the battlefield, you’re looking at six mana, which is right around the going rate for this kind of giant chonker these days. That’s a pretty small hoop to jump through.

The problem comes when things aren’t going according to plan. Suddenly this thing costs approximately all of your mana and spends half the game rotting in your hand. Getting him dirt cheap later sounds great, but by that point you probably already have enough mana that the discount matters a whole lot less.",Green,https://mtgazone.com/reality-fracture-fra-limited-set-review-green/,260,https://scryfall.com/card/fra/260/ghalta-the-unstoppable,https://cards.scryfall.io/normal/front/1/d/1d535b5f-c916-4f16-89a7-9477578826d2.jpg?1788878290,1d535b5f-c916-4f16-89a7-9477578826d2
"Jiang Yanggu, Never Alone","Jiang Yanggu, Never Alone",Green,G,G,{3}{G},4,Uncommon,Legendary Creature — Human Druid,2,2,,normal,,,,3.5,,"I’ve already said how much I love cards that give you more than one reasonably sized body, and this one goes a step further by giving you a total of 5/5 worth of stats for four mana. That’s just a really good rate.

The doggo even brings pseudo-vigilance along for the ride, and the rest of your tokens get to join in on the fun.

Multiple bodies, above-rate stats, and some extra utility stapled on top. That’s a package I’m very happy to take.",Green,https://mtgazone.com/reality-fracture-fra-limited-set-review-green/,261,https://scryfall.com/card/fra/261/jiang-yanggu-never-alone,https://cards.scryfall.io/normal/front/f/5/f5a0bb3e-8119-4739-8684-e61d1d607dcb.jpg?1789014406,f5a0bb3e-8119-4739-8684-e61d1d607dcb
"Loot, the Nexus","Loot, the Nexus",Green,G,G,{2}{G},3,Uncommon,Legendary Creature — Beast Noble,2,1,,normal,,,,2.5,,"Are you playing multicolor shenanigans? Then go ahead and bump this little dude up because he can fix for basically anything.

He can even double-ramp you early as long as you have another creature with a different power, which can lead to some pretty gross starts.

Would I like him more at two mana? Of course. But then we’d probably be talking about some Constructed nonsense instead of a solid Limited card.

At three, he’s still doing enough useful things that I’m happy to play him, especially in the decks trying to get a little greedy with their mana.",Green,https://mtgazone.com/reality-fracture-fra-limited-set-review-green/,262,https://scryfall.com/card/fra/262/loot-the-nexus,https://cards.scryfall.io/normal/front/3/c/3cfa4fc6-4d90-4576-a83f-6496c7f21104.jpg?1789614764,3cfa4fc6-4d90-4576-a83f-6496c7f21104
"Marwyn, the Preserver","Marwyn, the Preserver",Green,G,G,{1}{G},2,Uncommon,Legendary Creature — Elf Druid,3,2,,normal,,,,2.0,,"If only they had printed an Evolving Wilds in this set. Alas, you’re probably going to have to mill a land or two if you want to squeeze any extra value out of Marwyn.

Making your lands hexproof is about as exciting as it sounds in Limited, which is to say it’s probably not coming up very often.

The good news is that the baseline stats are perfectly acceptable for the rate. If you ever actually get a land back with this, you’re already comfortably in the green.",Green,https://mtgazone.com/reality-fracture-fra-limited-set-review-green/,263,https://scryfall.com/card/fra/263/marwyn-the-preserver,https://cards.scryfall.io/normal/front/9/0/90f33f99-7bc5-42e1-815e-bfb4c2b74107.jpg?1789644564,90f33f99-7bc5-42e1-815e-bfb4c2b74107
"Pia, Aether Ascetic","Pia, Aether Ascetic",Green,G,G,{2}{G},3,Uncommon,Legendary Creature — Human Druid,2,2,,normal,,,,1.5,,"This is dangerously close to unplayable if your deck doesn’t have any enchantments to support it.

If you do, though, Pia can be a perfectly solid contributor. You don’t even need to be doing anything especially fancy—getting to tutor up cards like Memory Trap or Infinite Coursework is already enough to make this worthwhile.

Just make sure the enchantments are actually there before you start pretending this is a real Magic card.",Green,https://mtgazone.com/reality-fracture-fra-limited-set-review-green/,264,https://scryfall.com/card/fra/264/pia-aether-ascetic,https://cards.scryfall.io/normal/front/f/f/ff0bc30f-9d20-458e-808f-bdc2825905a5.jpg?1789387120,ff0bc30f-9d20-458e-808f-bdc2825905a5
"Ruric Thar, Magecrusher","Ruric Thar, Magecrusher",Green,G,G,{5}{G}{G},7,Uncommon,Legendary Creature — Ogre Warrior,7,7,,normal,,,,2.5,,"I don’t really know why, but this just feels like it should have haste. At least it does a decent job protecting itself from pesky removal until it gets a chance to actually connect.

Vigilance and reach on something this large are a pretty big deal because your opponent can’t just shrug and try to race you in the air. Trample also helps make sure they can’t park some random 1/1 in front of it and take a leisurely stroll through Chumpblock City.

There’s a lot of useful text here, even if I’m still mildly offended it doesn’t get to smash immediately.",Green,https://mtgazone.com/reality-fracture-fra-limited-set-review-green/,265,https://scryfall.com/card/fra/265/ruric-thar-magecrusher,https://cards.scryfall.io/normal/front/e/e/eed83302-dc2c-45f4-a4bd-af9da51edef5.jpg?1789358701,eed83302-dc2c-45f4-a4bd-af9da51edef5
"Titanbones, Towering Heart","Titanbones, Towering Heart",Green,G,G,{3}{G},4,Uncommon,Legendary Creature — Skeleton Druid,4,3,,normal,,,,2.0,,"There’s going to be a massive — get it, because he’s a titan? I r clever — difference in how good this card is from deck to deck.

On its own, it’s a slightly under-statted creature that you’re probably hoping never actually makes your final 40. If you have multiple reliable ways to gain life, though, Titanbones can grow out of control surprisingly fast.

Even when everything comes together, you’re still left with one very large vanilla creature. It can be chump blocked forever or completely undone by a single removal spell.

The ceiling is certainly there, but I’m going to need a lot of life gain before I’m interested.",Green,https://mtgazone.com/reality-fracture-fra-limited-set-review-green/,266,https://scryfall.com/card/fra/266/titanbones-towering-heart,https://cards.scryfall.io/normal/front/e/d/edea6f70-a5a7-475d-b7f2-97933d0f32cf.jpg?1788329375,edea6f70-a5a7-475d-b7f2-97933d0f32cf
Way of the Paradox,Way of the Paradox,Green,G,G,{2}{G},3,Uncommon,Legendary Enchantment,,,,normal,,,,1.5,,"This is not the way.

The real paradox is why this ended up in your deck in the first place. I’m not really interested in a three mana Explore even if it has a little extra thrown in.

The life gain trigger can certainly be useful in the right shell, but tying it to a planeswalker activation makes the whole thing a lot shakier than I want. You’re already asking for multiple pieces to be in place before this starts doing anything meaningful.

There’s some synergy here, but not nearly enough for me to want to spend a card on it.",Green,https://mtgazone.com/reality-fracture-fra-limited-set-review-green/,267,https://scryfall.com/card/fra/267/way-of-the-paradox,https://cards.scryfall.io/normal/front/9/8/98dc5470-507a-4364-8480-42607255e56c.jpg?1789729606,98dc5470-507a-4364-8480-42607255e56c
Way of the Wildspeaker,Way of the Wildspeaker,Green,G,G,{4}{G},5,Uncommon,Legendary Enchantment,,,,normal,,,,3.5,,"Finally, Mando can say the line: “This is the way.”

Grogu would probably approve too, although there’s a decent chance he’s just distracted because he stole another cookie. Kids these days, am I right?

Empower seven is a massive amount of juice. You can immediately cash some of it in for a 4/4 and still have enough left over to draw a card on the next turn.

And if you have another Empower Jace card lying around, you can just keep feeding the machine and poop out another 4/4.

That’s the kind of snowball potential I actually want out of one of these Way enchantments.",Green,https://mtgazone.com/reality-fracture-fra-limited-set-review-green/,268,https://scryfall.com/card/fra/268/way-of-the-wildspeaker,https://cards.scryfall.io/normal/front/a/2/a252cb01-537b-4afe-9abc-81a98c4a1439.jpg?1789729602,a252cb01-537b-4afe-9abc-81a98c4a1439
"Yoshimaru, Scrappy Stray","Yoshimaru, Scrappy Stray",Green,G,G,{1}{G},2,Uncommon,Legendary Creature — Dog,1,1,,normal,,,,2.5,,"Someone needs to rescue this poor pup. We can’t just have Yoshimaru running the streets like this.

A fight spell is obviously worse than a bite spell, but getting the effect stapled onto a body for only two mana makes the whole package a lot more appealing. You’re getting interaction without completely sacrificing board presence, which is exactly where I want to be.

There’s even some extra value waiting around for later if you end up with spare mana.

Good dog. Solid card.",Green,https://mtgazone.com/reality-fracture-fra-limited-set-review-green/,269,https://scryfall.com/card/fra/269/yoshimaru-scrappy-stray,https://cards.scryfall.io/normal/front/b/8/b8dfd087-2434-42c6-ac4c-1decbcdde2db.jpg?1789470909,b8dfd087-2434-42c6-ac4c-1decbcdde2db
"Edgar, Ancient Bloodlord","Edgar, Ancient Bloodlord",Multicolor (White/Black),WB,WB,{W}{B},2,Uncommon,Legendary Creature — Vampire Noble,2,3,,normal,,,,3.0,,"Edgar is a wonderful little dumpster for any extra creatures you have laying around.

Feed him something you don’t need anymore and he gets bigger, gains menace, and even gives you a lifegain trigger for your troubles. That’s a pretty solid collection of upside for a creature that’s already slightly overstatted as a two-drop.

He’s not doing anything completely ridiculous, but turning your spare cardboard into a growing threat is a deal I’m happy to make.",Multicolor,https://mtgazone.com/reality-fracture-fra-limited-set-review-multicolor/,270,https://scryfall.com/card/fra/270/edgar-ancient-bloodlord,https://cards.scryfall.io/normal/front/7/c/7c619fed-2394-4efc-8cdc-6df5f51c1f57.jpg?1789127743,7c619fed-2394-4efc-8cdc-6df5f51c1f57
"Hapatra, the Desert Fang","Hapatra, the Desert Fang",Multicolor (Black/Green),BG,BG,{2}{B}{B}{G},5,Uncommon,Legendary Creature — Human Cleric,3,3,,normal,,,,3.5,,"Golgarbage has never exactly struggled to put cards into the graveyard, so turning this on shouldn’t be asking for much.

Once you do, this is basically Ravenous Chupacabra except the removal effect can even get around indestructible. That’s the kind of sentence that tends to get my attention pretty quickly.",Multicolor,https://mtgazone.com/reality-fracture-fra-limited-set-review-multicolor/,271,https://scryfall.com/card/fra/271/hapatra-the-desert-fang,https://cards.scryfall.io/normal/front/c/f/cf7c1534-af41-4991-b3c3-f0a34ae330b5.jpg?1789385991,cf7c1534-af41-4991-b3c3-f0a34ae330b5
"Karn, Gilded Guardian","Karn, Gilded Guardian",Multicolor (White/Blue/Black/Red/Green),WUBRG,WUBRG,{2/W}{2/U}{2/B}{2/R}{2/G},10,Rare,Legendary Artifact Creature — Golem,5,5,,normal,,,,1.5,,"There just aren’t that many colored artifacts in the set, so you’re probably topping out at drawing two cards off a couple of Heartwood Tokens most of the time.

Getting that value stapled onto a 5/5 with vigilance and trample certainly sounds nice, but that mana cost is asking you to jump through a whole lot of hoops. Even worse, you can do all that work and still end up drawing absolutely nothing when Karn finally hits the battlefield.",Multicolor,https://mtgazone.com/reality-fracture-fra-limited-set-review-multicolor/,272,https://scryfall.com/card/fra/272/karn-gilded-guardian,https://cards.scryfall.io/normal/front/3/a/3abcae65-5b21-4c98-adad-34b8bc76ea3a.jpg?1789014541,3abcae65-5b21-4c98-adad-34b8bc76ea3a
Kiora of Salt and Sand,Kiora of Salt and Sand,Multicolor (Blue/Green),UG,UG,{1}{G}{U},3,Uncommon,Legendary Creature — Merfolk Noble,2,4,,normal,,,,2.0,,"The body is perfectly decent, but Kiora really needs some help from the rest of your deck before she starts doing anything exciting.

Empowering Jace isn’t particularly difficult in this format, but getting all the way up to eight is a very different story. Making a Kraken sounds great, but there’s a whole lot of nonsense that has to go right before we get there.

The floor is playable. The ceiling is fun. I’m just not drafting the card assuming the Kraken factory is actually going to open.",Multicolor,https://mtgazone.com/reality-fracture-fra-limited-set-review-multicolor/,273,https://scryfall.com/card/fra/273/kiora-of-salt-and-sand,https://cards.scryfall.io/normal/front/8/1/8151f5f5-e9f6-4fbe-b543-f456ebf22aa5.jpg?1789127745,8151f5f5-e9f6-4fbe-b543-f456ebf22aa5
"Mabel, Valley Hero","Mabel, Valley Hero",Multicolor (White/Red),WR,WR,{1}{R}{W},3,Uncommon,Legendary Creature — Mouse Soldier,1,2,,normal,,,,3.0,,"Mabel usually comes in as a 2/3, which isn’t exactly where you want to be for three mana these days.

The real reason to care is everything that comes afterward. Once your future creatures start entering the battlefield bigger, Mabel starts looking a whole lot more impressive.

That’s when Mabel can actually prove they’re a Valley Hero instead of just another slightly underwhelming three-drop.",Multicolor,https://mtgazone.com/reality-fracture-fra-limited-set-review-multicolor/,274,https://scryfall.com/card/fra/274/mabel-valley-hero,https://cards.scryfall.io/normal/front/4/7/47abea4b-9848-48aa-bc1b-f04f4799e920.jpg?1790135467,47abea4b-9848-48aa-bc1b-f04f4799e920
"Saheeli, Jewel of Avishkar","Saheeli, Jewel of Avishkar",Multicolor (Blue/Red),UR,UR,{2}{U}{R},4,Uncommon,Legendary Creature — Human Artificer,2,4,,normal,,,,4.0,,"Well, this is going to get real stupid, real fast.

If you’re in Izzet, you’re probably already in the spells deck, which means untapping with Saheeli can immediately start pooping out a few hasty Thopters while you do what your deck wanted to do anyway.

The part I really love is that this isn’t restricted to once per turn. Every spell just keeps adding more nonsense to the board, and suddenly your opponent has a tiny Thopter infestation problem.",Multicolor,https://mtgazone.com/reality-fracture-fra-limited-set-review-multicolor/,275,https://scryfall.com/card/fra/275/saheeli-jewel-of-avishkar,https://cards.scryfall.io/normal/front/2/8/28d84ef6-e190-46d4-882d-1cea5e111e2a.jpg?1789644883,28d84ef6-e190-46d4-882d-1cea5e111e2a
"Tam, the Possibility","Tam, the Possibility",Multicolor (Blue/Green),UG,WUBRG,{1}{G}{U},3,Rare,Legendary Creature — Gorgon Wizard,2,4,,normal,,,,1.0,,"Is there a possibility that some deck is going to want this? Of course. That deck is probably going to be extremely rare, though.

Maybe you’re the brave soul who finally innovates the five-color Planeswalker pile and Tam becomes the glue holding your beautiful disaster together.

In most decks, though, this is just an underwhelming body whose main contribution is mucking up the ground for a while.

The possibility is there. I’m just not betting my draft on it.",Multicolor,https://mtgazone.com/reality-fracture-fra-limited-set-review-multicolor/,276,https://scryfall.com/card/fra/276/tam-the-possibility,https://cards.scryfall.io/normal/front/6/5/6529d399-677e-45a6-ac3e-12a0b10f6c37.jpg?1789644886,6529d399-677e-45a6-ac3e-12a0b10f6c37
"Vraska, Soul of Stone","Vraska, Soul of Stone",Multicolor (White/Blue/Red),WUR,WUR,{U}{R}{W},3,Rare,Legendary Creature — Gorgon Wizard,3,3,,normal,,,,3.0,,"I’m always a little wary of three-color cards in Draft. There are enough fixing lands floating around in this format to make it work, but asking for three different colors still comes with a real cost, and I’m knocking the grade down a little because of it.

The best home feels like the Izzet spells deck splashing just enough white to get Vraska online.",Multicolor,https://mtgazone.com/reality-fracture-fra-limited-set-review-multicolor/,277,https://scryfall.com/card/fra/277/vraska-soul-of-stone,https://cards.scryfall.io/normal/front/f/3/f3869752-eade-4e7a-8dd1-68cafb9e10be.jpg?1789128008,f3869752-eade-4e7a-8dd1-68cafb9e10be
"Vraska, the Cutting Glare","Vraska, the Cutting Glare",Multicolor (Black/Green),BG,BG,{B}{B}{G},3,Rare,Legendary Creature — Gorgon Assassin,4,4,,normal,,,,4.0,,"Won’t the real Vraska please stand up? This is much more in line with the Gorgon we all remember.

A 4/4 deathtouch for three mana is already a really good deal, even if it isn’t quite game-changing on its own. It’s a nice option to have when you’re curving out, assuming that pretty intense mana cost cooperates.

The real power shows up once you hit six lands and get to destroy basically any permanent. Sure, they get a Treasure, but at that stage of the game I’m not losing much sleep over it compared to them losing the best thing on their board.

Early, she’s an efficient threat. Late, she’s efficient removal stapled to an efficient threat. That’s the Vraska I signed up for.",Multicolor,https://mtgazone.com/reality-fracture-fra-limited-set-review-multicolor/,278,https://scryfall.com/card/fra/278/vraska-the-cutting-glare,https://cards.scryfall.io/normal/front/5/c/5c28b012-5efb-488f-a1c1-09e2dddfd6ee.jpg?1789127776,5c28b012-5efb-488f-a1c1-09e2dddfd6ee
"Karn, Argent Defender","Karn, Argent Defender",Colorless,C,C,{2},2,Rare,Legendary Artifact Creature — Golem,1,3,,normal,,,,1.0,,"This is dangerously close to being a sideboard-only card.

The saving grace is that the body is at least respectable on defense, so it’s not completely dead if your opponent isn’t leaning on ETBs.

The bigger issue is that the effect is symmetrical, which means Karn is perfectly willing to ruin your day right alongside your opponent’s. Make sure you’re not shutting off half your own deck in the process.

Useful in the right matchup. Pretty embarrassing everywhere else.",Artifacts and Lands,https://mtgazone.com/reality-fracture-fra-limited-set-review-artifacts-and-lands/,279,https://scryfall.com/card/fra/279/karn-argent-defender,https://cards.scryfall.io/normal/front/1/e/1ebbbddb-2dc3-4194-b72b-13bcebe2ab89.jpg?1788878301,1ebbbddb-2dc3-4194-b72b-13bcebe2ab89
"Traxos, Scourge Eternal","Traxos, Scourge Eternal",Colorless,C,C,{4},4,Uncommon,Legendary Artifact Creature — Dragon Construct,5,4,,normal,,,,2.0,,"The stats are solid, and triggering the untap should be incredibly easy in almost any Limited deck.

Because of that, I’m barely even treating the drawback like a drawback. Most of the time, Traxos is going to play more like a creature with pseudo-vigilance than something you actually have to work around.

Nothing spectacular, but that’s a whole lot of body for the rate without much of a hoop to jump through.",Artifacts and Lands,https://mtgazone.com/reality-fracture-fra-limited-set-review-artifacts-and-lands/,280,https://scryfall.com/card/fra/280/traxos-scourge-eternal,https://cards.scryfall.io/normal/front/0/5/05102c46-96f8-44a0-a1e6-e388fa5e0841.jpg?1789557046,05102c46-96f8-44a0-a1e6-e388fa5e0841
